order_id,product_category,payment_method,price_inr,discount_pct,customer_tenure_days,num_previous_returns,delivery_days,quantity,customer_age,order_value_inr,customer_rating,returned
100000,Grocery,Credit Card,1673.91,67.77,2219,0,8,3,47,1618.5,1.2,1
100001,Home,COD,508.16,50.12,2384,2,1,2,51,506.94,3.1,0
100002,Footwear,Debit Card,968.74,56.88,2180,1,11,1,48,417.72,2.4,0
100003,Books,COD,803.94,55.53,1814,1,14,2,66,715.02,1.3,0
100004,Electronics,COD,608.63,51.5,1136,0,2,4,54,1180.74,,0
100005,Footwear,Credit Card,1377.95,52.6,533,0,6,2,20,1306.3,,0
100006,Grocery,Debit Card,171.67,65.06,2285,0,3,2,28,119.96,4.3,0
100007,Grocery,UPI,1040.66,63.99,1340,0,3,2,43,749.48,2.5,0
100008,Electronics,UPI,1246.09,26.55,1146,1,12,4,41,3661.01,3.7,0
100009,Home,UPI,451.5,2.17,996,0,2,3,28,1325.11,3.8,0
100010,Fashion,UPI,4494.34,2.71,568,2,2,3,45,13117.63,3.2,0
100011,Footwear,UPI,832.5,31.26,974,0,6,3,45,1716.78,,1
100012,Beauty,COD,1107.67,58.45,2001,2,5,2,41,920.47,2.7,0
100013,Grocery,Debit Card,833.99,59.33,1413,0,14,4,62,1356.73,2.6,0
100014,Home,COD,1254.82,28.31,1006,1,6,3,37,2698.74,2.2,0
100015,Fashion,COD,3814.31,21.11,297,2,8,1,58,3009.11,,0
100016,Beauty,COD,9685.77,35.46,1054,0,2,2,54,12502.39,2.4,0
100017,Electronics,UPI,2432.1,58.28,561,1,5,4,68,4058.69,2.9,0
100018,Grocery,UPI,3198.36,44.55,1012,2,3,2,51,3546.98,1.5,0
100019,Beauty,UPI,5287.72,9.79,399,2,6,4,43,19080.21,4.6,0
100020,Grocery,Wallet,1634.51,25.36,2371,0,5,4,18,4879.99,1.0,0
100021,Fashion,UPI,4704.15,38.88,459,1,2,4,52,11500.71,1.9,0
100022,Footwear,COD,2524.81,37.68,336,0,8,4,45,6293.85,3.7,1
100023,Footwear,UPI,1502.96,58.14,1648,0,8,1,64,629.14,4.3,0
100024,Grocery,UPI,1772.72,65.25,879,1,8,1,48,616.02,2.9,0
100025,Electronics,UPI,311.96,7.03,2490,0,6,2,54,580.06,3.4,0
100026,Home,COD,1692.05,15.71,1028,0,8,2,65,2852.46,,0
100027,Electronics,COD,389.55,27.45,1638,0,11,4,68,1130.47,4.8,1
100028,Electronics,UPI,364.96,20.75,2090,2,4,4,29,1156.92,3.6,0
100029,Books,COD,1562.91,28.58,2462,2,3,4,30,4464.92,1.5,0
100030,Books,Credit Card,549.35,2.85,2029,1,10,4,58,2134.77,3.9,0
100031,Footwear,Credit Card,1331.83,4.62,1455,1,2,1,25,1270.3,,0
100032,Fashion,COD,1496.3,58.69,2041,1,5,3,60,1854.36,2.6,1
100033,Fashion,COD,1550.67,7.18,729,0,9,4,25,5757.33,3.0,0
100034,Home,Wallet,649.82,57.69,2179,0,9,4,36,1099.76,3.9,1
100035,Electronics,UPI,2748.87,21.46,2184,0,11,4,62,8635.85,5.0,1
100036,Electronics,UPI,1247.14,21.65,978,0,7,4,25,3908.54,2.5,0
100037,Home,COD,1906.19,7.05,195,0,7,4,20,7087.21,3.7,0
100038,Fashion,COD,514.32,0.93,1721,0,1,1,57,509.54,,0
100039,Books,Credit Card,1161.35,24.87,282,0,12,2,60,1745.04,1.7,0
100040,Home,Credit Card,3222.25,58.47,72,2,4,4,57,5352.8,3.6,0
100041,Grocery,COD,2910.68,64.4,2370,1,12,3,42,3108.61,,0
100042,Books,UPI,707.8,4.31,1432,0,10,2,57,1354.59,,0
100043,Fashion,Wallet,865.71,2.16,1635,1,13,3,53,2541.03,2.9,0
100044,Grocery,Credit Card,607.32,11.12,2204,1,13,1,37,539.79,3.6,0
100045,Grocery,Credit Card,792.24,53.64,2324,1,6,2,56,734.56,4.2,0
100046,Fashion,Credit Card,437.36,14.34,2392,0,6,4,28,1498.57,1.9,0
100047,Fashion,COD,1199.26,16.16,358,1,13,4,40,4021.84,,0
100048,Books,COD,2222.77,62.23,830,0,13,3,61,2518.62,3.6,1
100049,Electronics,Credit Card,714.77,61.25,1927,0,10,2,25,553.95,1.1,0
100050,Electronics,Credit Card,1245.78,46.92,101,1,13,2,39,1322.52,4.3,0
100051,Electronics,Credit Card,1122.82,11.48,609,1,9,1,50,993.92,2.2,1
100052,Grocery,UPI,3115.34,26.68,1301,1,1,4,49,9136.67,1.4,0
100053,Books,COD,821.17,16.53,878,1,8,4,67,2741.72,4.1,1
100054,Books,COD,845.41,47.03,456,0,6,3,52,1343.44,1.9,1
100055,Grocery,COD,680.74,54.6,2250,3,1,2,19,618.11,2.6,1
100056,Home,COD,539.15,9.95,1136,1,8,1,69,485.5,2.7,0
100057,Beauty,Debit Card,2045.4,62.86,1045,1,8,1,29,759.66,4.3,0
100058,Electronics,UPI,1202.2,32.4,1653,0,11,2,48,1625.37,2.1,0
100059,Electronics,UPI,1399.47,55.65,1686,0,11,4,63,2482.66,3.5,0
100060,Books,Debit Card,3713.44,3.61,1246,1,5,2,49,7158.77,5.0,0
100061,Home,Credit Card,3888.06,25.24,2221,0,14,4,21,11626.85,3.4,0
100062,Beauty,COD,358.89,1.03,761,0,7,1,36,355.19,,0
100063,Grocery,Credit Card,2249.06,50.29,2181,1,7,4,18,4472.03,2.1,0
100064,Beauty,COD,1604.42,5.56,2174,1,3,1,39,1515.21,3.1,0
100065,Beauty,UPI,925.86,23.68,52,0,14,2,63,1413.23,2.3,0
100066,Beauty,Credit Card,1740.88,54.72,1894,0,6,1,31,788.27,3.1,0
100067,Fashion,COD,336.6,52.43,420,0,3,3,57,480.36,3.2,1
100068,Electronics,COD,4316.13,44.82,1229,1,12,1,20,2381.64,,0
100069,Home,COD,2022.23,48.58,2298,1,14,1,31,1039.83,3.5,1
100070,Fashion,UPI,670.38,45.59,513,0,3,2,47,729.51,3.8,0
100071,Home,COD,838.55,44.89,1419,0,9,1,68,462.12,1.9,0
100072,Footwear,COD,342.92,24.48,1950,1,13,2,50,517.95,2.7,0
100073,Fashion,COD,1041.93,1.97,1216,1,10,2,55,2042.81,,0
100074,Electronics,UPI,910.34,30.93,223,0,7,4,58,2515.09,4.0,0
100075,Fashion,Credit Card,464.01,3.18,191,0,9,3,24,1347.76,1.7,0
100076,Fashion,Debit Card,2493.3,32.82,1309,0,2,2,67,3350.0,,0
100077,Books,Credit Card,3719.85,32.49,91,0,14,3,41,7533.81,3.6,0
100078,Beauty,COD,1310.43,12.51,68,0,8,1,34,1146.5,2.8,0
100079,Grocery,UPI,1048.88,54.9,2384,1,1,1,62,473.04,2.6,0
100080,Books,COD,1896.92,49.29,1346,1,5,1,43,961.93,1.1,0
100081,Home,COD,1318.55,39.17,1200,1,6,4,52,3208.3,,0
100082,Grocery,Debit Card,563.55,64.81,277,1,14,3,37,594.94,1.7,0
100083,Electronics,COD,794.61,20.1,1972,1,13,4,48,2539.57,1.1,0
100084,Electronics,COD,1056.64,18.34,1290,0,5,4,25,3451.41,,0
100085,Electronics,UPI,1633.61,12.84,573,1,3,1,39,1423.85,4.3,0
100086,Books,Credit Card,1349.47,38.11,1889,0,1,1,41,835.19,4.6,0
100087,Home,COD,1584.93,14.38,615,0,8,4,30,5428.07,,0
100088,Electronics,COD,395.49,60.82,1272,0,7,3,65,464.86,2.1,0
100089,Home,UPI,2280.56,21.3,1413,1,8,3,49,5384.4,1.4,0
100090,Electronics,COD,1343.1,34.37,719,3,4,1,63,881.48,4.6,1
100091,Books,COD,10323.39,37.07,2193,1,12,3,25,19489.53,1.3,1
100092,Home,Debit Card,982.3,21.54,1767,1,8,4,40,3082.85,4.7,1
100093,Fashion,Debit Card,1735.01,51.69,742,2,13,2,60,1676.37,3.6,1
100094,Fashion,Wallet,12879.28,48.45,416,3,4,3,26,19917.81,,1
100095,Beauty,Credit Card,1564.42,53.26,842,1,4,3,28,2193.63,1.9,0
100096,Fashion,COD,1268.89,42.41,1179,1,9,4,66,2923.02,3.4,0
100097,Electronics,Credit Card,608.17,32.21,1390,1,10,1,24,412.28,1.4,0
100098,Electronics,Debit Card,4548.77,31.42,1018,2,5,4,41,12478.19,,0
100099,Footwear,COD,529.92,50.16,128,1,8,3,21,792.34,3.4,0
100100,Footwear,Debit Card,1885.03,26.39,1700,1,8,4,35,5550.28,,0
100101,Books,COD,917.04,30.61,965,2,10,2,60,1272.67,3.6,0
100102,Fashion,UPI,1151.17,11.46,858,4,9,1,36,1019.25,4.9,0
100103,Footwear,UPI,428.74,47.57,1404,3,3,1,42,224.79,3.0,1
100104,Grocery,Credit Card,3922.57,5.38,2093,0,2,2,65,7423.07,3.2,0
100105,Books,Wallet,1072.52,69.34,41,1,4,3,38,986.5,1.3,0
100106,Home,Wallet,506.7,10.06,2403,1,2,2,49,911.45,1.4,0
100107,Fashion,COD,3648.8,26.81,1605,1,8,2,45,5341.11,1.7,0
100108,Electronics,Credit Card,894.88,16.64,1380,0,8,4,55,2983.89,1.5,0
100109,Footwear,Debit Card,1750.55,20.35,155,1,1,3,48,4182.94,1.5,0
100110,Home,COD,2625.78,22.57,1786,2,12,3,61,6099.42,2.0,1
100111,Fashion,Credit Card,1957.12,50.28,1808,2,11,3,63,2919.24,2.1,1
100112,Fashion,COD,231.06,12.37,1414,2,7,4,69,809.91,,0
100113,Beauty,Wallet,2336.21,18.47,2010,0,3,1,35,1904.71,2.9,0
100114,Electronics,Credit Card,1235.84,7.08,2101,1,3,4,27,4593.37,4.7,0
100115,Footwear,UPI,1029.45,23.2,2101,1,14,4,27,3162.47,2.4,0
100116,Grocery,Credit Card,1227.51,65.89,837,0,4,2,58,837.41,1.3,0
100117,Books,COD,369.43,26.61,1693,2,13,2,63,542.25,,1
100118,Home,UPI,1562.02,54.41,171,0,10,1,30,712.12,4.4,0
100119,Beauty,COD,449.66,32.32,1417,3,9,3,42,912.99,,0
100120,Beauty,COD,1065.64,31.47,390,0,12,2,19,1460.57,1.3,1
100121,Beauty,Credit Card,1517.79,57.68,789,1,13,2,48,1284.66,4.5,0
100122,Electronics,Debit Card,3162.85,1.88,1701,1,4,3,54,9310.17,4.7,0
100123,Home,COD,695.28,60.54,1078,1,14,1,26,274.36,5.0,0
100124,Electronics,COD,4278.12,33.96,2162,0,2,1,66,2825.27,2.6,0
100125,Home,COD,2856.87,24.58,245,1,11,4,62,8618.61,1.5,1
100126,Fashion,COD,950.01,63.48,2430,0,6,1,67,346.94,,0
100127,Electronics,COD,551.7,23.79,1776,1,9,4,66,1681.8,3.3,0
100128,Electronics,Credit Card,421.98,68.44,1093,2,12,3,22,399.53,1.2,0
100129,Beauty,COD,1664.7,65.54,90,0,7,2,41,1147.31,2.1,0
100130,Electronics,COD,742.61,18.75,133,2,2,3,40,1810.11,4.8,0
100131,Footwear,Debit Card,3496.39,23.84,1051,1,12,2,19,5325.7,1.2,0
100132,Beauty,UPI,777.73,56.85,1443,0,2,2,66,671.18,1.6,0
100133,Fashion,COD,651.62,13.69,1280,0,10,3,19,1687.24,3.3,0
100134,Beauty,COD,1614.69,51.24,764,1,7,4,54,3149.29,4.8,0
100135,Electronics,COD,773.68,9.04,1635,0,7,1,33,703.74,4.8,0
100136,Footwear,Wallet,1348.62,14.39,1547,1,4,3,49,3463.66,2.0,0
100137,Home,COD,2947.73,35.04,877,2,8,4,43,7659.38,3.5,0
100138,Grocery,COD,1471.13,52.21,834,0,3,1,29,703.05,,0
100139,Electronics,Credit Card,1475.53,51.76,1123,0,4,1,40,711.8,3.5,0
100140,Home,COD,1578.32,42.62,1865,0,7,3,54,2716.92,1.9,1
100141,Home,COD,345.68,19.05,1480,0,12,1,47,279.83,3.8,0
100142,Footwear,COD,1832.56,29.08,343,1,8,4,29,5198.61,3.0,0
100143,Beauty,Debit Card,1522.25,17.23,2310,1,13,1,31,1259.97,3.0,0
100144,Home,Debit Card,2736.18,19.39,529,0,4,3,54,6616.9,3.0,0
100145,Fashion,Debit Card,2174.71,22.63,1689,0,1,2,28,3365.15,1.5,0
100146,Fashion,UPI,1139.61,41.92,71,0,5,4,48,2647.54,4.2,0
100147,Home,COD,3059.22,14.53,658,2,2,4,68,10458.86,2.4,0
100148,Home,UPI,1059.86,2.98,1424,1,8,4,47,4113.1,1.7,0
100149,Electronics,UPI,1632.27,48.47,2122,1,14,3,32,2523.33,2.8,1
100150,Grocery,UPI,1044.28,1.53,1420,1,7,1,52,1028.3,3.6,0
100151,Footwear,UPI,1937.99,67.95,166,0,3,1,67,621.13,3.2,0
100152,Electronics,Credit Card,991.09,24.52,2390,1,9,2,51,1496.15,4.3,0
100153,Beauty,COD,5004.24,0.46,702,1,11,1,47,4981.22,4.4,1
100154,Electronics,Credit Card,6727.04,61.92,930,0,13,4,49,10246.63,3.5,0
100155,Books,COD,2694.99,41.99,297,1,7,2,21,3126.73,3.2,0
100156,Fashion,Credit Card,4596.44,57.22,1749,1,6,2,19,3932.71,3.3,0
100157,Books,COD,390.97,30.45,1134,0,8,3,48,815.76,2.6,0
100158,Books,COD,429.62,24.79,572,0,3,3,42,969.35,2.9,0
100159,Grocery,UPI,1035.62,45.86,1603,2,2,3,69,1682.05,3.1,1
100160,Electronics,Debit Card,1384.35,28.42,514,0,11,3,42,2972.75,4.2,0
100161,Footwear,Debit Card,1143.03,38.93,1341,0,2,1,61,698.05,4.0,1
100162,Fashion,COD,360.07,19.45,1669,2,10,2,52,580.07,,1
100163,Electronics,Debit Card,3365.3,23.29,2033,2,9,4,33,10326.09,4.9,1
100164,Beauty,UPI,7505.25,5.75,1746,1,7,3,62,21221.09,4.9,0
100165,Fashion,Debit Card,3732.34,54.7,1431,0,6,3,22,5072.25,2.1,0
100166,Grocery,Debit Card,3192.05,24.42,113,2,14,4,54,9650.21,5.0,1
100167,Grocery,Credit Card,1605.03,68.25,604,0,12,4,41,2038.39,3.1,1
100168,Fashion,COD,682.39,18.18,1457,0,3,1,55,558.33,,0
100169,Footwear,Debit Card,1419.45,33.25,1354,1,14,3,23,2842.45,3.9,0
100170,Fashion,Wallet,7218.99,21.39,1348,0,2,4,28,22699.39,1.2,0
100171,Home,Credit Card,1010.71,48.57,1846,0,12,2,33,1039.62,3.8,1
100172,Fashion,Credit Card,930.79,56.59,2265,1,6,1,47,404.06,4.3,0
100173,Footwear,Credit Card,3248.16,34.09,1272,0,6,1,65,2140.86,2.4,0
100174,Electronics,Credit Card,3425.32,25.68,362,1,8,3,65,7637.09,2.3,1
100175,Electronics,Wallet,679.72,52.13,1121,0,7,4,51,1301.53,2.1,0
100176,Home,UPI,1086.6,13.4,654,0,2,3,23,2822.99,2.6,0
100177,Footwear,Credit Card,896.48,41.96,1336,0,3,1,58,520.32,3.3,0
100178,Footwear,Credit Card,1416.23,51.35,1486,2,11,2,62,1377.99,4.0,0
100179,Books,Credit Card,3238.77,18.85,1383,0,10,2,46,5256.52,4.5,0
100180,Footwear,COD,704.0,45.9,1466,0,6,4,21,1523.46,,0
100181,Footwear,Credit Card,3202.64,51.47,797,2,7,3,26,4662.72,2.9,0
100182,Home,UPI,1452.91,8.22,466,0,6,1,59,1333.48,2.5,1
100183,Fashion,Debit Card,8612.36,22.67,2139,2,13,3,25,19979.81,3.4,0
100184,Grocery,COD,1728.6,28.44,1021,0,1,3,35,3710.96,1.6,0
100185,Books,UPI,1239.5,54.32,542,0,10,3,57,1698.61,2.9,0
100186,Fashion,UPI,2121.27,39.73,2488,1,5,2,25,2556.98,3.0,0
100187,Electronics,COD,1022.78,31.47,111,0,3,3,40,2102.73,3.5,0
100188,Books,Debit Card,318.55,22.31,885,2,3,2,53,494.96,1.3,1
100189,Fashion,Debit Card,1104.98,0.28,1861,1,6,1,43,1101.89,2.7,0
100190,Footwear,UPI,1091.13,1.42,1044,1,3,4,63,4302.54,4.0,0
100191,Fashion,COD,374.71,16.83,2110,2,10,3,27,934.94,4.1,0
100192,Electronics,COD,1263.41,8.17,916,1,5,3,47,3480.57,3.2,0
100193,Grocery,Credit Card,256.29,8.37,1617,0,13,4,36,939.35,4.5,0
100194,Electronics,COD,1014.2,42.19,1085,3,3,3,47,1758.93,4.0,0
100195,Electronics,Credit Card,1627.62,42.38,1188,1,5,1,24,937.83,4.2,0
100196,Beauty,UPI,1447.51,3.13,1259,0,6,4,53,5608.81,4.2,0
100197,Footwear,COD,964.05,41.58,2438,3,10,1,28,563.2,3.9,0
100198,Electronics,Credit Card,1250.85,10.21,1906,0,5,3,60,3369.41,4.4,0
100199,Fashion,Wallet,715.33,26.41,945,0,3,4,64,2105.65,1.4,0
100200,Grocery,Credit Card,1351.07,69.28,1059,0,6,2,35,830.1,3.0,0
100201,Footwear,Credit Card,1403.14,36.54,1032,2,13,2,55,1780.87,4.3,0
100202,Home,Debit Card,651.84,2.39,1848,1,12,4,46,2545.04,1.4,0
100203,Electronics,COD,1659.31,24.34,1490,2,9,2,62,2510.87,1.6,0
100204,Electronics,COD,1651.04,46.96,1350,1,14,4,66,3502.85,2.6,0
100205,Fashion,Debit Card,1172.66,15.72,1093,1,11,2,63,1976.64,3.3,0
100206,Electronics,Credit Card,9291.34,67.51,1014,0,11,1,31,3018.76,3.9,0
100207,Books,COD,1196.84,29.77,1401,1,6,3,48,2521.62,3.2,0
100208,Electronics,COD,1071.28,1.48,2083,0,7,2,22,2110.85,1.9,0
100209,Home,UPI,955.36,37.84,2417,1,14,3,33,1781.56,4.4,0
100210,Books,COD,616.0,47.33,180,1,13,2,36,648.89,2.1,1
100211,Beauty,UPI,2318.6,31.92,616,0,11,4,43,6314.01,4.4,0
100212,Electronics,Credit Card,773.56,64.97,1722,1,2,2,61,541.96,3.0,0
100213,Grocery,Debit Card,850.34,63.14,396,0,3,2,18,626.87,1.2,0
100214,Books,COD,870.8,9.73,1537,0,7,3,43,2358.21,2.9,1
100215,Books,COD,609.14,5.6,1076,1,8,2,60,1150.06,,0
100216,Electronics,Credit Card,330.01,21.86,501,0,9,2,29,515.74,4.5,0
100217,Electronics,Debit Card,924.87,42.57,1274,1,4,3,59,1593.46,3.3,0
100218,Footwear,COD,2693.69,42.11,1287,0,11,2,22,3118.75,5.0,1
100219,Fashion,Credit Card,1568.04,19.02,1791,0,12,2,44,2539.6,2.5,1
100220,Fashion,Credit Card,4667.88,66.58,2069,0,3,2,69,3120.01,2.0,0
100221,Home,COD,2442.47,21.51,2389,0,11,3,37,5751.28,2.8,0
100222,Books,Debit Card,2036.87,56.29,1114,1,3,2,51,1780.63,3.6,0
100223,Footwear,COD,6039.76,58.24,1731,0,7,3,26,7566.61,,0
100224,Fashion,Credit Card,1239.28,6.89,1974,0,13,1,39,1153.89,1.4,0
100225,Footwear,COD,1408.75,16.28,2468,1,5,4,21,4717.62,3.5,0
100226,Electronics,Credit Card,1327.2,15.06,1636,0,10,4,24,4509.29,2.5,0
100227,Beauty,COD,4605.61,64.38,638,1,12,1,34,1640.52,4.1,0
100228,Beauty,Credit Card,1342.13,24.58,874,0,7,1,69,1012.23,2.1,0
100229,Electronics,Credit Card,797.42,58.55,545,0,12,1,66,330.53,2.7,0
100230,Electronics,UPI,2143.38,33.46,518,0,9,1,21,1426.21,3.1,0
100231,Home,Credit Card,697.14,32.01,787,1,8,4,21,1895.94,4.8,0
100232,Footwear,UPI,2052.42,63.24,1260,0,2,1,53,754.47,1.0,0
100233,Beauty,COD,1865.11,30.86,1974,1,11,3,67,3868.61,1.9,0
100234,Footwear,Credit Card,1151.11,52.14,749,1,5,2,44,1101.84,1.4,0
100235,Grocery,COD,2106.22,29.71,490,0,4,1,45,1480.46,5.0,1
100236,Home,Credit Card,407.39,7.13,342,1,13,1,49,378.34,1.5,0
100237,Grocery,Debit Card,1525.95,3.72,514,2,5,4,40,5876.74,,0
100238,Electronics,UPI,924.99,14.58,1098,0,6,3,56,2370.38,3.1,0
100239,Electronics,Debit Card,13224.29,50.56,1046,2,14,3,24,19614.27,4.1,0
100240,Grocery,Debit Card,1517.26,26.16,1015,1,5,1,21,1120.34,2.2,0
100241,Grocery,COD,831.21,31.79,814,0,11,2,21,1133.94,2.9,0
100242,Fashion,COD,444.68,7.13,1149,2,8,3,29,1238.92,,0
100243,Home,UPI,3805.97,43.61,1626,2,2,4,46,8584.75,1.4,0
100244,Beauty,COD,1012.29,56.24,139,0,9,3,31,1328.93,3.5,0
100245,Footwear,COD,711.17,43.73,2228,1,7,3,49,1200.53,4.8,1
100246,Beauty,UPI,1752.92,68.92,784,1,11,3,18,1634.42,1.5,0
100247,Home,Wallet,2252.45,1.14,372,1,6,2,40,4453.54,4.4,0
100248,Fashion,Debit Card,2224.22,1.1,461,0,4,3,25,6599.26,2.1,0
100249,Home,Credit Card,1360.76,35.0,1380,1,4,2,32,1768.99,1.8,0
100250,Books,UPI,1521.35,18.65,1316,0,8,3,51,3712.85,1.7,0
100251,Footwear,COD,1612.64,48.06,248,0,14,2,18,1675.21,3.9,0
100252,Home,Credit Card,1753.06,55.52,1263,0,7,3,58,2339.28,1.1,1
100253,Fashion,Credit Card,1881.66,7.17,577,0,2,2,31,3493.49,2.7,0
100254,Fashion,UPI,3214.93,64.21,2280,0,12,3,62,3451.87,3.8,0
100255,Books,UPI,1401.27,2.09,793,0,5,3,55,4115.95,1.6,0
100256,Grocery,Debit Card,696.84,48.19,2498,0,6,2,65,722.07,1.9,0
100257,Electronics,COD,1193.41,26.92,1460,0,12,2,49,1744.29,,1
100258,Electronics,Credit Card,2448.0,46.72,2412,1,2,2,39,2608.59,1.1,0
100259,Beauty,COD,320.79,6.83,1400,1,2,1,26,298.88,2.8,0
100260,Electronics,UPI,322.27,65.6,341,0,3,4,21,443.44,3.0,0
100261,Grocery,COD,2792.3,65.62,1618,0,6,3,59,2879.98,,0
100262,Fashion,COD,4519.24,36.36,1209,0,13,1,51,2876.04,,0
100263,Electronics,UPI,486.79,35.67,2052,1,9,1,25,313.15,4.9,0
100264,Footwear,Credit Card,1451.52,44.44,996,0,11,4,22,3225.86,4.0,0
100265,Electronics,UPI,972.98,40.6,492,0,5,4,59,2311.8,4.9,0
100266,Fashion,COD,1087.17,38.05,310,1,6,3,21,2020.51,,0
100267,Electronics,UPI,1710.3,41.24,1866,2,6,3,44,3014.92,1.7,0
100268,Electronics,COD,476.14,60.1,605,0,2,4,34,759.92,2.6,0
100269,Electronics,COD,552.37,42.77,1677,0,8,3,55,948.36,3.0,0
100270,Electronics,Credit Card,1052.58,13.71,362,2,5,1,21,908.27,4.3,0
100271,Electronics,COD,1192.37,63.97,226,1,14,2,22,859.22,3.2,1
100272,Electronics,Debit Card,544.16,15.12,1784,0,10,2,25,923.77,4.8,0
100273,Beauty,COD,2519.25,11.56,881,2,13,1,56,2228.02,2.2,0
100274,Books,COD,959.06,69.79,1431,1,3,4,55,1158.93,3.3,0
100275,Fashion,UPI,955.8,14.94,98,3,2,3,55,2439.01,3.6,0
100276,Fashion,COD,1679.29,7.01,494,2,7,4,47,6246.29,1.6,0
100277,Home,Debit Card,1208.18,39.34,252,0,8,1,27,732.88,4.1,0
100278,Footwear,UPI,2617.52,57.9,721,2,8,4,29,4407.9,3.6,0
100279,Footwear,COD,634.77,4.25,730,1,10,3,25,1823.38,1.8,1
100280,Electronics,UPI,437.94,34.31,955,0,12,3,24,863.05,2.7,0
100281,Electronics,COD,1045.42,4.8,630,0,5,1,56,995.24,,1
100282,Fashion,Credit Card,1405.56,30.01,1157,3,5,3,41,2951.25,3.9,0
100283,Fashion,COD,496.41,24.08,2253,1,4,3,39,1130.62,2.7,1
100284,Beauty,UPI,441.33,9.6,242,0,6,3,25,1196.89,3.9,0
100285,Home,Debit Card,1549.73,65.17,2237,3,9,1,51,539.77,2.0,0
100286,Electronics,Credit Card,730.53,44.44,1049,0,12,3,61,1217.65,2.2,0
100287,Fashion,Wallet,419.05,59.01,1457,0,6,1,18,171.77,1.0,0
100288,Home,COD,2899.44,63.42,1689,1,6,1,66,1060.62,,1
100289,Electronics,UPI,808.0,65.11,1845,1,13,2,27,563.82,1.8,0
100290,Grocery,UPI,3360.51,52.37,2361,0,5,1,65,1600.61,3.4,0
100291,Electronics,UPI,1370.29,21.49,2499,2,3,3,56,3227.44,4.9,0
100292,Footwear,UPI,1695.63,58.03,273,0,5,2,64,1423.31,5.0,1
100293,Electronics,Wallet,1130.94,36.41,1043,0,1,1,28,719.16,2.5,1
100294,Grocery,COD,160.11,19.02,1361,0,6,2,47,259.31,,0
100295,Footwear,UPI,539.46,27.0,1320,1,13,2,22,787.61,4.8,0
100296,Footwear,UPI,1211.28,21.09,2478,0,12,3,41,2867.46,,0
100297,Grocery,Debit Card,1793.25,32.63,1638,2,13,4,27,4832.45,2.3,0
100298,Grocery,COD,319.98,54.69,1024,1,5,3,21,434.95,1.6,1
100299,Beauty,Wallet,1283.21,33.94,2303,0,6,3,61,2543.07,1.7,0
100300,Grocery,COD,545.77,18.75,1835,1,12,3,57,1330.31,,0
100301,Electronics,Credit Card,1615.98,6.12,1998,3,11,3,36,4551.25,2.0,0
100302,Home,Credit Card,1318.8,59.9,1580,0,3,2,39,1057.68,2.1,1
100303,Home,COD,2427.95,29.22,189,3,12,1,45,1718.5,4.0,0
100304,Footwear,UPI,3144.65,30.93,2427,1,2,3,49,6516.03,4.3,1
100305,Home,COD,1933.7,53.46,1790,0,4,1,48,899.94,,0
100306,Fashion,Debit Card,2665.95,59.48,398,1,8,1,33,1080.24,3.8,0
100307,Beauty,UPI,1012.04,35.78,652,1,10,1,37,649.93,2.8,0
100308,Fashion,COD,12816.57,44.27,871,2,12,2,69,14285.35,2.1,1
100309,Electronics,UPI,505.2,16.74,659,2,11,4,22,1682.52,3.1,0
100310,Home,COD,878.13,65.45,1563,3,4,4,39,1213.58,4.1,0
100311,Home,UPI,2754.76,39.75,1381,2,6,1,31,1659.74,1.4,0
100312,Fashion,Wallet,2445.92,50.37,554,0,11,4,30,4855.64,1.3,0
100313,Fashion,COD,1978.14,7.99,1749,0,14,1,26,1820.09,,1
100314,Fashion,Debit Card,2299.06,44.58,738,1,13,4,23,5096.56,4.9,0
100315,Fashion,Credit Card,252.94,25.83,423,1,14,1,65,187.61,3.1,0
100316,Fashion,Credit Card,4776.38,31.5,2392,1,10,1,63,3271.82,1.6,0
100317,Books,UPI,1137.84,47.75,806,2,7,4,56,2378.09,1.3,0
100318,Fashion,Credit Card,3629.01,55.74,604,0,11,4,66,6424.8,1.6,0
100319,Footwear,Debit Card,263.27,24.46,1798,2,2,2,60,397.75,2.1,1
100320,Footwear,COD,1644.6,61.13,1915,0,14,3,24,1917.77,3.7,0
100321,Home,Credit Card,853.37,15.33,405,2,13,4,60,2890.19,1.4,1
100322,Fashion,UPI,2116.87,39.4,167,1,8,4,60,5131.29,1.5,0
100323,Home,COD,1726.16,10.59,2128,2,8,2,18,3086.72,,0
100324,Grocery,Debit Card,1795.14,20.25,1275,0,8,4,63,5726.5,2.0,0
100325,Books,COD,574.12,62.68,1156,0,2,4,56,857.05,1.9,0
100326,Grocery,UPI,1279.76,0.81,1068,0,3,4,69,5077.58,3.3,1
100327,Home,Debit Card,1159.64,64.09,1477,2,11,4,43,1665.71,,1
100328,Beauty,Credit Card,1990.71,22.99,1693,0,1,4,56,6132.18,3.5,0
100329,Fashion,COD,2955.54,48.71,228,0,10,2,58,3031.79,1.1,1
100330,Books,Credit Card,1510.78,6.42,685,1,5,2,52,2827.58,1.9,0
100331,Fashion,Wallet,482.54,44.89,2387,0,2,4,67,1063.71,,0
100332,Books,Credit Card,1459.81,63.66,442,3,9,2,25,1060.99,3.5,1
100333,Footwear,Credit Card,10816.86,38.86,2271,0,4,4,36,26453.71,1.8,0
100334,Electronics,UPI,4998.06,25.35,1021,3,7,4,22,14924.21,4.5,0
100335,Beauty,Credit Card,124.02,55.55,499,0,13,1,49,55.13,4.7,0
100336,Electronics,Credit Card,1409.05,49.89,1499,1,10,1,19,706.07,2.9,0
100337,Books,COD,2823.4,8.24,1667,0,14,3,33,7772.26,2.1,0
100338,Electronics,COD,1157.64,46.6,894,1,6,1,56,618.18,1.4,1
100339,Footwear,UPI,926.98,46.53,1988,0,6,3,64,1486.97,,0
100340,Electronics,UPI,1081.85,52.63,187,0,10,1,29,512.47,1.5,0
100341,Footwear,UPI,2083.39,22.14,331,0,2,4,31,6488.51,2.2,0
100342,Grocery,UPI,534.44,28.09,1565,2,12,2,19,768.63,2.3,0
100343,Beauty,Credit Card,3466.67,67.2,1456,0,5,3,36,3411.2,2.1,0
100344,Grocery,COD,1280.76,40.14,1756,1,7,2,54,1533.33,1.0,1
100345,Grocery,Debit Card,633.96,35.6,2130,1,8,3,64,1224.81,1.8,0
100346,Footwear,Wallet,3292.76,69.08,2327,1,1,3,39,3054.36,4.0,0
100347,Fashion,UPI,389.12,16.07,1281,1,5,2,23,653.18,1.8,0
100348,Beauty,Credit Card,859.05,27.86,1268,0,2,4,34,2478.87,4.1,0
100349,Electronics,Debit Card,847.81,53.19,2311,0,9,4,43,1587.44,2.7,0
100350,Beauty,UPI,7443.93,49.92,2403,2,10,2,49,7455.84,1.3,1
100351,Electronics,UPI,774.32,67.67,148,0,1,1,48,250.34,4.3,0
100352,Beauty,UPI,238.9,45.8,1279,1,1,2,59,258.97,3.5,0
100353,Beauty,Credit Card,840.96,21.92,2300,2,12,3,48,1969.86,3.4,1
100354,Home,COD,1928.39,27.84,156,1,5,4,38,5566.1,,0
100355,Home,Credit Card,2508.07,6.28,2443,0,12,1,24,2350.56,3.5,0
100356,Grocery,COD,8276.97,64.66,1880,1,10,2,66,5850.16,4.2,1
100357,Grocery,UPI,4127.88,9.01,415,1,11,4,20,15023.83,5.0,0
100358,Home,Credit Card,1556.72,38.2,1612,1,6,3,35,2886.16,3.7,0
100359,Beauty,Credit Card,656.46,28.1,1094,1,5,4,39,1887.98,2.7,0
100360,Footwear,COD,4910.95,9.4,855,1,11,3,64,13347.96,,0
100361,Electronics,Debit Card,997.4,20.51,1563,0,9,1,41,792.83,,0
100362,Electronics,Credit Card,791.14,44.35,1845,1,8,1,39,440.27,,0
100363,Electronics,COD,959.43,2.19,2236,0,6,4,67,3753.67,3.9,0
100364,Books,UPI,491.85,67.62,1061,0,9,3,36,477.78,2.4,1
100365,Home,Credit Card,923.33,63.64,424,1,6,4,57,1342.89,1.2,0
100366,Grocery,Credit Card,1111.55,5.92,2163,0,13,2,19,2091.49,1.4,1
100367,Books,COD,2403.13,60.78,855,0,10,1,49,942.51,1.7,0
100368,Fashion,Debit Card,981.94,23.0,1905,5,6,1,55,756.09,4.3,0
100369,Footwear,UPI,485.91,4.73,2000,0,12,2,28,925.85,3.9,0
100370,Grocery,UPI,371.29,21.43,174,0,1,1,57,291.72,4.1,0
100371,Fashion,COD,1583.92,56.62,1042,0,12,1,64,687.1,4.6,0
100372,Fashion,Wallet,1419.56,46.61,239,3,6,1,20,757.9,2.2,1
100373,Fashion,UPI,859.67,16.7,1524,1,4,1,28,716.11,4.0,0
100374,Electronics,COD,921.53,50.34,1993,0,12,2,25,915.26,,0
100375,Electronics,COD,1827.66,49.55,1413,2,10,4,67,3688.22,,0
100376,Footwear,COD,4074.23,52.0,829,0,2,2,33,3911.26,3.8,0
100377,Home,UPI,717.58,37.85,2433,2,4,2,67,891.95,,0
100378,Fashion,COD,1438.16,57.33,241,1,7,3,37,1840.99,4.0,0
100379,Books,Credit Card,2883.09,44.9,379,2,9,3,68,4765.75,1.0,0
100380,Beauty,UPI,719.9,8.78,934,2,12,2,47,1313.39,3.8,0
100381,Footwear,UPI,1322.78,56.72,2372,2,6,1,32,572.5,1.4,0
100382,Grocery,Debit Card,1299.33,22.66,2239,1,12,2,44,2009.8,3.2,0
100383,Home,UPI,469.17,49.35,1423,1,12,1,25,237.63,1.6,0
100384,Fashion,COD,1532.72,47.26,2381,0,6,1,28,808.36,,0
100385,Footwear,UPI,1373.66,23.51,2263,0,14,3,50,3152.14,4.2,0
100386,Books,COD,2088.22,11.32,1479,1,14,1,57,1851.83,2.2,0
100387,Footwear,COD,518.27,48.65,321,1,5,2,39,532.26,1.6,0
100388,Electronics,Wallet,1350.16,59.43,2251,0,8,2,62,1095.52,2.3,0
100389,Footwear,COD,4045.61,58.68,1614,0,13,4,38,6686.58,1.7,0
100390,Beauty,COD,7058.58,43.86,378,0,8,1,37,3962.69,1.7,1
100391,Electronics,Debit Card,3729.78,15.92,2105,2,11,1,46,3136.0,3.8,0
100392,Beauty,COD,522.35,22.13,1015,0,12,3,38,1220.26,3.8,0
100393,Books,COD,1921.46,52.82,1973,1,8,3,53,2719.63,,0
100394,Electronics,Debit Card,910.03,28.76,676,1,6,3,64,1944.92,2.0,0
100395,Home,UPI,1680.96,51.27,54,1,8,3,35,2457.4,3.1,0
100396,Grocery,UPI,722.15,21.66,1150,1,12,4,43,2262.93,4.8,0
100397,Fashion,COD,340.09,0.44,1146,0,5,3,35,1015.78,,0
100398,Home,Debit Card,1016.77,42.24,2163,1,12,3,48,1761.86,2.7,1
100399,Home,UPI,2387.69,42.06,314,0,3,3,49,4150.28,3.0,0
100400,Fashion,COD,1686.48,43.93,2285,0,7,1,41,945.61,,1
100401,Footwear,COD,1848.92,18.77,407,1,2,1,21,1501.88,2.0,0
100402,Grocery,COD,1592.53,56.77,2338,1,12,2,66,1376.9,3.8,1
100403,Electronics,Credit Card,1851.26,34.12,1774,0,10,4,54,4878.44,1.6,0
100404,Footwear,COD,2045.93,53.37,919,0,2,4,55,3816.07,3.4,0
100405,Footwear,UPI,1075.19,42.78,2392,0,4,3,59,1845.67,2.5,0
100406,Fashion,Wallet,1431.26,29.12,917,0,8,3,19,3043.43,2.2,0
100407,Grocery,COD,5402.44,47.57,1596,1,7,4,63,11330.0,,1
100408,Electronics,Debit Card,1500.61,40.25,69,1,2,1,22,896.61,1.9,0
100409,Footwear,COD,1385.82,35.75,282,1,13,1,57,890.39,,0
100410,Books,COD,1454.34,45.4,902,1,7,3,67,2382.21,,0
100411,Books,UPI,1125.15,6.02,632,1,10,1,44,1057.42,3.6,0
100412,Electronics,Credit Card,945.5,63.72,591,2,11,1,55,343.03,4.3,0
100413,Footwear,UPI,1582.79,23.46,965,0,3,2,63,2422.93,4.3,0
100414,Electronics,Credit Card,893.75,15.73,1533,1,5,4,47,3012.65,3.0,0
100415,Fashion,COD,1192.24,54.03,339,0,11,2,43,1096.15,1.3,0
100416,Electronics,Credit Card,711.65,16.19,1887,0,11,1,60,596.43,1.8,0
100417,Grocery,COD,1460.32,69.7,2124,0,4,1,58,442.48,1.0,1
100418,Electronics,UPI,2137.42,29.43,2094,1,5,2,22,3016.75,1.7,1
100419,Footwear,Debit Card,1130.56,20.76,510,1,11,1,21,895.86,1.1,0
100420,Books,COD,268.62,4.34,2204,2,5,2,55,513.92,3.9,0
100421,Electronics,Credit Card,2148.01,2.93,349,1,2,1,54,2085.07,3.2,0
100422,Electronics,Debit Card,1474.61,6.66,294,0,7,4,60,5505.6,1.1,0
100423,Electronics,UPI,605.11,0.35,1822,3,2,1,22,602.99,3.5,0
100424,Beauty,COD,2486.46,22.9,1908,0,9,1,26,1917.06,4.3,1
100425,Grocery,COD,437.58,21.73,343,0,14,1,19,342.49,1.1,1
100426,Fashion,COD,3091.24,30.11,1056,0,2,2,32,4320.94,1.5,1
100427,Grocery,Credit Card,1279.35,16.3,1043,0,4,4,44,4283.26,2.9,0
100428,Electronics,Credit Card,218.09,4.39,1815,1,8,3,36,625.55,,0
100429,Grocery,COD,1544.82,4.98,1303,0,3,4,24,5871.55,1.1,0
100430,Footwear,Credit Card,967.82,12.75,1513,0,8,3,46,2533.27,3.3,0
100431,Grocery,Credit Card,857.93,22.16,228,0,4,2,34,1335.63,3.3,0
100432,Books,COD,742.35,10.36,2442,1,9,4,32,2661.77,4.2,1
100433,Grocery,UPI,1209.82,25.56,1402,0,6,1,58,900.59,1.3,0
100434,Electronics,Debit Card,908.55,64.56,1681,0,13,1,34,321.99,4.6,0
100435,Fashion,Credit Card,303.28,18.31,1216,0,12,2,46,495.5,1.1,0
100436,Electronics,Credit Card,3705.8,11.79,638,0,14,4,21,13075.54,2.2,0
100437,Home,COD,1101.59,46.53,1680,1,3,4,56,2356.08,,0
100438,Books,UPI,745.8,34.36,742,0,14,3,46,1468.63,2.0,0
100439,Beauty,Debit Card,543.08,3.31,571,0,1,4,58,2100.42,4.3,0
100440,Footwear,Credit Card,2481.42,55.15,1394,0,4,3,33,3338.75,1.5,0
100441,Electronics,UPI,474.02,50.07,910,2,13,1,42,236.68,1.8,0
100442,Books,UPI,1490.98,68.41,2239,1,13,1,40,471.0,3.4,0
100443,Electronics,UPI,839.73,65.68,1659,0,5,1,69,288.2,,0
100444,Fashion,COD,879.77,40.9,952,0,12,4,23,2079.78,3.4,1
100445,Books,COD,553.99,48.02,117,2,2,2,28,575.93,4.6,0
100446,Footwear,Debit Card,815.45,28.67,872,1,5,2,68,1163.32,1.3,0
100447,Beauty,Credit Card,1348.91,62.19,316,0,1,2,22,1020.05,1.0,0
100448,Electronics,Debit Card,1616.87,38.7,571,0,8,1,32,991.14,2.6,0
100449,Beauty,UPI,714.46,22.79,730,0,13,1,34,551.63,4.4,0
100450,Electronics,COD,1245.45,0.66,1641,0,9,3,58,3711.69,,0
100451,Footwear,COD,2726.47,41.05,292,1,8,3,57,4821.76,4.2,0
100452,Books,Credit Card,354.21,36.78,430,0,3,1,63,223.93,3.6,0
100453,Electronics,COD,1332.73,56.83,127,0,9,1,23,575.34,2.7,0
100454,Electronics,Debit Card,626.01,13.09,2295,0,5,3,29,1632.2,4.2,0
100455,Electronics,UPI,577.01,57.08,2468,0,9,1,42,247.65,4.0,0
100456,Footwear,Credit Card,1650.46,1.07,766,0,2,2,55,3265.6,1.7,0
100457,Home,UPI,865.93,41.11,1155,0,8,3,47,1529.84,3.9,1
100458,Grocery,Credit Card,506.01,27.78,773,0,7,1,45,365.44,4.2,0
100459,Beauty,UPI,3863.88,23.21,1348,0,11,4,60,11868.29,4.6,0
100460,Beauty,COD,2796.35,30.33,1391,2,13,4,28,7792.87,3.9,0
100461,Electronics,UPI,285.48,15.65,659,2,13,1,61,240.8,3.9,0
100462,Footwear,UPI,411.77,12.84,1622,1,5,3,52,1076.7,4.6,0
100463,Fashion,COD,2153.32,56.36,48,1,9,4,30,3758.84,1.8,0
100464,Beauty,Debit Card,1066.46,15.94,1621,1,10,3,40,2689.4,3.2,1
100465,Books,UPI,4449.11,51.59,1884,1,12,2,32,4307.63,4.6,0
100466,Beauty,COD,2193.1,49.8,160,2,12,4,34,4403.74,3.5,1
100467,Footwear,UPI,1702.02,2.34,1817,2,1,2,53,3324.39,4.7,0
100468,Electronics,Wallet,591.41,61.68,1851,1,12,1,33,226.63,1.2,0
100469,Home,UPI,1984.56,55.25,2432,3,7,1,62,888.09,1.9,0
100470,Home,Credit Card,482.7,55.72,2021,0,14,4,23,854.96,1.9,0
100471,Home,Debit Card,3805.47,56.64,82,0,9,1,26,1650.05,1.3,0
100472,Electronics,Wallet,1877.53,40.78,231,0,6,1,65,1111.87,3.5,0
100473,Electronics,Debit Card,692.38,69.54,368,2,3,1,55,210.9,2.6,0
100474,Fashion,COD,2549.73,12.54,1466,0,14,2,40,4459.99,2.0,0
100475,Fashion,COD,8048.33,5.06,1788,3,3,3,30,22923.25,,1
100476,Home,UPI,1125.41,49.29,1655,1,2,3,31,1712.09,3.7,0
100477,Beauty,Credit Card,2080.43,20.58,845,0,2,4,27,6609.11,1.2,0
100478,Beauty,COD,948.17,42.58,526,1,8,3,64,1633.32,2.8,0
100479,Home,COD,1434.08,27.42,187,0,4,1,35,1040.86,3.9,1
100480,Home,UPI,401.1,23.35,953,3,9,4,66,1229.77,1.4,0
100481,Fashion,Credit Card,1338.86,62.53,773,0,12,2,59,1003.34,4.2,0
100482,Beauty,UPI,1386.95,9.94,780,2,5,4,36,4996.35,3.5,1
100483,Fashion,UPI,5648.8,13.23,246,0,1,2,56,9802.93,3.9,0
100484,Electronics,Wallet,318.62,46.75,749,0,6,1,42,169.67,2.0,0
100485,Home,UPI,1069.87,54.78,2098,0,9,2,42,967.59,4.0,0
100486,Home,COD,3753.69,58.26,624,1,11,2,58,3133.58,1.7,0
100487,Fashion,Debit Card,1103.88,16.18,2196,0,1,4,55,3701.09,4.4,0
100488,Beauty,COD,1167.86,61.75,243,1,13,3,29,1340.12,1.8,0
100489,Beauty,Wallet,687.73,42.67,1603,0,9,1,39,394.28,2.1,0
100490,Books,COD,635.18,57.63,296,0,7,1,66,269.13,3.7,1
100491,Beauty,Debit Card,310.85,4.8,982,2,4,3,28,887.79,2.3,1
100492,Books,UPI,809.67,24.98,2385,0,14,1,55,607.41,2.2,0
100493,Fashion,COD,606.99,36.74,1928,1,3,3,61,1151.95,1.3,0
100494,Grocery,UPI,1472.08,40.39,1298,2,7,4,49,3510.03,4.3,0
100495,Home,COD,713.27,6.94,1590,2,7,4,20,2655.08,2.8,0
100496,Home,Credit Card,912.63,37.71,1661,0,8,3,62,1705.43,2.6,0
100497,Beauty,Credit Card,932.84,46.58,1986,2,4,2,64,996.65,2.0,1
100498,Fashion,Credit Card,1288.8,25.31,1494,0,14,3,51,2887.81,3.2,0
100499,Home,Debit Card,877.59,35.05,1291,1,6,1,59,569.99,3.2,0
100500,Books,UPI,572.82,20.48,217,0,10,3,20,1366.52,1.0,1
100501,Footwear,COD,1434.56,60.94,2397,0,9,1,55,560.34,,0
100502,Footwear,Debit Card,3146.31,41.94,1428,2,3,1,59,1826.75,3.5,0
100503,Home,UPI,1484.41,38.59,746,0,14,3,47,2734.73,2.1,0
100504,Home,UPI,822.33,66.11,363,1,7,3,45,836.06,4.9,0
100505,Grocery,COD,1213.77,46.55,1522,0,9,3,60,1946.28,2.0,0
100506,Fashion,UPI,259.69,19.59,1962,1,10,2,52,417.63,1.6,0
100507,Grocery,COD,1198.08,44.92,2025,0,8,3,19,1979.71,1.2,0
100508,Home,Debit Card,972.35,67.31,2218,0,9,2,27,635.72,3.7,0
100509,Electronics,Debit Card,634.75,1.65,2237,2,8,1,48,624.28,2.2,0
100510,Electronics,UPI,733.86,43.86,1568,4,11,3,49,1235.97,2.1,0
100511,Grocery,COD,964.7,10.98,2368,1,7,1,31,858.78,1.4,1
100512,Electronics,COD,2963.03,57.15,213,1,12,1,25,1269.66,1.2,1
100513,Fashion,UPI,3208.79,44.85,1005,1,8,3,51,5308.94,1.9,1
100514,Fashion,COD,637.47,65.59,1225,2,14,3,34,658.06,2.6,1
100515,Electronics,Credit Card,884.96,46.87,1757,2,8,1,53,470.18,3.6,1
100516,Fashion,UPI,903.19,1.21,768,2,9,2,52,1784.52,1.4,0
100517,Books,Debit Card,2559.68,35.72,746,1,7,4,29,6581.45,2.5,0
100518,Electronics,COD,1504.78,63.26,2261,0,6,4,57,2211.42,,0
100519,Grocery,COD,1442.64,16.26,1633,2,12,4,26,4832.27,,1
100520,Footwear,Wallet,2057.01,5.8,1598,0,9,3,38,5813.11,5.0,0
100521,Fashion,Credit Card,831.2,50.39,485,0,6,1,48,412.36,1.3,0
100522,Electronics,COD,3988.26,35.18,1265,0,12,2,64,5170.38,2.6,1
100523,Beauty,COD,1337.56,3.33,1070,1,2,3,66,3879.06,,0
100524,Electronics,COD,675.38,19.59,1562,2,1,3,54,1629.22,,1
100525,Fashion,Wallet,1114.64,22.87,2302,2,10,1,52,859.72,4.6,0
100526,Footwear,COD,3588.69,46.75,717,0,7,4,44,7643.91,3.3,0
100527,Footwear,COD,953.26,33.01,2032,0,12,4,43,2554.36,2.2,0
100528,Grocery,Credit Card,2863.06,34.1,1595,0,10,1,46,1886.76,3.2,0
100529,Fashion,COD,812.18,56.46,1256,0,11,3,66,1060.87,4.5,0
100530,Books,COD,725.94,19.49,2376,1,4,1,51,584.45,3.3,1
100531,Books,Wallet,2270.32,47.08,392,0,4,2,60,2402.91,4.1,0
100532,Fashion,UPI,665.69,25.73,1705,0,4,4,46,1977.63,3.8,0
100533,Beauty,COD,2586.43,29.29,1014,0,10,3,56,5486.59,1.4,0
100534,Electronics,Credit Card,1774.55,38.91,1714,1,10,2,62,2168.15,4.0,0
100535,Fashion,COD,665.89,48.7,372,0,14,1,40,341.6,1.8,0
100536,Home,COD,1265.02,66.16,1848,0,4,4,51,1712.33,4.5,0
100537,Electronics,Debit Card,863.49,18.83,199,1,2,2,43,1401.79,2.2,0
100538,Electronics,Credit Card,1770.79,7.26,891,2,14,3,44,4926.69,3.3,0
100539,Grocery,UPI,6064.69,30.02,2269,0,8,1,31,4244.07,2.1,0
100540,Footwear,UPI,995.69,38.27,1592,1,6,4,61,2458.56,1.0,0
100541,Beauty,COD,2052.93,15.96,1243,2,5,2,60,3450.56,4.1,0
100542,Grocery,UPI,1365.88,62.33,847,0,13,3,65,1543.58,3.9,1
100543,Footwear,Credit Card,1365.46,55.92,250,1,12,1,32,601.89,4.7,0
100544,Electronics,COD,1173.61,34.56,304,0,3,3,69,2304.03,3.3,0
100545,Home,UPI,674.56,31.5,1800,1,5,4,54,1848.29,1.8,0
100546,Fashion,COD,1751.3,2.85,707,2,13,2,35,3402.78,1.7,1
100547,Electronics,Debit Card,1063.17,37.58,213,0,11,2,63,1327.26,2.6,0
100548,Grocery,UPI,649.47,41.7,1112,0,12,3,47,1135.92,2.3,0
100549,Home,COD,3014.95,62.41,1008,1,3,4,46,4533.28,,1
100550,Home,UPI,1449.84,35.08,2396,0,9,4,57,3764.94,1.9,1
100551,Electronics,COD,1116.02,11.02,598,1,1,1,26,993.03,,0
100552,Electronics,UPI,3912.94,12.6,690,0,7,2,42,6839.82,1.3,0
100553,Footwear,COD,308.32,11.19,436,1,2,4,19,1095.28,4.0,1
100554,Electronics,COD,3708.03,65.7,494,1,4,4,40,5087.42,3.3,1
100555,Fashion,Credit Card,662.39,55.54,1347,1,4,3,53,883.5,3.2,0
100556,Fashion,UPI,1586.41,57.73,580,0,3,1,69,670.58,3.5,0
100557,Home,COD,836.77,58.83,1807,1,12,3,29,1033.49,,0
100558,Beauty,UPI,640.08,6.69,2049,0,6,4,63,2389.03,3.7,0
100559,Home,COD,3831.87,49.15,1233,1,3,4,20,7794.02,2.1,0
100560,Electronics,Credit Card,5913.38,49.3,621,1,14,3,18,8994.25,2.1,0
100561,Fashion,Credit Card,1122.17,15.74,2057,0,1,3,35,2836.62,4.3,1
100562,Grocery,COD,1751.77,34.35,2416,0,3,4,33,4600.15,2.9,0
100563,Beauty,UPI,1401.91,46.37,2295,0,12,3,48,2255.53,3.8,0
100564,Beauty,Credit Card,5347.61,62.81,2302,3,7,3,28,5966.33,2.5,0
100565,Books,Debit Card,247.02,7.73,2023,1,6,4,46,911.7,4.0,0
100566,Grocery,Debit Card,1811.12,62.45,1853,0,5,1,69,680.08,2.7,0
100567,Electronics,Credit Card,748.67,64.57,2392,0,9,1,26,265.25,3.0,0
100568,Fashion,Debit Card,203.41,64.65,868,0,6,4,40,287.62,4.7,0
100569,Home,UPI,1003.83,0.34,2324,0,2,1,49,1000.42,3.0,0
100570,Fashion,Debit Card,5874.87,15.47,80,1,14,4,40,19864.11,1.9,0
100571,Grocery,Credit Card,792.47,48.39,2086,0,13,4,39,1635.98,,0
100572,Home,Debit Card,2521.51,22.52,855,0,3,2,19,3907.33,1.0,0
100573,Grocery,Debit Card,3494.47,4.28,752,2,8,4,42,13379.63,2.1,0
100574,Footwear,Credit Card,1325.89,53.41,1698,2,7,3,66,1853.2,3.4,0
100575,Home,Debit Card,1474.93,2.0,460,0,2,3,63,4336.29,1.3,0
100576,Footwear,Credit Card,339.33,31.22,2484,1,6,4,59,933.56,2.8,0
100577,Beauty,UPI,755.27,66.33,1825,0,9,4,22,1017.2,3.4,0
100578,Footwear,Wallet,2767.24,30.82,77,1,2,4,24,7657.51,1.9,0
100579,Fashion,Wallet,1406.06,63.83,2118,3,6,4,45,2034.29,1.9,0
100580,Home,UPI,1797.0,28.63,296,1,4,3,33,3847.56,3.7,0
100581,Home,Debit Card,1489.99,24.27,2063,1,5,2,27,2256.74,4.9,0
100582,Electronics,UPI,7735.71,7.52,2037,0,9,1,27,7153.98,,0
100583,Fashion,COD,949.17,25.07,1619,3,6,1,27,711.21,1.8,1
100584,Footwear,Credit Card,4838.35,23.59,1513,0,11,2,22,7393.97,4.9,0
100585,Beauty,COD,1490.4,59.26,2079,1,8,2,49,1214.38,4.3,0
100586,Electronics,COD,5194.52,64.39,2130,0,10,1,39,1849.77,4.7,0
100587,Fashion,Wallet,502.71,1.54,1776,0,9,2,52,989.94,,0
100588,Electronics,UPI,1552.66,6.88,452,4,12,4,29,5783.35,4.7,0
100589,Electronics,Credit Card,977.55,45.03,1673,0,3,1,49,537.36,4.4,0
100590,Footwear,COD,1497.54,33.93,527,0,14,2,27,1978.85,,1
100591,Home,Debit Card,3561.37,20.78,145,0,11,4,66,11285.27,3.5,0
100592,Fashion,Credit Card,1813.56,18.19,404,1,3,2,26,2967.35,1.7,0
100593,Beauty,UPI,3555.7,15.73,1167,1,1,3,59,8989.17,2.7,1
100594,Electronics,Wallet,783.54,36.78,2410,0,1,3,53,1486.06,3.4,1
100595,Fashion,COD,693.49,1.22,113,1,10,4,28,2740.12,1.4,1
100596,Books,COD,1356.8,51.72,213,0,6,3,22,1965.19,4.9,1
100597,Beauty,COD,1298.65,21.03,258,1,3,3,51,3076.63,,0
100598,Footwear,COD,1154.37,29.88,500,0,5,4,20,3237.78,,0
100599,Beauty,Credit Card,622.1,36.89,1366,1,7,2,50,785.21,1.5,0
100600,Home,COD,3494.42,14.8,2058,0,1,2,53,5954.49,3.7,0
100601,Grocery,COD,1001.98,61.86,147,0,8,3,51,1146.47,4.6,0
100602,Footwear,COD,4191.7,47.75,2016,0,1,3,68,6570.49,,0
100603,Books,COD,1353.16,60.92,2285,2,10,3,40,1586.44,3.6,1
100604,Footwear,UPI,2250.13,33.28,226,2,1,4,44,6005.15,1.8,0
100605,Grocery,COD,2092.61,30.27,1142,3,12,3,67,4377.53,3.8,1
100606,Footwear,UPI,692.69,16.6,2042,0,4,4,62,2310.81,3.6,0
100607,Electronics,COD,1796.8,38.14,1758,0,8,1,42,1111.5,4.5,0
100608,Books,COD,6264.58,41.52,487,0,6,1,39,3663.53,,0
100609,Home,COD,1638.1,29.39,395,1,13,4,59,4626.65,4.0,0
100610,Beauty,UPI,2754.58,10.18,1131,2,12,2,47,4948.33,,0
100611,Books,COD,2332.32,19.12,2123,1,14,2,43,3772.76,,0
100612,Footwear,Credit Card,1712.38,1.0,2373,0,11,4,60,6781.02,4.5,1
100613,Footwear,COD,1554.93,22.34,1210,1,14,2,58,2415.12,3.9,1
100614,Fashion,Wallet,2075.28,40.65,1338,0,4,1,39,1231.68,4.5,0
100615,Books,COD,2466.67,66.9,1410,3,5,3,38,2449.4,3.5,0
100616,Books,Credit Card,454.08,12.45,1240,0,12,1,52,397.55,,1
100617,Fashion,UPI,1632.46,3.88,1631,0,1,4,18,6276.48,4.7,0
100618,Electronics,COD,1156.02,20.74,706,0,3,2,58,1832.52,2.3,0
100619,Electronics,COD,979.24,10.98,1363,1,11,2,43,1743.44,4.0,0
100620,Grocery,UPI,3777.33,48.69,1543,1,6,4,63,7752.59,3.8,0
100621,Home,COD,745.07,0.4,1421,1,4,1,46,742.09,4.3,1
100622,Footwear,COD,438.86,68.66,2438,0,5,3,38,412.62,3.0,1
100623,Home,Credit Card,2531.51,59.9,1868,0,11,4,24,4060.54,3.0,1
100624,Footwear,COD,429.96,34.35,1843,2,7,1,18,282.27,1.1,1
100625,Home,UPI,286.47,64.47,2021,0,1,4,52,407.13,4.7,1
100626,Grocery,Debit Card,2770.03,43.96,1333,2,8,3,28,4656.97,2.5,0
100627,Electronics,Debit Card,1520.78,69.56,786,4,11,1,62,462.93,3.2,0
100628,Beauty,COD,1955.06,19.48,1353,0,3,4,43,6296.86,1.8,0
100629,Grocery,Debit Card,940.17,69.78,2307,0,1,4,63,1136.48,3.5,1
100630,Footwear,Debit Card,442.52,12.62,2201,0,9,4,42,1546.7,2.4,0
100631,Grocery,COD,518.72,24.74,904,0,13,4,37,1561.55,,0
100632,Electronics,UPI,1077.34,65.47,1223,0,1,3,25,1116.02,3.9,0
100633,Fashion,Debit Card,484.0,25.94,702,1,10,1,39,358.45,3.4,0
100634,Electronics,UPI,1712.38,14.69,60,2,11,3,60,4382.49,,0
100635,Electronics,COD,925.22,4.16,799,0,3,4,62,3546.92,4.2,0
100636,Books,COD,1553.13,10.43,279,1,4,4,42,5564.55,3.2,0
100637,Books,UPI,1516.44,24.87,915,1,8,1,69,1139.3,2.0,0
100638,Grocery,UPI,1825.19,29.49,162,0,9,3,19,3860.82,2.3,0
100639,Footwear,Credit Card,1997.37,37.97,812,2,8,4,20,4955.87,4.2,0
100640,Books,COD,1017.27,56.95,1794,1,3,1,21,437.93,4.7,0
100641,Grocery,UPI,1551.81,0.94,2114,0,13,1,21,1537.22,4.3,0
100642,Electronics,COD,1617.77,58.88,2222,0,6,1,18,665.23,4.5,1
100643,Fashion,COD,191.88,40.41,1416,1,8,3,20,343.02,,0
100644,Beauty,Debit Card,2246.71,52.95,1379,2,8,2,59,2114.15,2.7,0
100645,Footwear,COD,1510.13,52.99,2420,1,8,4,42,2839.65,4.3,0
100646,Electronics,COD,2103.25,63.22,1402,1,5,4,58,3094.3,2.6,1
100647,Home,COD,478.44,6.54,237,2,5,1,58,447.15,3.8,0
100648,Books,UPI,1040.42,40.01,2341,1,2,3,53,1872.44,3.5,0
100649,Electronics,COD,559.35,63.63,1546,0,11,4,22,813.74,1.6,0
100650,Home,Debit Card,2430.08,50.34,1676,0,5,1,24,1206.78,2.2,0
100651,Footwear,Wallet,435.24,6.76,267,1,1,1,53,405.82,1.8,0
100652,Books,Debit Card,637.2,42.98,1190,0,1,4,67,1453.33,,0
100653,Fashion,Credit Card,2053.81,55.99,1163,2,14,1,26,903.88,2.7,0
100654,Footwear,Credit Card,809.57,19.24,2042,3,6,1,51,653.81,1.8,0
100655,Fashion,Credit Card,637.33,44.27,975,0,9,4,19,1420.74,1.3,0
100656,Footwear,Debit Card,2766.6,58.83,877,0,8,3,28,3417.03,1.8,0
100657,Fashion,Wallet,2858.83,36.67,1711,3,12,4,48,7241.99,,0
100658,Beauty,UPI,2386.68,13.59,68,0,13,2,52,4124.66,4.2,0
100659,Fashion,Credit Card,2641.14,38.48,1871,1,11,3,48,4874.49,2.9,0
100660,Fashion,COD,1112.91,41.16,48,1,14,3,41,1964.51,3.4,0
100661,Footwear,UPI,1137.2,28.2,618,1,4,4,32,3266.04,,0
100662,Electronics,COD,797.54,47.57,1258,1,7,1,59,418.15,3.6,1
100663,Electronics,UPI,1531.78,30.33,508,0,5,1,34,1067.19,4.9,0
100664,Fashion,COD,878.03,61.42,117,0,12,2,55,677.49,3.4,0
100665,Books,UPI,947.23,55.41,1066,0,4,3,36,1267.11,3.2,0
100666,Grocery,UPI,2164.45,56.33,1776,0,12,3,44,2835.65,4.5,0
100667,Footwear,Credit Card,3455.19,36.83,627,0,4,4,66,8730.57,3.5,0
100668,Fashion,COD,1842.0,13.74,706,1,10,3,38,4766.73,,0
100669,Home,UPI,5627.68,50.71,1701,1,1,4,63,11095.53,4.0,0
100670,Electronics,Credit Card,761.73,4.82,2370,0,12,3,21,2175.04,,0
100671,Beauty,COD,307.85,36.23,1308,0,12,2,45,392.63,3.7,0
100672,Footwear,Credit Card,2372.51,3.71,1410,0,8,4,44,9137.96,4.1,0
100673,Books,Credit Card,722.37,36.99,2072,0,8,2,68,910.33,3.6,1
100674,Beauty,Debit Card,1076.04,48.01,193,2,7,4,31,2237.73,1.8,0
100675,Fashion,COD,325.11,29.34,2453,0,9,3,48,689.17,3.1,0
100676,Footwear,Credit Card,652.38,29.18,1205,0,8,1,48,462.02,4.2,0
100677,Home,UPI,402.71,8.6,963,0,7,1,23,368.08,2.6,1
100678,Electronics,COD,946.3,21.13,1556,2,8,4,69,2985.39,4.7,0
100679,Fashion,Credit Card,976.88,31.1,2282,2,2,4,43,2692.28,1.2,0
100680,Electronics,Debit Card,1439.38,60.45,2344,2,7,1,40,569.27,3.7,0
100681,Fashion,UPI,3611.14,62.86,1949,1,7,1,64,1341.18,1.9,0
100682,Electronics,Debit Card,2301.98,66.75,1224,0,13,2,21,1530.82,3.6,1
100683,Home,UPI,365.86,7.02,398,1,5,3,52,1020.53,4.8,0
100684,Beauty,COD,2178.54,20.73,500,0,14,2,19,3453.86,,0
100685,Fashion,Credit Card,1464.7,32.4,2094,0,13,1,67,990.14,2.7,0
100686,Home,UPI,1238.6,44.92,339,2,11,3,60,2046.66,4.4,0
100687,Footwear,UPI,1315.33,49.2,1219,1,10,3,45,2004.56,2.9,0
100688,Grocery,Debit Card,1577.57,55.02,1037,1,5,3,38,2128.77,,0
100689,Home,Credit Card,770.08,34.71,1781,1,3,4,65,2011.14,2.2,0
100690,Fashion,Credit Card,1157.62,38.96,877,0,12,2,30,1413.22,3.2,0
100691,Footwear,COD,3453.53,67.24,1765,1,10,3,57,3394.13,,1
100692,Fashion,UPI,762.71,16.8,1285,1,12,2,39,1269.15,3.0,0
100693,Fashion,UPI,587.63,56.26,2218,1,8,4,60,1028.12,1.8,0
100694,Footwear,Credit Card,1274.91,49.83,491,0,13,2,56,1279.24,1.1,1
100695,Home,COD,542.15,9.81,1910,2,2,2,69,977.93,1.9,1
100696,Books,COD,337.57,64.85,1812,1,2,3,49,355.97,,0
100697,Beauty,COD,1016.81,59.87,2066,1,1,2,33,816.09,4.8,0
100698,Books,UPI,4267.99,54.57,1240,1,5,2,64,3877.9,3.2,0
100699,Fashion,Debit Card,1298.7,8.87,822,4,3,4,50,4734.02,4.3,0
100700,Fashion,COD,1545.13,9.78,1307,1,1,1,54,1394.02,1.2,1
100701,Fashion,Debit Card,243.69,47.82,2433,1,12,1,31,127.16,4.4,0
100702,Electronics,Wallet,1901.69,7.51,511,0,3,4,45,7035.49,2.1,0
100703,Footwear,COD,1443.31,7.93,1664,1,12,2,62,2657.71,1.7,0
100704,Fashion,Credit Card,786.87,28.02,584,1,9,4,37,2265.56,2.1,1
100705,Beauty,Credit Card,1546.95,0.38,1941,1,9,3,48,4623.21,,0
100706,Grocery,COD,1534.71,50.5,1076,0,2,1,28,759.68,3.4,1
100707,Grocery,Credit Card,573.87,37.81,2151,1,1,1,27,356.89,1.0,1
100708,Home,Debit Card,1746.7,5.47,433,0,2,4,58,6604.62,2.4,0
100709,Home,COD,3490.18,38.05,335,2,5,4,39,8648.67,3.8,1
100710,Footwear,COD,1116.16,3.79,2378,0,14,2,28,2147.72,4.0,0
100711,Books,UPI,669.09,4.95,860,0,6,2,27,1271.94,1.9,0
100712,Grocery,COD,1162.04,33.98,239,1,4,4,24,3068.72,,0
100713,Footwear,Debit Card,2653.65,34.99,2094,1,4,1,41,1725.14,3.7,1
100714,Grocery,Debit Card,502.17,23.73,1052,2,5,3,34,1149.02,3.4,0
100715,Electronics,UPI,2127.81,43.52,2307,2,9,2,22,2403.57,3.0,0
100716,Beauty,UPI,778.67,27.12,1111,0,12,4,43,2269.98,3.2,0
100717,Electronics,UPI,1625.63,41.09,1897,2,1,2,68,1915.32,3.0,0
100718,Books,Debit Card,852.81,24.48,1459,1,11,2,68,1288.08,2.6,0
100719,Footwear,Credit Card,850.98,50.05,1221,0,1,3,49,1275.19,4.2,0
100720,Home,Credit Card,4529.99,40.55,1230,1,5,3,48,8079.24,4.6,0
100721,Home,Credit Card,433.86,11.2,650,0,9,1,69,385.27,3.6,0
100722,Electronics,Credit Card,1974.94,48.04,1849,0,2,1,57,1026.18,2.1,0
100723,Footwear,COD,5351.11,54.88,1326,0,4,4,27,9657.68,4.9,1
100724,Electronics,Credit Card,2317.9,4.61,33,0,9,4,45,8844.18,,0
100725,Electronics,Credit Card,461.8,42.7,1011,0,10,1,37,264.61,4.8,0
100726,Fashion,COD,480.46,55.33,1032,0,2,3,25,643.86,,0
100727,Electronics,COD,734.14,8.03,2217,1,11,2,66,1350.38,3.8,0
100728,Home,UPI,1519.79,63.12,1084,1,6,2,48,1121.0,2.7,1
100729,Home,Debit Card,1604.8,29.04,1431,1,9,3,53,3416.3,2.4,0
100730,Fashion,UPI,484.27,51.65,234,0,3,3,59,702.43,1.9,0
100731,Electronics,Credit Card,666.34,62.93,998,1,14,2,21,494.02,1.4,0
100732,Electronics,UPI,699.81,69.27,731,0,11,4,34,860.21,,0
100733,Fashion,UPI,1159.1,40.87,1261,0,10,3,63,2056.13,2.0,0
100734,Electronics,COD,6553.51,49.3,2249,1,3,4,28,13290.52,3.1,1
100735,Books,Wallet,634.89,17.62,2335,0,11,3,27,1569.07,4.4,0
100736,Fashion,COD,613.04,20.3,738,0,6,2,50,977.19,1.3,0
100737,Fashion,Debit Card,541.04,59.55,1544,2,9,2,31,437.7,,0
100738,Fashion,UPI,2227.06,27.88,2387,0,10,1,61,1606.16,2.1,0
100739,Home,COD,1295.86,57.57,595,2,12,3,56,1649.5,,1
100740,Electronics,Debit Card,653.94,3.54,1112,2,12,3,58,1892.37,3.5,1
100741,Electronics,Credit Card,1002.01,15.28,1265,1,6,4,54,3395.61,4.0,0
100742,Footwear,COD,711.08,11.91,38,0,2,2,25,1252.78,1.1,0
100743,Electronics,COD,1697.16,36.89,1180,0,7,1,52,1071.08,1.0,0
100744,Home,COD,11470.13,5.64,329,0,6,4,26,43292.86,1.7,0
100745,Home,COD,2081.18,24.07,796,0,5,3,18,4740.72,4.9,0
100746,Fashion,Debit Card,1243.41,69.04,315,2,7,1,68,384.96,2.4,0
100747,Home,Credit Card,786.84,55.6,1848,1,9,2,30,698.71,3.5,0
100748,Grocery,Credit Card,457.27,53.24,2091,0,9,4,54,855.28,2.2,0
100749,Grocery,Debit Card,2408.96,9.46,692,1,6,4,35,8724.29,3.0,0
100750,Fashion,COD,2306.49,25.52,129,0,9,3,54,5153.62,2.8,0
100751,Fashion,COD,922.53,47.64,1246,2,14,1,38,483.04,,1
100752,Fashion,UPI,3535.7,1.51,313,1,10,3,40,10446.93,2.4,0
100753,Home,UPI,1362.24,30.38,1119,2,9,1,21,948.39,1.8,0
100754,Books,Credit Card,2489.43,65.0,1373,0,4,2,42,1742.6,2.1,0
100755,Fashion,COD,1697.58,5.76,1183,1,5,2,53,3199.6,2.7,0
100756,Fashion,UPI,1162.46,63.44,1319,2,1,4,55,1699.98,4.2,1
100757,Footwear,UPI,623.96,13.62,1429,1,8,3,64,1616.93,1.8,0
100758,Electronics,Credit Card,1192.22,13.24,434,1,2,2,48,2068.74,1.8,1
100759,Home,COD,2627.11,13.68,1717,1,11,1,69,2267.72,,1
100760,Books,COD,892.02,65.19,1681,3,14,1,50,310.51,,0
100761,Electronics,Debit Card,1904.15,42.26,383,1,12,4,59,4397.82,2.0,0
100762,Electronics,UPI,563.3,52.56,1101,0,3,3,25,801.69,4.3,0
100763,Electronics,Debit Card,2500.0,25.65,742,0,9,2,28,3717.5,,0
100764,Footwear,COD,1720.47,61.13,1011,0,7,4,48,2674.99,2.2,1
100765,Electronics,Debit Card,511.99,40.74,1938,1,1,4,44,1213.62,2.5,0
100766,Electronics,UPI,1119.67,41.99,1503,1,11,1,43,649.52,2.8,0
100767,Electronics,Credit Card,2821.86,52.66,2272,0,13,4,65,5343.47,2.7,0
100768,Electronics,UPI,489.2,54.15,1435,2,7,1,42,224.3,2.6,0
100769,Beauty,Credit Card,568.64,47.73,140,2,13,4,21,1188.91,5.0,0
100770,Fashion,COD,1266.99,8.32,1786,0,1,3,45,3484.73,,0
100771,Beauty,Debit Card,7381.0,60.67,211,1,13,3,29,8708.84,4.5,0
100772,Beauty,Credit Card,782.06,18.26,874,0,10,1,19,639.26,4.6,0
100773,Grocery,Wallet,1990.66,69.73,2336,0,10,3,31,1807.72,,0
100774,Electronics,Credit Card,1649.3,26.99,2474,0,8,4,18,4816.62,4.1,0
100775,Footwear,Credit Card,835.8,8.4,395,3,1,4,49,3062.37,2.9,0
100776,Beauty,Credit Card,1523.71,22.13,2463,2,7,4,42,4746.05,3.4,0
100777,Electronics,Credit Card,936.11,40.15,2448,1,14,1,67,560.26,3.9,0
100778,Grocery,Credit Card,1006.02,27.4,2199,0,7,2,21,1460.74,3.3,0
100779,Footwear,UPI,354.6,58.01,2075,2,1,4,43,595.59,3.0,0
100780,Fashion,Credit Card,1313.5,47.75,215,0,7,2,65,1372.61,1.0,0
100781,Footwear,Credit Card,2749.78,14.94,328,1,3,3,47,7016.89,4.9,0
100782,Home,Debit Card,1402.4,37.72,1545,2,6,1,36,873.41,1.2,0
100783,Beauty,COD,3204.8,55.13,283,1,9,4,51,5751.98,1.5,0
100784,Footwear,Debit Card,2130.82,62.39,649,0,1,2,32,1602.8,1.2,0
100785,Fashion,Credit Card,1277.13,27.65,2443,0,7,2,62,1848.01,,0
100786,Grocery,Credit Card,810.51,64.71,2278,0,8,4,52,1144.12,2.2,0
100787,Fashion,UPI,907.77,2.52,659,2,11,3,32,2654.68,4.6,1
100788,Grocery,UPI,413.06,47.37,1360,2,1,2,21,434.79,3.4,1
100789,Beauty,UPI,1081.75,54.74,1360,0,9,2,50,979.2,4.1,1
100790,Fashion,Credit Card,1505.38,29.76,678,1,9,3,64,3172.14,1.6,0
100791,Home,COD,5283.46,0.77,613,1,1,2,66,10485.55,,0
100792,Fashion,UPI,2043.98,48.09,1109,1,2,1,52,1061.03,3.5,1
100793,Electronics,Debit Card,670.56,23.98,1513,1,9,2,66,1019.52,1.8,0
100794,Electronics,Debit Card,423.48,10.63,2016,0,13,2,60,756.93,2.5,1
100795,Fashion,Debit Card,1135.42,11.0,2104,0,13,3,37,3031.57,4.0,0
100796,Electronics,UPI,2564.22,53.84,80,0,11,3,62,3550.93,3.7,0
100797,Electronics,COD,1122.72,13.12,1652,1,12,1,23,975.42,4.6,0
100798,Books,Debit Card,2066.45,33.89,1551,1,9,1,64,1366.13,3.2,0
100799,Books,COD,1158.75,67.93,145,2,3,4,66,1486.44,1.8,1
100800,Books,Credit Card,2377.01,53.12,2091,1,8,4,47,4457.37,,1
100801,Fashion,Debit Card,373.23,38.3,1500,1,5,4,65,921.13,4.8,0
100802,Footwear,Credit Card,4833.59,36.98,1805,1,4,3,24,9138.39,2.9,0
100803,Beauty,Credit Card,550.05,11.71,1662,0,2,4,23,1942.56,1.3,0
100804,Electronics,UPI,2527.5,31.25,855,1,1,3,35,5212.97,2.0,0
100805,Electronics,UPI,1077.34,10.14,526,0,11,4,22,3872.39,4.0,1
100806,Books,Credit Card,1220.89,5.85,963,1,3,4,30,4597.87,1.0,0
100807,Electronics,Wallet,1104.47,7.64,1912,0,9,2,27,2040.18,2.2,0
100808,Home,Credit Card,1643.34,42.46,1602,0,5,1,41,945.58,2.5,0
100809,Footwear,UPI,1931.44,13.55,1578,1,7,4,51,6678.92,4.2,0
100810,Electronics,COD,3123.44,10.45,352,1,6,4,28,11188.16,2.7,0
100811,Electronics,COD,4131.35,60.7,53,1,5,2,33,3247.24,3.1,0
100812,Footwear,COD,1746.65,8.54,1679,1,7,4,56,6389.94,3.7,1
100813,Beauty,COD,5276.08,49.39,2377,0,12,1,30,2670.22,4.1,0
100814,Electronics,Credit Card,1442.85,29.19,915,2,8,4,35,4086.73,2.4,0
100815,Footwear,COD,3171.48,40.54,1130,0,12,1,59,1885.76,1.7,0
100816,Footwear,Debit Card,1887.44,1.63,2395,1,13,1,38,1856.67,1.7,0
100817,Home,COD,863.19,0.0,603,1,7,1,30,863.19,1.6,0
100818,Beauty,COD,1548.42,57.21,1319,0,12,1,59,662.57,1.5,0
100819,Fashion,Wallet,2003.27,33.28,242,0,2,1,67,1336.58,2.8,0
100820,Electronics,Debit Card,1305.37,4.99,681,1,8,2,64,2480.46,1.7,0
100821,Beauty,UPI,1863.64,24.04,954,0,7,2,40,2831.24,4.1,0
100822,Fashion,Credit Card,2676.57,35.44,1723,1,1,2,19,3455.99,1.0,0
100823,Books,COD,1314.62,9.48,790,1,13,4,39,4759.98,,0
100824,Grocery,Debit Card,127.09,38.24,1167,1,11,3,57,235.47,1.1,0
100825,Electronics,Debit Card,5128.74,37.01,765,3,9,1,67,3230.59,2.3,0
100826,Beauty,COD,1055.67,42.2,378,0,10,1,21,610.18,4.0,1
100827,Fashion,UPI,693.24,56.72,1989,0,11,4,24,1200.14,4.5,0
100828,Footwear,Debit Card,544.96,28.89,1692,0,11,2,32,775.04,1.3,0
100829,Fashion,UPI,1023.36,62.2,1625,1,5,4,23,1547.32,4.2,0
100830,Beauty,Credit Card,853.89,33.23,1469,2,6,4,27,2280.57,4.0,0
100831,Beauty,Debit Card,742.77,32.0,358,0,5,4,40,2020.33,2.8,0
100832,Fashion,COD,776.11,45.9,1302,1,13,1,31,419.88,3.5,1
100833,Books,Wallet,2046.31,43.23,1778,0,2,4,48,4646.76,2.5,0
100834,Books,Credit Card,6797.37,0.8,1251,0,13,4,67,26971.96,2.2,0
100835,Beauty,COD,2582.36,68.77,1817,2,5,4,44,3225.88,1.1,1
100836,Grocery,COD,3288.14,65.99,842,0,11,3,44,3354.89,1.0,0
100837,Footwear,Debit Card,990.36,19.69,1300,1,3,1,67,795.36,3.1,1
100838,Home,Wallet,1456.41,39.1,970,2,12,2,49,1773.91,,1
100839,Home,UPI,1884.06,53.93,2489,3,8,2,69,1735.97,1.5,0
100840,Electronics,UPI,790.25,64.43,472,0,14,2,66,562.18,,1
100841,Grocery,Wallet,952.81,41.01,730,1,6,2,20,1124.13,3.5,0
100842,Home,UPI,2653.52,1.33,1712,1,14,4,66,10472.91,3.7,0
100843,Home,COD,3204.25,47.65,174,0,12,2,26,3354.85,4.0,0
100844,Electronics,Debit Card,1413.65,6.52,1296,0,1,2,31,2642.96,4.9,0
100845,Footwear,COD,514.85,46.98,101,0,6,2,46,545.95,4.9,0
100846,Fashion,COD,1057.36,41.12,1333,0,6,3,58,1867.72,1.8,0
100847,Books,Credit Card,422.82,44.85,821,1,3,2,67,466.37,,0
100848,Electronics,COD,1422.49,13.25,499,3,13,4,41,4936.04,3.2,0
100849,Footwear,Wallet,1643.07,34.55,1259,1,2,4,32,4301.56,1.2,0
100850,Electronics,Wallet,1078.61,43.26,847,1,4,2,38,1224.01,1.8,0
100851,Electronics,Credit Card,1625.17,21.02,223,0,4,2,37,2567.12,4.4,0
100852,Footwear,UPI,1869.68,12.71,1345,0,6,4,33,6528.17,2.6,0
100853,Footwear,Credit Card,1644.99,15.59,1427,1,10,4,30,5554.14,,1
100854,Fashion,COD,512.23,60.06,1664,0,1,4,54,818.34,3.9,0
100855,Home,COD,1093.77,32.52,2255,1,9,1,68,738.08,,1
100856,Books,COD,1859.15,46.28,1765,2,6,1,48,998.74,4.5,0
100857,Footwear,COD,4736.1,36.04,1998,0,9,3,26,9087.63,,0
100858,Fashion,COD,1077.57,58.39,1630,0,1,2,52,896.75,,1
100859,Home,COD,2081.14,35.59,1690,2,13,2,47,2680.92,3.6,1
100860,Books,COD,2704.09,6.53,1989,1,9,1,38,2527.51,1.4,0
100861,Books,UPI,1144.47,13.86,1664,0,4,4,19,3943.39,4.9,1
100862,Grocery,COD,3356.74,0.93,1270,0,12,1,58,3325.52,2.1,0
100863,Beauty,COD,3504.28,58.21,1833,1,7,3,49,4393.32,2.6,0
100864,Electronics,Credit Card,4041.24,46.43,2414,1,6,4,30,8659.57,4.7,1
100865,Footwear,Credit Card,1932.84,53.14,1250,2,3,1,38,905.73,3.5,0
100866,Footwear,Credit Card,8849.44,50.05,588,0,7,3,45,13260.89,2.2,0
100867,Grocery,COD,818.75,57.71,1022,1,4,4,47,1385.0,,0
100868,Electronics,Debit Card,7326.57,69.09,65,0,11,2,52,4529.29,3.0,0
100869,Fashion,Debit Card,2476.59,45.74,787,1,6,2,22,2687.6,3.4,0
100870,Books,Debit Card,3913.98,17.66,2221,1,2,3,45,9668.31,3.7,0
100871,Electronics,Debit Card,1036.88,7.1,276,0,10,4,22,3853.05,1.7,0
100872,Footwear,Credit Card,2632.21,41.28,2223,1,12,3,26,4636.9,3.8,0
100873,Fashion,Credit Card,4194.71,53.95,1418,0,12,1,22,1931.66,2.5,0
100874,Books,COD,561.22,39.31,816,0,7,3,50,1021.81,4.8,0
100875,Footwear,Credit Card,1175.37,21.25,1197,0,5,1,61,925.6,3.6,0
100876,Fashion,COD,241.53,50.38,2200,2,4,4,68,479.39,4.7,0
100877,Fashion,COD,1161.34,31.36,323,1,6,2,55,1594.29,1.1,1
100878,Beauty,Debit Card,697.28,20.06,1427,0,2,3,58,1672.22,4.6,0
100879,Beauty,COD,1125.28,58.88,692,1,13,3,24,1388.15,4.5,0
100880,Home,COD,13889.86,40.36,1366,0,4,2,18,16567.83,3.0,0
100881,Beauty,Debit Card,5293.54,19.84,1974,1,11,4,34,16973.21,4.9,0
100882,Footwear,Credit Card,423.45,23.0,2305,0,6,4,36,1304.23,,0
100883,Home,UPI,2089.31,40.02,661,1,10,3,40,3759.5,5.0,0
100884,Electronics,UPI,2538.03,29.6,1669,1,13,4,52,7147.09,4.0,0
100885,Fashion,Wallet,1022.17,11.24,1081,1,6,1,23,907.28,4.7,0
100886,Fashion,Credit Card,1544.79,42.73,1271,1,14,1,23,884.7,1.8,0
100887,Electronics,COD,1670.35,48.24,428,0,5,2,61,1729.15,1.8,0
100888,Electronics,Debit Card,456.1,0.01,2145,0,4,1,48,456.05,3.0,0
100889,Books,Debit Card,586.95,37.58,449,1,11,2,36,732.75,3.9,0
100890,Fashion,Debit Card,1537.38,40.4,128,1,2,1,61,916.28,2.1,0
100891,Footwear,COD,1450.29,23.24,1898,1,2,2,52,2226.49,,0
100892,Fashion,COD,759.87,23.71,1031,0,6,1,61,579.7,1.7,0
100893,Electronics,COD,709.46,22.24,194,1,8,2,51,1103.35,4.7,0
100894,Grocery,COD,1246.6,31.17,1711,1,7,2,44,1716.07,4.0,0
100895,Footwear,COD,2721.45,56.84,734,2,1,2,65,2349.16,1.2,0
100896,Fashion,UPI,1259.93,32.83,2441,1,8,4,69,3385.18,1.1,1
100897,Fashion,COD,4905.85,69.56,2452,1,9,3,56,4480.02,5.0,0
100898,Electronics,Debit Card,767.66,26.33,1389,2,4,1,50,565.54,2.6,0
100899,Home,UPI,1563.2,48.95,1205,0,8,3,19,2394.04,3.4,0
100900,Home,Credit Card,1008.85,38.43,1128,0,5,4,63,2484.6,4.8,0
100901,Fashion,Credit Card,2143.87,53.36,1527,0,1,1,26,999.9,4.8,0
100902,Electronics,Debit Card,716.75,62.19,2275,1,11,1,19,271.0,1.4,0
100903,Home,COD,6259.89,35.82,1612,0,6,4,41,16070.39,,0
100904,Footwear,Credit Card,346.37,34.61,275,2,14,1,22,226.49,5.0,1
100905,Books,UPI,5283.71,65.99,514,1,3,4,22,7187.96,1.7,0
100906,Home,UPI,1439.41,65.36,1584,1,1,2,42,997.22,3.7,0
100907,Electronics,UPI,2083.78,69.79,942,0,12,4,38,2518.04,4.1,0
100908,Fashion,Wallet,3895.67,10.95,1214,1,13,3,24,10407.28,1.3,0
100909,Fashion,Credit Card,2660.13,0.25,1019,0,13,4,68,10613.92,,0
100910,Grocery,UPI,746.94,30.61,1502,1,14,4,28,2073.21,1.8,0
100911,Footwear,Debit Card,2164.77,51.33,599,0,5,3,28,3160.78,1.2,1
100912,Footwear,Debit Card,5966.88,5.1,212,0,10,1,59,5662.57,,0
100913,Footwear,UPI,658.63,26.15,607,0,1,4,54,1945.59,2.4,0
100914,Footwear,UPI,7293.53,40.7,1679,1,6,1,36,4325.06,3.3,0
100915,Footwear,UPI,1823.59,14.88,1531,0,13,2,31,3104.48,4.8,0
100916,Electronics,COD,947.11,51.18,2028,2,9,2,65,924.76,,1
100917,Electronics,Debit Card,655.48,16.07,297,1,12,2,19,1100.29,4.5,0
100918,Fashion,COD,1120.32,58.85,379,0,14,1,51,461.01,4.1,0
100919,Beauty,Debit Card,280.28,24.38,348,1,12,4,23,847.79,1.2,0
100920,Electronics,UPI,960.84,41.91,1419,1,10,2,18,1116.3,2.6,0
100921,Grocery,UPI,1085.35,38.09,1446,0,5,4,23,2687.76,4.1,0
100922,Beauty,Credit Card,567.06,20.75,423,0,8,1,47,449.4,4.9,0
100923,Home,Credit Card,2436.4,30.74,1139,0,2,2,33,3374.9,2.8,0
100924,Electronics,COD,1124.38,59.22,157,1,9,3,53,1375.57,3.8,0
100925,Fashion,COD,805.42,38.38,1541,1,14,4,67,1985.2,5.0,1
100926,Electronics,COD,1032.49,3.89,1437,1,3,3,20,2976.98,3.5,0
100927,Footwear,UPI,1779.5,49.91,96,0,7,3,50,2674.05,4.1,0
100928,Beauty,COD,1420.23,12.77,248,0,13,4,65,4955.47,4.9,0
100929,Books,Wallet,764.5,34.02,1771,0,5,2,24,1008.83,3.8,0
100930,Fashion,COD,1481.07,32.8,2250,0,9,4,39,3981.12,,0
100931,Fashion,UPI,1286.22,34.05,2129,0,11,4,21,3393.05,4.9,0
100932,Home,Debit Card,538.31,2.17,1430,1,12,4,23,2106.51,4.2,0
100933,Grocery,Debit Card,1063.37,19.07,1324,0,10,3,68,2581.76,2.1,0
100934,Grocery,Debit Card,2129.13,3.55,2026,3,1,1,31,2053.55,4.9,0
100935,Fashion,UPI,2116.91,29.05,2106,0,1,4,26,6007.79,1.3,0
100936,Footwear,UPI,1114.35,43.49,2269,4,11,2,64,1259.44,4.8,0
100937,Electronics,Debit Card,2301.73,45.79,1017,1,14,4,32,4991.07,,0
100938,Footwear,COD,611.57,4.52,1205,0,4,1,32,583.93,2.1,0
100939,Electronics,COD,626.91,8.32,224,2,8,1,61,574.75,4.4,1
100940,Fashion,UPI,1095.53,46.31,462,0,1,2,57,1176.38,1.2,0
100941,Grocery,Credit Card,4438.42,37.18,962,1,3,4,46,11152.86,4.8,0
100942,Electronics,Credit Card,1526.3,58.34,2029,1,7,1,62,635.86,3.4,0
100943,Home,Debit Card,1074.6,14.36,1132,0,1,1,29,920.29,3.1,0
100944,Home,Credit Card,4606.9,8.42,1480,2,9,2,59,8438.0,,1
100945,Fashion,UPI,1064.7,25.34,2167,0,8,4,52,3179.62,1.1,1
100946,Books,UPI,8004.72,44.59,1204,0,2,1,47,4435.42,3.0,0
100947,Footwear,UPI,889.78,34.02,856,0,9,4,37,2348.31,3.9,0
100948,Footwear,UPI,596.22,6.9,1833,1,7,2,24,1110.16,1.4,0
100949,Fashion,UPI,1172.52,4.99,808,2,2,3,48,3342.03,1.1,0
100950,Home,Debit Card,1097.44,47.44,988,0,4,3,59,1730.44,3.5,1
100951,Fashion,Wallet,701.92,20.79,2223,1,8,4,23,2223.96,2.4,0
100952,Fashion,COD,10738.38,46.86,1110,1,12,1,26,5706.38,2.9,1
100953,Electronics,Debit Card,1728.31,20.64,649,0,7,3,63,4114.76,3.5,0
100954,Footwear,UPI,1941.86,22.04,2091,0,9,2,62,3027.75,2.5,0
100955,Footwear,Credit Card,925.65,14.69,1616,0,7,2,48,1579.34,1.9,0
100956,Grocery,COD,843.76,68.86,1926,1,13,3,41,788.24,2.0,0
100957,Home,Debit Card,3042.54,1.12,836,0,14,3,18,9025.39,,0
100958,Home,Credit Card,350.49,8.91,1961,1,6,2,65,638.52,3.9,1
100959,Home,UPI,536.84,58.54,2380,4,5,3,47,667.72,,1
100960,Home,Credit Card,1099.0,9.67,433,0,9,3,22,2978.18,4.9,0
100961,Home,COD,3947.5,19.65,498,0,13,2,36,6343.63,1.0,1
100962,Electronics,Debit Card,992.66,18.39,1423,1,9,2,61,1620.22,2.2,0
100963,Electronics,Credit Card,1868.56,48.79,1818,1,5,2,65,1913.78,4.2,0
100964,Footwear,COD,1369.48,28.78,31,0,11,2,51,1950.69,1.4,1
100965,Home,Debit Card,3778.21,58.84,1388,1,3,2,25,3110.22,3.4,0
100966,Footwear,Credit Card,376.99,52.32,344,1,4,1,26,179.75,2.2,0
100967,Electronics,COD,2413.35,37.18,2447,1,3,4,35,6064.27,,0
100968,Beauty,Debit Card,1142.39,17.43,1824,1,13,3,57,2829.81,1.9,1
100969,Fashion,Debit Card,2807.1,55.47,2485,1,14,3,57,3750.0,1.3,0
100970,Fashion,UPI,695.46,60.62,568,1,14,3,56,821.62,3.5,0
100971,Electronics,Credit Card,1365.83,58.54,1990,0,1,4,29,2265.09,2.5,0
100972,Electronics,COD,1233.97,3.62,973,1,13,4,34,4757.2,4.6,0
100973,Footwear,Wallet,600.67,48.86,285,1,4,2,34,614.37,4.7,0
100974,Fashion,Debit Card,480.9,49.28,1215,0,14,2,55,487.82,4.2,1
100975,Beauty,COD,841.91,66.02,1188,0,5,4,58,1144.32,1.5,0
100976,Home,UPI,1486.15,18.44,1265,1,5,3,19,3636.31,3.6,0
100977,Home,COD,731.04,55.04,2140,1,10,4,55,1314.7,1.4,0
100978,Home,UPI,1028.59,48.24,720,0,12,1,38,532.4,1.1,0
100979,Electronics,UPI,296.3,61.51,1607,2,6,2,36,228.09,1.8,0
100980,Footwear,Wallet,995.73,48.53,522,1,12,2,44,1025.0,3.0,0
100981,Grocery,Wallet,3037.74,59.67,2201,2,1,2,42,2450.24,2.8,1
100982,Books,COD,2354.64,25.17,1161,1,13,3,68,5285.93,,0
100983,Home,UPI,1249.45,11.03,2004,0,8,4,46,4446.54,3.1,0
100984,Electronics,COD,1627.7,25.43,694,0,8,1,60,1213.78,,0
100985,Footwear,Debit Card,690.48,57.05,803,0,13,4,64,1186.24,1.6,0
100986,Fashion,Debit Card,4912.56,9.22,2457,0,1,4,69,17838.49,,1
100987,Electronics,COD,7003.81,44.66,511,0,13,2,52,7751.82,3.7,0
100988,Fashion,COD,1528.22,69.13,1416,0,3,2,67,943.52,,0
100989,Grocery,COD,10641.84,62.65,826,0,14,4,48,15898.91,3.5,0
100990,Beauty,COD,777.32,46.98,993,0,11,1,37,412.14,4.4,0
100991,Grocery,COD,492.32,55.48,1748,0,5,4,60,876.72,,0
100992,Grocery,UPI,759.23,8.15,1961,2,1,4,63,2789.41,4.3,0
100993,Fashion,Credit Card,1123.73,34.92,1218,0,2,2,33,1462.65,,0
100994,Footwear,UPI,8515.58,37.23,1605,0,2,3,68,16035.69,4.7,0
100995,Home,UPI,1069.63,54.79,138,0,1,3,41,1450.74,,1
100996,Beauty,UPI,673.36,19.78,607,0,9,4,29,2160.68,1.2,1
100997,Electronics,Credit Card,652.78,7.45,1863,0,13,4,53,2416.59,3.9,0
100998,Footwear,UPI,3334.3,48.87,1674,1,12,4,30,6819.31,,0
100999,Fashion,UPI,2974.53,34.48,140,1,11,1,39,1948.91,1.7,0
101000,Electronics,UPI,908.34,58.96,2231,0,14,4,45,1491.13,2.8,0
101001,Home,UPI,298.68,33.7,1040,2,9,4,42,792.1,3.2,0
101002,Electronics,Debit Card,543.01,59.24,780,2,2,3,24,663.99,1.6,0
101003,Electronics,Credit Card,5308.13,35.55,1171,1,7,1,26,3421.09,1.2,0
101004,Beauty,UPI,2324.0,54.79,1005,1,11,3,22,3152.04,4.1,0
101005,Fashion,Credit Card,1411.44,50.45,1272,0,7,2,49,1398.74,,0
101006,Footwear,UPI,5973.37,18.63,435,0,5,2,69,9721.06,2.0,0
101007,Fashion,COD,6416.71,21.66,373,0,7,2,51,10053.7,4.8,1
101008,Books,COD,1301.47,62.94,2474,1,11,2,47,964.65,,1
101009,Home,Credit Card,1320.73,16.17,1877,0,6,3,62,3321.5,2.6,0
101010,Books,COD,840.81,48.83,922,0,5,1,19,430.24,,0
101011,Beauty,Wallet,1066.69,10.16,2127,2,7,1,22,958.31,3.9,0
101012,Home,COD,407.87,52.86,1994,0,6,2,69,384.54,3.9,1
101013,Footwear,UPI,406.54,15.63,1753,0,3,2,64,686.0,4.5,0
101014,Fashion,COD,337.6,41.58,1811,0,4,4,46,788.9,1.1,0
101015,Electronics,Wallet,3189.02,39.5,2379,0,2,2,22,3858.71,3.5,0
101016,Books,Credit Card,384.09,14.25,2090,0,11,4,27,1317.43,2.1,0
101017,Grocery,COD,6373.92,34.4,666,1,3,1,56,4181.29,,0
101018,Electronics,COD,746.73,61.55,1825,0,14,3,29,861.35,1.1,1
101019,Home,Debit Card,5376.97,47.64,427,1,14,4,48,11261.53,2.9,1
101020,Footwear,Wallet,1000.2,69.49,1271,0,10,2,57,610.32,3.8,0
101021,Books,Wallet,382.62,54.92,196,2,14,1,39,172.49,4.0,1
101022,Footwear,COD,3740.68,45.04,448,1,13,3,42,6167.63,3.5,0
101023,Home,Credit Card,4111.29,39.42,1812,2,11,1,66,2490.62,2.9,0
101024,Books,COD,648.82,65.62,947,3,5,1,68,223.06,4.6,1
101025,Fashion,Credit Card,1027.29,36.89,430,0,12,1,41,648.32,3.3,1
101026,Footwear,Debit Card,648.95,28.19,2449,2,5,2,28,932.02,,0
101027,Fashion,COD,1216.31,58.41,2347,0,2,3,19,1517.59,,1
101028,Books,Debit Card,1460.1,65.82,596,0,8,1,27,499.06,2.8,0
101029,Home,UPI,1011.2,33.52,1507,0,2,2,45,1344.49,3.4,0
101030,Beauty,COD,312.59,9.61,755,1,2,4,68,1130.2,,1
101031,Books,COD,841.59,42.59,2016,1,2,3,45,1449.47,1.8,1
101032,Home,COD,2351.51,51.86,1729,1,13,3,69,3396.05,2.8,0
101033,Footwear,COD,1133.29,26.15,1103,0,1,3,56,2510.8,2.3,0
101034,Home,COD,1030.76,52.35,2329,0,6,4,22,1964.63,1.2,1
101035,Beauty,Debit Card,636.11,37.17,1845,1,11,1,36,399.67,2.9,1
101036,Fashion,COD,822.18,21.09,403,0,12,2,48,1297.56,3.6,0
101037,Home,UPI,4134.65,44.07,1125,1,1,1,21,2312.51,1.2,0
101038,Home,UPI,538.17,27.23,2079,0,13,3,18,1174.88,3.3,0
101039,Electronics,UPI,2384.29,55.08,1360,1,14,2,36,2142.05,2.2,0
101040,Electronics,Debit Card,1390.81,0.22,276,2,14,1,64,1387.75,1.2,0
101041,Books,COD,1629.21,57.27,1940,2,10,4,49,2784.65,,0
101042,Books,COD,745.54,21.46,1218,0,8,3,45,1756.64,3.9,0
101043,Books,COD,1010.88,67.17,618,4,3,1,46,331.87,3.2,1
101044,Electronics,Wallet,1333.32,53.14,2044,1,2,1,46,624.79,4.8,0
101045,Fashion,Wallet,883.12,16.87,2214,0,12,3,62,2202.41,3.7,0
101046,Electronics,Credit Card,1746.11,68.52,1481,2,12,2,34,1099.35,4.9,1
101047,Grocery,COD,1931.3,34.97,1799,0,12,4,32,5023.7,2.1,0
101048,Footwear,Credit Card,7617.21,36.6,625,2,9,1,32,4829.31,3.3,0
101049,Fashion,COD,1673.3,63.67,1873,0,8,1,47,607.91,3.2,1
101050,Books,Wallet,290.09,64.29,2263,2,3,3,31,310.77,3.1,0
101051,Electronics,COD,3396.21,48.78,618,1,2,2,68,3479.08,4.6,0
101052,Fashion,Credit Card,1137.86,68.49,2358,0,3,4,53,1434.16,3.1,0
101053,Electronics,Credit Card,6697.84,23.02,252,1,6,4,34,20623.99,2.1,0
101054,Fashion,COD,4344.82,16.26,1131,0,5,1,31,3638.35,,0
101055,Books,Credit Card,894.07,2.05,209,0,8,4,40,3502.97,2.1,0
101056,Footwear,UPI,2386.35,24.24,1135,0,11,4,62,7231.6,1.3,1
101057,Fashion,COD,832.84,42.18,1628,0,11,1,69,481.55,3.4,0
101058,Home,Debit Card,1342.32,21.38,2180,1,12,3,45,3166.0,1.5,0
101059,Books,Credit Card,2300.28,40.57,400,1,5,3,25,4101.17,3.9,0
101060,Footwear,COD,3262.99,3.39,2221,1,14,1,20,3152.37,,0
101061,Beauty,COD,2741.24,24.79,2498,0,13,3,47,6185.06,4.5,0
101062,Fashion,COD,1422.24,52.36,194,0,5,4,50,2710.22,2.6,0
101063,Beauty,COD,9766.75,7.3,2403,2,4,2,37,18107.55,,0
101064,Fashion,Credit Card,1000.23,50.04,2269,0,13,4,64,1998.86,2.7,0
101065,Footwear,UPI,370.27,53.43,102,0,14,3,20,517.3,3.9,0
101066,Fashion,UPI,431.92,39.81,186,1,7,3,33,779.92,1.6,0
101067,Books,UPI,4355.55,62.03,1820,2,2,3,57,4961.41,2.4,1
101068,Electronics,Credit Card,1259.76,66.82,1066,0,9,3,30,1253.97,2.1,0
101069,Home,UPI,1521.19,2.43,674,0,12,4,28,5936.9,2.6,1
101070,Footwear,Debit Card,867.82,47.54,1028,0,7,3,55,1365.78,,1
101071,Beauty,COD,932.47,16.6,872,2,2,3,64,2333.04,3.5,1
101072,Home,COD,713.6,28.57,2438,1,11,1,27,509.72,3.0,0
101073,Footwear,Credit Card,1952.61,43.62,623,0,11,3,39,3302.64,1.5,0
101074,Footwear,UPI,1239.04,49.86,248,0,13,4,68,2485.02,3.3,0
101075,Fashion,Credit Card,1896.95,58.81,2081,1,13,3,25,2344.06,,0
101076,Home,COD,1757.33,49.38,2104,0,7,3,25,2668.68,2.4,0
101077,Home,Wallet,952.7,54.42,2237,0,5,1,30,434.24,4.6,0
101078,Beauty,COD,416.97,41.93,2428,0,3,4,42,968.54,2.4,0
101079,Fashion,Wallet,388.91,8.19,129,1,2,3,61,1071.17,1.6,0
101080,Fashion,UPI,15082.97,1.5,1929,2,12,2,40,29713.45,4.3,0
101081,Footwear,UPI,4370.09,37.08,696,3,14,1,37,2749.66,3.3,0
101082,Footwear,UPI,3913.34,50.09,1071,2,10,4,62,7812.59,3.1,0
101083,Grocery,COD,780.8,7.62,1138,1,14,3,31,2163.91,4.7,0
101084,Footwear,Debit Card,1349.66,30.05,2464,2,5,2,37,1888.17,4.3,0
101085,Books,UPI,697.64,17.93,1318,0,11,3,30,1717.66,5.0,0
101086,Grocery,UPI,468.87,39.7,580,1,6,4,23,1130.91,3.8,0
101087,Grocery,COD,836.29,27.34,246,2,6,4,48,2430.59,3.3,0
101088,Home,COD,3869.76,14.1,1484,3,9,2,68,6648.25,,0
101089,Home,COD,2624.37,0.31,2080,0,2,4,31,10464.94,2.4,0
101090,Fashion,Credit Card,616.44,22.51,1784,0,6,1,21,477.68,1.7,0
101091,Beauty,Debit Card,1041.22,36.13,2336,1,6,2,66,1330.05,4.3,0
101092,Fashion,UPI,2438.89,65.04,133,0,7,3,23,2557.91,1.0,0
101093,Fashion,UPI,848.29,15.92,1025,0,11,3,20,2139.73,4.6,0
101094,Beauty,Debit Card,1427.48,35.86,1540,1,4,1,56,915.59,2.0,0
101095,Home,COD,1847.3,39.65,2147,1,3,2,26,2229.69,2.0,0
101096,Fashion,Credit Card,1831.23,45.45,802,1,9,2,69,1997.87,1.0,0
101097,Grocery,COD,1641.42,23.0,1700,2,1,2,40,2527.79,2.4,0
101098,Footwear,COD,793.97,6.96,543,0,14,3,52,2216.13,1.4,0
101099,Electronics,COD,861.97,64.49,1491,0,13,1,28,306.09,,0
101100,Electronics,COD,540.82,66.69,1944,0,6,3,29,540.44,3.8,0
101101,Fashion,COD,384.11,30.68,2053,1,10,1,58,266.27,2.7,0
101102,Grocery,Debit Card,1221.95,40.64,1145,1,8,3,44,2176.05,1.0,0
101103,Grocery,COD,2573.46,2.03,1198,3,10,4,65,10084.88,2.3,0
101104,Electronics,COD,443.98,3.31,2208,2,4,4,65,1717.14,,1
101105,Grocery,COD,1666.33,5.37,1382,2,14,4,49,6307.39,4.7,0
101106,Electronics,Debit Card,2509.16,51.71,894,0,13,2,58,2423.35,4.4,0
101107,Fashion,Debit Card,308.16,15.91,708,0,8,2,62,518.26,2.4,0
101108,Footwear,COD,1078.73,12.91,1788,1,13,4,48,3757.86,2.0,0
101109,Electronics,COD,4998.87,0.58,1789,1,5,1,59,4969.88,1.4,1
101110,Electronics,Wallet,2082.98,1.6,1358,1,11,4,19,8198.61,3.8,0
101111,Home,Debit Card,299.96,28.38,422,1,13,1,26,214.83,1.5,0
101112,Beauty,Debit Card,2268.04,37.92,428,1,10,1,42,1408.0,3.7,0
101113,Footwear,Credit Card,736.43,40.53,630,0,14,1,22,437.95,2.0,0
101114,Footwear,UPI,2328.65,32.05,59,1,3,1,42,1582.32,3.9,0
101115,Electronics,UPI,771.19,32.17,1215,0,1,4,50,2092.39,2.6,0
101116,Electronics,Credit Card,1283.79,52.72,1054,3,8,1,37,606.98,1.5,0
101117,Grocery,Debit Card,871.28,20.27,981,1,5,2,69,1389.34,2.1,0
101118,Fashion,COD,1342.82,16.64,2339,0,9,4,63,4477.5,3.8,1
101119,Footwear,Debit Card,850.8,59.8,621,0,6,4,61,1368.09,3.7,0
101120,Books,Credit Card,1120.1,48.25,2027,0,13,2,55,1159.3,3.4,0
101121,Electronics,COD,522.97,33.38,503,2,2,2,50,696.81,2.3,1
101122,Grocery,Wallet,1983.32,19.28,1540,0,14,2,52,3201.87,3.5,0
101123,Electronics,UPI,1541.06,9.56,2156,0,4,3,23,4181.2,,0
101124,Home,COD,367.52,2.62,2099,1,5,2,66,715.78,3.4,0
101125,Beauty,Wallet,2964.11,59.67,1489,0,1,3,58,3586.28,4.1,0
101126,Home,COD,1163.25,41.54,541,3,10,4,33,2720.14,1.6,1
101127,Books,Credit Card,1524.48,3.21,962,2,10,1,53,1475.54,4.3,0
101128,Books,UPI,2469.2,11.1,1078,0,14,4,39,8780.48,,0
101129,Footwear,COD,1741.66,19.57,2119,0,2,3,66,4202.45,4.8,0
101130,Footwear,Credit Card,3402.15,18.42,962,0,7,1,45,2775.47,1.1,0
101131,Home,Debit Card,1059.3,38.39,2068,3,13,4,54,2610.54,4.6,0
101132,Electronics,COD,3064.21,27.96,2380,0,1,2,27,4414.91,1.3,1
101133,Books,Credit Card,1477.84,61.76,303,1,9,1,23,565.13,2.5,1
101134,Footwear,COD,2010.44,50.36,2341,1,4,1,64,997.98,,0
101135,Fashion,Debit Card,1849.93,63.75,1431,0,5,1,49,670.6,1.9,0
101136,Home,COD,3614.05,60.4,1514,1,11,2,52,2862.33,,0
101137,Home,COD,2385.42,64.5,784,1,12,3,38,2540.47,4.6,0
101138,Electronics,UPI,939.78,68.6,854,1,1,1,50,295.09,1.7,1
101139,Books,COD,801.9,21.82,1365,1,10,4,39,2507.7,3.2,0
101140,Fashion,Credit Card,1287.16,14.68,521,0,6,1,51,1098.2,4.3,0
101141,Grocery,UPI,729.18,11.56,1803,0,11,4,50,2579.55,,0
101142,Grocery,UPI,577.23,43.97,1677,0,12,1,29,323.42,4.7,0
101143,Grocery,COD,244.1,47.67,51,0,13,1,64,127.74,4.9,1
101144,Home,UPI,387.84,6.15,550,1,2,2,67,727.98,2.1,0
101145,Fashion,UPI,6557.24,57.48,1298,0,12,4,57,11152.55,2.9,0
101146,Books,COD,792.19,54.81,1863,2,14,3,19,1073.97,,1
101147,Grocery,UPI,6141.16,43.99,750,1,11,4,19,13758.65,,0
101148,Home,UPI,1849.23,30.49,2220,0,6,2,59,2570.8,1.5,0
101149,Footwear,Debit Card,1287.16,10.76,1349,2,11,4,25,4594.65,,0
101150,Electronics,Debit Card,403.23,35.39,1361,2,1,4,68,1042.11,,0
101151,Footwear,UPI,1344.44,11.14,301,1,6,1,36,1194.67,3.6,0
101152,Electronics,Wallet,6086.0,42.35,1581,1,12,3,27,10525.74,3.6,0
101153,Electronics,Debit Card,4656.92,21.7,2049,1,10,4,53,14585.47,1.1,0
101154,Home,UPI,1668.02,17.31,552,0,4,3,53,4137.86,3.9,0
101155,Electronics,UPI,534.36,30.87,1372,1,8,4,50,1477.61,4.0,1
101156,Electronics,UPI,622.83,40.65,45,0,1,3,57,1108.95,3.2,0
101157,Electronics,Wallet,677.17,25.72,551,0,14,3,44,1509.01,3.9,0
101158,Home,COD,3723.89,67.45,205,2,8,2,34,2424.25,1.0,0
101159,Grocery,COD,4941.26,0.41,1931,2,8,1,40,4921.0,,1
101160,Electronics,Debit Card,1566.68,63.9,2489,1,5,2,50,1131.14,1.3,0
101161,Books,Credit Card,1051.04,0.05,123,3,4,1,59,1050.51,2.3,1
101162,Grocery,Debit Card,4623.78,15.17,1764,0,5,3,40,11767.06,1.8,1
101163,Electronics,UPI,612.25,69.74,1494,2,7,2,22,370.53,1.7,0
101164,Electronics,UPI,1396.13,50.97,1764,1,6,2,38,1369.05,2.7,0
101165,Footwear,Credit Card,1939.86,45.11,1269,0,6,4,48,4259.16,,0
101166,Grocery,UPI,671.66,50.83,2478,0,8,1,58,330.26,3.2,0
101167,Home,COD,805.34,28.58,127,0,7,4,60,2300.7,4.3,1
101168,Grocery,Credit Card,756.73,54.89,398,0,5,2,59,682.72,2.6,0
101169,Electronics,COD,4160.46,10.84,646,1,9,4,32,14837.86,,0
101170,Fashion,Credit Card,6194.98,55.57,1962,1,4,4,19,11009.72,1.0,0
101171,Books,Credit Card,1468.26,65.77,220,1,14,2,28,1005.17,,0
101172,Fashion,UPI,1080.77,60.04,335,0,10,4,24,1727.5,3.4,0
101173,Grocery,Debit Card,828.92,51.78,1838,1,4,4,53,1598.82,1.5,0
101174,Home,Credit Card,1341.3,45.6,1063,1,10,3,32,2189.0,,0
101175,Grocery,COD,862.49,36.48,1773,1,14,4,27,2191.41,1.7,0
101176,Home,COD,1239.39,27.67,935,0,11,3,46,2689.35,2.6,1
101177,Fashion,Wallet,1864.2,60.6,250,1,11,1,43,734.49,1.2,0
101178,Fashion,UPI,968.5,45.32,1504,1,4,3,54,1588.73,4.1,0
101179,Fashion,COD,1150.93,30.44,299,1,3,1,65,800.59,2.3,0
101180,Grocery,COD,1154.75,54.94,1212,2,8,3,22,1560.99,4.7,0
101181,Electronics,Credit Card,1038.93,3.79,2204,0,4,4,21,3998.22,2.1,0
101182,Electronics,Debit Card,940.9,56.92,481,3,2,1,60,405.34,2.5,0
101183,Electronics,Credit Card,2464.53,56.75,526,1,13,3,65,3197.73,4.7,0
101184,Electronics,COD,324.87,16.0,2372,5,5,3,35,818.67,1.7,1
101185,Grocery,Credit Card,4719.34,2.64,780,1,12,1,27,4594.75,4.4,1
101186,Fashion,COD,1492.82,49.96,950,0,11,4,33,2988.03,,0
101187,Footwear,COD,2182.04,13.99,1720,0,3,4,43,7507.09,3.0,1
101188,Electronics,COD,2392.42,69.72,346,0,3,1,18,724.42,4.5,0
101189,Books,Debit Card,760.18,0.64,179,0,9,2,24,1510.63,1.6,0
101190,Home,Credit Card,644.52,16.09,2112,1,9,1,19,540.82,1.1,0
101191,Fashion,COD,586.51,2.94,2370,0,4,3,54,1707.8,2.0,0
101192,Footwear,Debit Card,1099.21,54.79,2467,0,3,4,41,1987.81,2.0,0
101193,Footwear,Credit Card,2343.41,40.51,86,1,9,4,69,5576.38,,0
101194,Footwear,UPI,839.65,59.39,1338,2,4,2,41,681.96,4.0,0
101195,Electronics,Wallet,2178.4,67.38,2127,0,3,1,33,710.59,1.2,0
101196,Fashion,COD,201.47,42.71,2116,1,6,2,33,230.84,,0
101197,Books,UPI,983.92,16.22,921,0,5,1,66,824.33,3.9,0
101198,Fashion,UPI,3407.42,6.49,1240,1,6,2,27,6372.56,4.2,0
101199,Books,Debit Card,1168.2,60.64,400,1,6,3,55,1379.41,4.9,0
101200,Beauty,Credit Card,690.0,17.16,373,1,8,1,63,571.6,4.3,0
101201,Beauty,COD,791.97,62.55,962,2,8,3,68,889.78,1.4,0
101202,Grocery,COD,118.82,61.48,598,0,1,4,22,183.08,1.7,1
101203,Books,Wallet,596.19,43.95,2432,1,4,2,52,668.33,3.9,0
101204,Electronics,Debit Card,3120.64,42.28,227,0,8,4,60,7204.93,1.8,0
101205,Electronics,Credit Card,840.43,66.56,1336,2,11,2,53,562.08,2.0,0
101206,Beauty,Credit Card,923.68,52.92,1404,1,1,4,61,1739.47,4.4,0
101207,Home,COD,207.38,47.83,176,1,12,3,67,324.57,2.8,0
101208,Fashion,COD,363.34,30.5,1118,0,2,3,63,757.56,2.6,0
101209,Home,Debit Card,3470.45,33.88,2355,0,9,4,55,9178.65,2.9,0
101210,Grocery,Credit Card,2194.78,27.22,300,1,4,2,28,3194.72,2.0,0
101211,Grocery,UPI,474.4,66.24,384,1,13,3,62,480.47,,1
101212,Beauty,Debit Card,808.79,44.67,438,1,10,4,53,1790.01,4.9,0
101213,Fashion,Debit Card,1308.53,54.63,165,2,12,2,32,1187.36,2.2,0
101214,Fashion,UPI,514.45,2.6,2215,0,12,4,51,2004.3,3.0,0
101215,Home,COD,269.53,59.67,142,1,1,2,26,217.4,1.2,1
101216,Fashion,Debit Card,1179.25,29.23,724,2,12,3,61,2503.67,1.6,0
101217,Beauty,UPI,2117.7,51.6,2071,0,2,2,51,2049.93,1.4,0
101218,Books,COD,2150.56,2.8,2488,0,8,3,51,6271.03,1.2,1
101219,Electronics,COD,2697.79,62.57,407,1,10,1,31,1009.78,3.6,1
101220,Electronics,COD,386.51,46.19,919,1,13,4,25,831.92,,0
101221,Fashion,COD,1402.93,32.03,472,1,11,1,40,953.57,2.8,0
101222,Footwear,Credit Card,1080.56,21.25,505,0,10,2,36,1701.88,3.7,0
101223,Beauty,COD,1249.16,21.77,2361,0,14,4,62,3908.87,2.5,1
101224,Electronics,Debit Card,1130.68,21.24,863,0,1,1,69,890.52,1.6,0
101225,Footwear,COD,789.69,9.17,1540,0,1,4,50,2869.1,1.9,0
101226,Home,COD,119.79,32.47,417,1,3,2,59,161.79,1.6,0
101227,Home,COD,3392.98,31.74,734,0,4,2,67,4632.1,2.2,0
101228,Footwear,COD,1744.1,28.84,921,2,7,4,56,4964.41,2.4,1
101229,Electronics,Wallet,408.53,49.22,1478,0,12,4,36,829.81,2.6,0
101230,Fashion,COD,1955.7,29.39,2253,0,6,4,30,5523.68,1.9,0
101231,Beauty,COD,936.51,6.23,630,0,13,3,32,2634.5,1.9,0
101232,Electronics,COD,957.98,59.64,1623,0,9,1,34,386.64,3.6,1
101233,Books,Credit Card,724.35,29.76,1250,0,7,3,29,1526.35,,0
101234,Fashion,Debit Card,2058.11,45.87,1993,2,12,3,53,3342.16,2.8,0
101235,Electronics,UPI,706.37,65.09,856,0,7,4,68,986.38,4.7,1
101236,Fashion,Credit Card,556.98,53.72,1076,2,1,3,31,773.31,4.0,0
101237,Home,Debit Card,3312.29,37.72,1567,2,12,2,40,4125.79,2.3,0
101238,Electronics,Credit Card,1160.84,38.15,1124,0,2,2,66,1435.96,3.2,0
101239,Electronics,UPI,1190.36,59.47,1904,2,7,3,65,1447.36,4.9,0
101240,Footwear,Debit Card,2330.81,57.65,64,1,3,4,19,3948.39,3.9,0
101241,Fashion,COD,785.19,12.51,890,1,12,2,35,1373.93,3.4,0
101242,Fashion,UPI,921.02,43.86,460,1,9,2,36,1034.12,3.2,0
101243,Electronics,UPI,1710.55,60.6,385,1,14,4,32,2695.83,4.6,0
101244,Fashion,Credit Card,390.29,56.23,161,0,13,4,66,683.32,,0
101245,Fashion,Wallet,1598.59,8.73,908,0,4,2,58,2918.07,,0
101246,Beauty,UPI,731.74,30.5,567,1,4,1,21,508.56,2.4,0
101247,Fashion,COD,2655.47,36.28,1902,1,4,3,50,5076.2,2.9,1
101248,Footwear,UPI,2074.2,18.05,1270,2,3,1,47,1699.81,1.2,0
101249,Footwear,Debit Card,1866.16,47.56,1974,0,14,1,45,978.61,4.2,0
101250,Electronics,Credit Card,370.34,33.34,2216,0,2,3,55,740.61,1.7,0
101251,Electronics,Credit Card,1233.1,20.83,1970,1,6,2,40,1952.49,3.3,0
101252,Electronics,UPI,522.27,23.58,1069,0,4,1,55,399.12,4.7,0
101253,Beauty,Debit Card,1300.51,59.97,2437,1,1,2,42,1041.19,,0
101254,Electronics,Credit Card,210.14,60.63,981,3,12,3,67,248.2,2.3,0
101255,Footwear,COD,390.46,56.87,2067,5,8,4,61,673.62,2.6,0
101256,Grocery,Credit Card,3467.63,63.97,456,0,13,4,20,4997.55,3.2,1
101257,Grocery,UPI,1799.46,66.66,2422,0,9,2,25,1199.88,1.9,0
101258,Home,UPI,1009.23,34.43,778,4,7,3,38,1985.26,4.0,0
101259,Footwear,COD,647.43,6.77,1578,1,4,2,20,1207.2,3.5,0
101260,Electronics,UPI,562.62,56.0,904,1,9,3,21,742.66,1.4,0
101261,Home,UPI,1572.03,44.34,596,2,11,1,18,874.99,3.0,0
101262,Fashion,Credit Card,1017.49,26.64,843,1,1,2,64,1492.86,2.4,0
101263,Footwear,COD,4616.16,68.29,1532,2,4,2,43,2927.57,2.4,1
101264,Beauty,Debit Card,1155.39,23.71,306,1,6,3,58,2644.34,4.9,1
101265,Grocery,COD,1403.85,63.53,518,0,2,2,60,1023.97,2.6,0
101266,Electronics,COD,441.07,41.48,2302,1,2,2,26,516.23,1.1,0
101267,Footwear,Debit Card,1003.69,2.56,240,1,4,3,52,2933.99,2.4,0
101268,Home,UPI,1543.17,60.22,1814,3,5,3,50,1841.62,,1
101269,Home,Credit Card,994.03,53.35,774,0,8,2,69,927.43,3.1,0
101270,Footwear,UPI,908.23,44.97,818,2,12,4,63,1999.2,1.3,1
101271,Fashion,UPI,1739.8,43.02,926,2,12,4,49,3965.35,1.7,0
101272,Fashion,COD,4500.12,15.32,975,2,6,3,53,11432.1,4.1,1
101273,Beauty,COD,1504.14,15.01,1780,0,8,3,44,3835.11,1.0,0
101274,Electronics,UPI,3345.43,2.04,2017,0,1,3,48,9831.55,1.9,0
101275,Fashion,UPI,2202.35,10.79,926,1,12,1,48,1964.72,4.9,0
101276,Electronics,Credit Card,3189.06,23.55,453,0,4,2,63,4876.07,3.6,0
101277,Electronics,Debit Card,822.4,37.85,37,0,1,4,63,2044.49,2.0,0
101278,Footwear,Debit Card,1135.08,9.16,1819,2,9,3,29,3093.32,1.8,0
101279,Beauty,UPI,1138.86,39.03,2294,3,6,1,18,694.36,2.7,1
101280,Fashion,UPI,2073.56,18.43,114,0,6,1,31,1691.4,3.6,0
101281,Home,COD,2524.83,17.78,1485,0,7,4,42,8303.66,1.7,0
101282,Home,COD,1480.37,66.36,569,0,9,3,29,1493.99,4.0,1
101283,Beauty,COD,2700.97,69.46,550,2,12,2,39,1649.75,1.2,1
101284,Footwear,UPI,853.49,56.8,2076,0,9,4,40,1474.83,1.8,0
101285,Footwear,UPI,2719.77,3.81,653,3,9,1,67,2616.15,3.4,0
101286,Fashion,UPI,3018.9,51.0,780,1,12,4,40,5917.04,,0
101287,Fashion,COD,2303.07,12.49,336,1,11,4,27,8061.67,3.7,1
101288,Home,Debit Card,1491.2,39.85,2262,1,3,2,39,1793.91,2.0,0
101289,Beauty,COD,2370.03,62.56,2269,1,5,2,19,1774.68,2.5,0
101290,Home,Credit Card,655.11,26.61,2285,0,7,1,19,480.79,1.2,0
101291,Books,COD,1569.78,65.02,598,1,14,4,50,2196.44,,0
101292,Beauty,UPI,1703.45,49.59,493,1,9,3,31,2576.13,2.7,0
101293,Fashion,COD,462.38,21.07,2353,0,12,2,50,729.91,3.2,1
101294,Fashion,Debit Card,1957.98,6.64,1544,0,12,1,19,1827.97,4.3,0
101295,Fashion,Wallet,493.21,57.07,682,1,13,2,34,423.47,4.9,0
101296,Electronics,Debit Card,951.14,32.06,145,4,8,2,47,1292.41,3.4,0
101297,Electronics,COD,1382.72,5.09,2004,1,4,2,46,2624.68,4.3,0
101298,Books,UPI,746.51,7.22,2011,0,6,4,48,2770.45,1.5,0
101299,Fashion,Debit Card,1430.88,67.69,55,0,1,2,49,924.63,4.3,0
101300,Fashion,Credit Card,1412.68,17.01,1211,1,10,1,34,1172.38,2.0,0
101301,Beauty,Debit Card,694.96,67.66,1223,2,9,4,36,899.0,2.6,0
101302,Grocery,UPI,2109.87,47.68,1176,0,3,3,39,3311.65,1.1,0
101303,Fashion,Credit Card,726.82,21.03,941,0,7,1,39,573.97,2.9,0
101304,Grocery,Credit Card,8353.03,26.86,841,0,11,3,58,18328.22,3.6,0
101305,Footwear,Credit Card,1227.11,54.39,856,0,11,2,25,1119.37,2.0,0
101306,Beauty,COD,524.77,30.48,2303,1,11,3,47,1094.46,4.2,1
101307,Books,UPI,609.43,5.23,2480,1,2,2,58,1155.11,4.7,0
101308,Electronics,COD,3354.52,16.09,306,0,6,1,35,2814.78,3.3,0
101309,Footwear,Credit Card,965.53,60.22,1810,0,9,3,38,1152.26,2.0,0
101310,Fashion,Credit Card,449.88,48.73,1446,1,2,1,53,230.65,3.8,0
101311,Footwear,COD,2651.74,35.07,661,0,3,1,51,1721.77,2.2,0
101312,Beauty,Credit Card,960.58,17.18,489,1,14,1,46,795.55,1.7,0
101313,Electronics,Debit Card,2259.13,33.22,1888,0,8,2,40,3017.29,2.1,0
101314,Electronics,COD,2831.19,55.22,930,1,9,4,20,5071.23,2.8,0
101315,Books,COD,1668.32,5.71,350,1,3,3,26,4719.18,,1
101316,Beauty,UPI,9106.34,69.63,2423,1,9,3,43,8296.79,2.3,0
101317,Electronics,Wallet,337.04,60.18,2317,0,13,3,54,402.63,,0
101318,Books,Credit Card,696.2,22.26,1064,0,14,1,28,541.23,4.0,0
101319,Footwear,COD,1091.43,60.94,1083,2,3,4,39,1705.25,4.4,1
101320,Home,COD,8175.84,47.72,1068,1,4,1,30,4274.33,,0
101321,Home,COD,5644.3,46.64,500,1,9,1,27,3011.8,1.8,0
101322,Electronics,Credit Card,3755.41,9.78,290,1,13,3,64,10164.39,4.2,0
101323,Grocery,UPI,709.6,63.41,703,3,1,2,66,519.29,3.6,0
101324,Fashion,UPI,778.98,31.52,985,1,4,1,69,533.45,2.0,0
101325,Footwear,COD,690.32,56.23,413,1,3,2,64,604.31,2.5,1
101326,Fashion,Wallet,715.7,20.97,117,1,12,2,39,1131.24,,0
101327,Beauty,Credit Card,4421.19,21.56,2328,0,7,3,55,10403.94,2.7,0
101328,Fashion,COD,1102.11,67.53,2197,0,11,4,32,1431.42,4.4,1
101329,Electronics,Credit Card,1225.13,34.77,785,1,1,2,47,1598.3,2.6,0
101330,Grocery,COD,2488.68,4.19,1547,3,2,2,31,4768.81,,1
101331,Home,UPI,353.96,58.5,382,1,8,1,50,146.89,3.9,0
101332,Home,Credit Card,1397.05,15.91,2319,0,6,4,39,4699.12,4.1,1
101333,Footwear,Debit Card,556.97,61.51,2037,1,3,3,36,643.13,,0
101334,Footwear,Credit Card,1058.35,64.15,464,0,4,2,22,758.84,2.9,0
101335,Footwear,UPI,837.87,5.09,556,0,11,1,31,795.22,4.1,1
101336,Electronics,Debit Card,804.01,40.77,851,2,1,4,40,1904.86,1.1,1
101337,Beauty,Credit Card,1604.34,68.71,262,1,13,1,48,502.0,3.3,1
101338,Footwear,COD,1598.74,65.16,886,1,3,1,61,557.0,4.8,0
101339,Fashion,UPI,1123.43,36.77,1680,0,11,4,56,2841.38,4.2,0
101340,Electronics,Credit Card,1801.81,47.63,1823,2,9,2,46,1887.22,,0
101341,Grocery,COD,668.55,42.3,48,0,1,4,43,1543.01,4.7,1
101342,Home,UPI,2310.61,14.23,899,3,11,3,42,5945.43,1.8,0
101343,Beauty,COD,1135.74,45.71,2086,1,7,3,64,1849.78,3.2,1
101344,Footwear,COD,909.66,23.32,2180,1,5,4,61,2790.11,,1
101345,Beauty,Credit Card,709.24,23.66,1419,1,2,1,38,541.43,1.1,1
101346,Home,COD,1104.21,29.4,1846,3,2,2,47,1559.14,1.5,1
101347,Fashion,Credit Card,5982.01,59.65,639,1,6,2,37,4827.48,3.2,1
101348,Home,COD,1273.28,16.68,2174,3,5,3,47,3182.69,1.7,1
101349,Electronics,COD,536.18,17.56,1199,0,12,2,40,884.05,,0
101350,Grocery,COD,2793.51,0.51,1738,1,8,4,62,11117.05,,0
101351,Grocery,COD,918.24,10.85,678,1,1,3,54,2455.83,3.5,1
101352,Fashion,Wallet,1680.77,68.51,457,1,13,4,27,2117.1,4.5,0
101353,Fashion,Debit Card,825.07,30.37,1346,2,4,4,19,2297.98,4.7,1
101354,Footwear,Credit Card,3731.7,13.66,1320,3,9,3,67,9665.85,4.7,0
101355,Electronics,Credit Card,834.97,67.6,1441,1,12,2,36,541.06,,0
101356,Home,UPI,4098.13,1.9,2025,0,10,3,25,12060.8,,0
101357,Home,COD,578.59,33.89,1936,0,6,2,56,765.01,,1
101358,Books,COD,1059.63,56.32,775,1,1,2,42,925.69,4.7,0
101359,Electronics,Debit Card,4105.15,54.1,1181,1,4,1,46,1884.26,4.1,0
101360,Books,Credit Card,1532.32,13.25,240,0,8,4,51,5317.15,3.8,0
101361,Fashion,UPI,8243.44,49.55,1972,1,14,3,34,12476.45,4.2,0
101362,Beauty,UPI,1079.97,43.56,364,0,1,1,47,609.54,2.6,0
101363,Electronics,UPI,1645.23,47.27,201,0,3,2,52,1735.06,3.0,0
101364,Home,COD,6149.46,18.63,1315,0,6,3,49,15011.45,1.8,0
101365,Home,COD,398.96,56.75,2305,1,12,3,64,517.65,3.7,1
101366,Fashion,COD,361.33,39.15,959,1,14,2,38,439.74,2.4,1
101367,Electronics,UPI,708.81,50.76,488,0,3,3,44,1047.05,2.1,0
101368,Electronics,UPI,2567.53,65.77,485,1,9,2,57,1757.73,2.0,0
101369,Fashion,UPI,369.49,59.88,2096,0,14,1,56,148.24,3.0,0
101370,Electronics,COD,2159.52,54.76,1661,0,14,1,69,976.97,3.2,1
101371,Footwear,UPI,2041.35,20.28,1251,2,12,4,28,6509.46,4.3,0
101372,Home,Credit Card,6711.06,3.79,2320,0,11,3,65,19370.13,4.7,0
101373,Grocery,UPI,3091.43,40.23,288,1,4,4,42,7390.99,2.2,0
101374,Footwear,Credit Card,1792.27,2.42,1552,1,5,3,29,5246.69,2.3,0
101375,Electronics,COD,3973.12,49.99,918,0,14,3,33,5960.87,2.1,1
101376,Books,COD,2061.36,51.58,606,0,9,2,36,1996.22,2.2,0
101377,Footwear,Wallet,926.99,39.4,2298,1,2,1,69,561.76,3.9,0
101378,Beauty,Credit Card,536.1,11.77,2393,1,1,3,23,1419.0,3.5,0
101379,Home,Credit Card,849.38,61.3,2091,0,13,1,29,328.71,1.3,0
101380,Home,Credit Card,1297.17,41.71,396,1,2,4,55,3024.48,3.3,0
101381,Electronics,Credit Card,1540.73,36.04,1814,0,10,1,67,985.45,4.4,0
101382,Home,UPI,242.7,39.73,915,0,5,4,22,585.1,1.2,0
101383,Footwear,COD,1123.67,5.8,968,1,3,2,39,2116.99,4.6,1
101384,Footwear,COD,1370.41,51.83,508,1,2,2,39,1320.25,2.0,0
101385,Electronics,UPI,2075.65,4.25,1484,3,8,2,43,3974.87,2.3,0
101386,Books,Credit Card,4921.85,40.49,2147,1,12,3,57,8786.98,2.6,0
101387,Fashion,COD,1553.9,11.85,603,2,1,4,45,5479.05,,0
101388,Footwear,COD,647.0,14.54,1357,3,10,2,25,1105.85,,0
101389,Electronics,COD,312.79,16.33,1630,0,9,2,30,523.42,2.0,0
101390,Footwear,COD,2320.66,1.0,1587,1,12,4,56,9189.81,1.0,0
101391,Grocery,COD,668.3,62.43,674,1,9,2,30,502.16,3.3,1
101392,Electronics,COD,2679.73,56.3,101,0,2,2,43,2342.08,1.5,0
101393,Electronics,UPI,4096.7,2.19,2077,3,6,4,37,16027.93,1.4,1
101394,Grocery,UPI,389.45,3.99,1503,2,14,4,40,1495.64,3.3,0
101395,Electronics,UPI,2086.23,54.8,1770,2,12,3,56,2828.93,3.4,1
101396,Home,Credit Card,3767.24,0.48,1343,1,5,1,30,3749.16,3.6,0
101397,Footwear,COD,3026.71,32.83,983,1,14,2,54,4066.08,3.0,0
101398,Beauty,Wallet,250.36,7.51,651,1,1,4,57,926.23,4.5,0
101399,Fashion,UPI,676.6,41.41,1658,0,8,4,69,1585.68,1.5,0
101400,Home,Credit Card,480.99,69.88,2083,0,11,3,41,434.62,4.1,1
101401,Electronics,COD,2036.07,12.04,833,1,10,2,22,3581.85,2.6,0
101402,Footwear,COD,1864.34,66.97,89,0,3,4,52,2463.17,4.6,0
101403,Fashion,Credit Card,154.73,60.58,414,0,3,3,57,182.98,1.9,0
101404,Electronics,Credit Card,1052.93,69.01,1460,0,11,1,19,326.3,4.8,0
101405,Fashion,COD,2541.67,53.63,610,2,14,2,28,2357.14,4.5,0
101406,Footwear,Wallet,1507.76,59.99,2041,0,11,2,35,1206.51,1.7,0
101407,Electronics,Debit Card,1505.7,41.62,701,0,13,3,44,2637.08,2.7,0
101408,Footwear,Debit Card,1000.25,60.71,1249,0,13,1,44,393.0,,0
101409,Books,COD,574.13,7.81,589,0,14,4,28,2117.16,1.6,0
101410,Grocery,UPI,1321.28,51.92,1152,0,12,1,28,635.27,2.6,0
101411,Footwear,UPI,1396.43,44.01,1705,1,11,3,66,2345.58,3.1,0
101412,Grocery,COD,2191.2,4.19,1995,1,12,2,55,4198.78,2.6,1
101413,Footwear,Debit Card,2338.35,20.41,1856,0,5,1,44,1861.09,,1
101414,Electronics,Debit Card,1434.67,15.13,1283,1,8,3,35,3652.81,2.3,0
101415,Grocery,UPI,3216.11,28.36,1159,0,4,4,42,9216.08,1.6,0
101416,Home,COD,992.33,13.88,834,1,8,4,68,3418.38,1.9,1
101417,Home,UPI,421.91,19.24,2469,2,8,3,33,1022.2,3.1,0
101418,Footwear,Credit Card,1961.85,20.72,1841,0,1,4,35,6221.42,1.6,0
101419,Footwear,COD,1481.93,41.99,2230,3,2,4,41,3438.67,4.3,0
101420,Books,COD,1993.3,9.44,1856,1,14,4,27,7220.53,3.9,0
101421,Home,COD,487.09,16.88,245,0,8,1,23,404.87,5.0,0
101422,Home,COD,5611.86,22.2,685,0,1,4,64,17464.11,2.3,1
101423,Fashion,Credit Card,2364.69,31.43,1167,0,6,3,53,4864.4,,0
101424,Fashion,UPI,1063.8,2.67,807,0,13,3,35,3106.19,1.3,0
101425,Fashion,COD,633.74,69.94,2273,2,11,4,47,762.01,2.4,1
101426,Electronics,Wallet,3170.75,21.03,1244,0,12,3,43,7511.82,4.7,1
101427,Electronics,COD,554.79,20.11,574,1,9,3,23,1329.67,3.4,0
101428,Grocery,Debit Card,8177.09,38.84,1506,1,10,4,57,20004.43,4.8,0
101429,Home,UPI,820.11,59.78,964,1,4,1,23,329.85,4.7,0
101430,Footwear,UPI,5305.0,31.98,345,0,12,3,47,10825.38,2.5,1
101431,Beauty,Debit Card,1155.65,17.42,2368,1,11,3,33,2863.01,2.8,0
101432,Electronics,UPI,4743.82,39.61,2365,0,4,1,40,2864.79,2.2,1
101433,Electronics,COD,744.05,33.81,1946,1,5,1,42,492.49,,0
101434,Fashion,COD,1359.77,29.62,805,0,11,3,40,2871.02,3.3,0
101435,Footwear,Credit Card,2549.87,68.87,2085,1,4,2,29,1587.55,1.3,0
101436,Fashion,COD,2274.83,69.72,741,0,10,2,22,1377.64,,0
101437,Home,Credit Card,3231.2,39.34,2202,1,6,1,24,1960.05,4.1,1
101438,Footwear,COD,906.89,4.76,2213,1,5,3,55,2591.17,4.7,0
101439,Footwear,UPI,1433.46,39.68,452,1,3,2,23,1729.33,2.0,0
101440,Fashion,UPI,3636.26,66.67,807,2,11,1,44,1211.97,4.0,1
101441,Electronics,UPI,761.88,64.8,1757,3,5,1,33,268.18,3.5,0
101442,Electronics,UPI,2117.59,15.09,608,2,8,2,54,3596.09,1.5,0
101443,Electronics,COD,1124.03,13.31,2012,1,4,3,50,2923.26,2.0,1
101444,Electronics,COD,1579.24,10.66,1707,0,3,3,27,4232.68,,0
101445,Beauty,Debit Card,1433.16,57.38,589,2,1,3,53,1832.44,1.6,0
101446,Footwear,Debit Card,712.92,34.3,1946,0,14,3,52,1405.17,3.6,1
101447,Home,Credit Card,1087.29,23.66,137,1,5,2,32,1660.07,4.5,0
101448,Beauty,Credit Card,1504.09,22.74,978,2,9,4,61,4648.24,5.0,1
101449,Fashion,Credit Card,1233.76,19.28,470,1,7,3,40,2987.67,1.9,0
101450,Grocery,COD,4713.51,61.78,30,0,6,3,19,5404.51,3.7,0
101451,Beauty,COD,3004.79,28.68,1861,1,12,2,50,4286.03,1.3,0
101452,Footwear,Credit Card,1689.16,17.08,407,0,13,2,41,2801.3,2.0,1
101453,Footwear,Debit Card,727.4,49.73,1744,1,3,4,36,1462.66,4.4,1
101454,Fashion,Wallet,692.83,44.48,216,1,1,2,41,769.32,4.8,0
101455,Electronics,Credit Card,6496.69,50.08,2232,0,5,4,68,12972.59,4.9,0
101456,Fashion,UPI,597.1,57.54,2445,0,2,1,38,253.53,2.9,0
101457,Home,UPI,1467.17,7.09,812,0,1,4,54,5452.59,3.9,0
101458,Footwear,COD,1787.83,0.14,1230,1,12,4,62,7141.31,2.5,0
101459,Fashion,Debit Card,1044.13,3.54,1565,1,2,4,48,4028.67,3.8,0
101460,Grocery,Credit Card,600.78,49.48,1486,3,1,2,64,607.03,1.6,0
101461,Home,Debit Card,714.86,65.41,96,0,5,3,43,741.81,1.5,0
101462,Electronics,COD,865.06,23.18,2448,0,8,4,29,2658.16,,1
101463,Fashion,UPI,759.31,54.68,2339,0,7,1,43,344.12,2.2,0
101464,Books,Wallet,3874.52,51.04,1232,0,11,3,24,5690.89,4.6,0
101465,Books,COD,1329.69,68.46,1399,1,11,4,33,1677.54,,0
101466,Home,COD,880.91,32.96,449,2,1,4,28,2362.25,4.3,0
101467,Fashion,COD,1459.09,11.63,1878,0,11,4,22,5157.59,4.7,1
101468,Books,UPI,2285.56,53.57,1300,0,1,4,25,4244.74,1.1,0
101469,Electronics,Debit Card,1016.69,57.32,731,1,13,2,61,867.85,2.6,1
101470,Footwear,COD,2756.14,49.51,788,0,5,3,62,4174.73,4.2,0
101471,Electronics,UPI,484.48,60.42,232,1,13,2,65,383.51,1.0,0
101472,Electronics,Credit Card,3418.79,25.98,1978,0,14,4,19,10122.35,2.2,0
101473,Home,Credit Card,1329.87,48.32,185,0,2,3,68,2061.83,2.0,0
101474,Home,Credit Card,1288.96,18.47,1421,0,6,4,35,4203.56,1.5,0
101475,Home,Credit Card,769.38,31.25,2042,0,2,2,39,1057.9,1.4,0
101476,Home,Credit Card,501.56,16.97,159,0,14,2,27,832.89,2.0,0
101477,Footwear,COD,353.07,10.82,405,2,7,4,67,1259.47,,1
101478,Home,Credit Card,727.62,2.52,1913,2,12,4,69,2837.14,4.9,0
101479,Home,UPI,2143.38,47.0,2065,2,9,1,54,1135.99,1.1,0
101480,Home,Credit Card,620.78,61.27,230,0,12,2,21,480.86,1.5,0
101481,Electronics,UPI,388.09,22.01,685,1,9,1,39,302.67,4.2,0
101482,Beauty,Debit Card,647.26,30.05,1527,0,1,3,32,1358.28,4.0,1
101483,Fashion,UPI,984.5,0.25,1366,2,7,1,65,982.04,2.9,1
101484,Beauty,COD,1015.97,28.9,1306,0,10,1,51,722.35,2.5,0
101485,Electronics,UPI,1208.2,19.69,676,0,14,3,68,2910.92,2.4,1
101486,Footwear,COD,3059.74,40.19,1361,3,12,4,61,7320.12,4.9,0
101487,Home,COD,3638.78,63.6,153,1,8,3,45,3973.55,,1
101488,Footwear,COD,6663.3,35.43,2185,0,12,3,32,12907.48,2.0,0
101489,Home,COD,365.06,47.29,1369,1,14,3,58,577.27,,0
101490,Electronics,UPI,675.39,49.38,950,1,13,1,54,341.88,4.0,0
101491,Grocery,Wallet,2342.06,10.67,936,1,14,1,58,2092.16,4.3,0
101492,Beauty,UPI,931.48,24.26,943,0,6,3,66,2116.51,1.5,0
101493,Grocery,COD,2666.79,7.92,1104,3,7,4,49,9822.32,,0
101494,Home,UPI,1580.81,30.85,506,1,1,1,52,1093.13,,0
101495,Beauty,UPI,4737.97,62.11,1515,0,2,2,39,3590.43,3.0,0
101496,Footwear,COD,3084.59,33.67,483,0,12,1,43,2046.01,3.0,0
101497,Beauty,Credit Card,3130.08,31.93,804,0,5,1,24,2130.65,3.0,1
101498,Fashion,Debit Card,963.43,14.65,2180,0,7,2,27,1644.58,4.3,1
101499,Books,COD,1238.96,21.72,1422,0,6,1,69,969.86,,0
101500,Books,Credit Card,1049.21,65.56,2260,0,13,1,27,361.35,,0
101501,Footwear,UPI,401.53,21.21,1654,1,13,2,21,632.73,4.5,0
101502,Fashion,COD,4347.76,51.2,1965,2,11,3,59,6365.12,,0
101503,Home,Credit Card,2431.61,2.95,251,1,14,3,25,7079.63,1.2,0
101504,Grocery,Credit Card,1016.36,8.98,1275,0,8,3,42,2775.27,2.8,0
101505,Home,UPI,3803.49,21.8,894,1,3,3,37,8922.99,2.0,0
101506,Books,Wallet,808.92,63.1,72,1,9,1,39,298.49,1.2,1
101507,Home,UPI,307.81,15.35,252,1,1,1,38,260.56,3.6,0
101508,Fashion,Debit Card,2998.59,50.87,498,0,6,1,19,1473.21,3.1,0
101509,Books,Debit Card,481.62,11.73,47,3,12,4,31,1700.5,1.2,0
101510,Electronics,Debit Card,1145.25,42.9,1110,1,3,4,51,2615.75,3.5,0
101511,Electronics,Credit Card,1579.55,41.08,156,2,8,2,22,1861.34,,0
101512,Beauty,COD,1823.24,43.54,2066,1,11,4,31,4117.61,4.7,0
101513,Books,Debit Card,2640.49,20.04,1492,0,11,2,64,4222.67,3.8,0
101514,Footwear,UPI,2131.71,11.35,2408,1,9,2,52,3779.52,1.0,1
101515,Fashion,Credit Card,2079.57,62.05,238,0,5,3,44,2367.59,4.5,1
101516,Electronics,UPI,711.52,39.86,227,0,4,4,46,1711.63,1.3,0
101517,Footwear,Debit Card,1694.93,14.84,2175,0,3,3,68,4330.21,1.0,0
101518,Electronics,Credit Card,401.64,28.93,998,1,11,4,20,1141.78,2.6,0
101519,Electronics,COD,4673.72,4.7,1905,0,4,4,63,17816.22,,1
101520,Fashion,COD,436.13,33.28,499,4,10,1,42,290.99,4.3,0
101521,Home,Credit Card,1015.21,29.67,51,1,1,2,43,1427.99,4.8,0
101522,Footwear,Credit Card,466.33,9.29,1259,0,5,2,29,846.02,4.1,0
101523,Grocery,COD,746.85,31.11,1445,1,6,1,38,514.5,,0
101524,Books,COD,1353.9,44.77,305,2,11,1,46,747.76,2.2,1
101525,Electronics,COD,877.43,64.99,55,1,2,4,31,1228.75,,1
101526,Fashion,UPI,3345.59,49.22,553,0,7,1,36,1698.89,1.3,0
101527,Home,UPI,1606.03,35.17,299,1,7,2,69,2082.38,4.6,0
101528,Electronics,Credit Card,924.89,53.9,2490,1,5,2,60,852.75,2.0,0
101529,Fashion,COD,1203.67,19.6,2470,0,12,3,49,2903.25,2.0,0
101530,Fashion,COD,3553.76,46.81,69,1,14,3,33,5670.73,,0
101531,Electronics,COD,2771.37,0.35,1158,1,1,1,61,2761.67,3.5,0
101532,Beauty,Credit Card,538.61,5.08,979,0,14,2,62,1022.5,4.8,0
101533,Books,COD,777.03,43.7,97,1,13,2,69,874.94,4.9,0
101534,Electronics,COD,1958.3,13.48,1676,1,12,1,52,1694.32,2.7,0
101535,Home,Wallet,1777.02,48.21,2130,1,2,4,29,3681.27,4.7,0
101536,Grocery,Credit Card,578.07,44.57,1539,0,6,3,37,961.27,4.8,0
101537,Books,UPI,2438.9,4.46,2295,1,10,4,66,9320.5,,0
101538,Grocery,COD,656.75,27.47,1604,2,3,4,23,1905.36,4.7,1
101539,Home,COD,3801.16,42.91,1384,0,4,4,59,8680.33,,0
101540,Grocery,UPI,2045.83,49.94,2371,1,8,1,44,1024.14,1.5,0
101541,Fashion,Credit Card,541.56,57.13,1773,2,12,4,41,928.67,4.4,0
101542,Fashion,Debit Card,877.2,23.13,1918,2,3,1,26,674.3,2.2,0
101543,Electronics,Wallet,865.09,58.57,1956,1,1,3,67,1075.22,4.7,1
101544,Home,Debit Card,1522.18,24.8,108,2,14,4,28,4578.72,3.1,1
101545,Fashion,COD,1137.76,0.49,1844,0,6,3,48,3396.55,3.0,0
101546,Fashion,Credit Card,535.72,42.7,1878,0,2,1,46,306.97,4.3,1
101547,Grocery,COD,439.04,16.92,1251,1,14,1,38,364.75,2.6,1
101548,Fashion,COD,2078.12,8.71,1424,2,4,2,25,3794.23,1.4,1
101549,Fashion,COD,1684.1,18.09,2086,0,2,4,26,5517.79,,0
101550,Electronics,UPI,1457.43,57.95,380,0,10,4,51,2451.4,2.2,1
101551,Home,Debit Card,1663.34,63.98,1332,2,11,3,55,1797.41,4.4,0
101552,Fashion,COD,816.37,67.32,1933,0,2,2,30,533.58,4.7,1
101553,Fashion,COD,1551.84,21.2,670,2,11,3,58,3668.55,2.6,0
101554,Fashion,Debit Card,10206.75,31.92,681,0,6,4,53,27795.02,,0
101555,Grocery,UPI,3427.73,56.18,40,1,5,2,28,3004.06,1.1,0
101556,Footwear,COD,1063.45,22.25,801,1,10,2,37,1653.66,4.2,1
101557,Home,COD,881.22,26.96,915,0,1,2,37,1287.29,2.8,0
101558,Beauty,UPI,135.86,16.61,2382,0,3,3,46,339.88,2.1,0
101559,Footwear,UPI,3149.36,40.07,233,0,12,4,20,7549.65,4.5,0
101560,Footwear,UPI,2513.13,46.15,1626,0,14,1,67,1353.32,2.6,0
101561,Beauty,COD,866.91,22.29,186,1,13,4,46,2694.7,4.3,1
101562,Footwear,COD,426.08,1.7,2004,1,11,1,53,418.84,2.7,0
101563,Footwear,Credit Card,531.54,51.51,1188,0,2,2,49,515.49,4.8,0
101564,Grocery,COD,1911.26,43.16,1081,1,5,2,38,2172.72,3.7,1
101565,Home,UPI,1247.04,15.33,2360,0,12,1,62,1055.87,3.7,0
101566,Electronics,COD,2329.18,22.03,1880,1,10,3,34,5448.18,,0
101567,Electronics,Debit Card,1435.34,67.0,290,0,12,4,19,1894.65,4.0,0
101568,Home,UPI,2902.73,44.11,687,0,6,1,47,1622.34,3.1,0
101569,Home,Wallet,1800.21,41.68,706,1,9,3,24,3149.65,3.9,0
101570,Home,Debit Card,2599.4,44.78,1535,0,11,4,60,5741.55,4.5,0
101571,Beauty,UPI,251.7,66.81,2080,1,11,3,19,250.62,3.8,0
101572,Beauty,COD,498.96,23.79,1605,0,11,2,28,760.51,,1
101573,Grocery,Credit Card,1000.76,19.66,1022,1,1,4,67,3216.04,4.4,0
101574,Electronics,COD,3176.88,26.37,1874,0,3,2,31,4678.27,4.0,0
101575,Fashion,Wallet,6029.53,56.07,1904,0,7,3,44,7946.32,4.1,0
101576,Grocery,UPI,1174.52,8.47,229,0,10,4,63,4300.15,4.6,0
101577,Grocery,COD,821.17,14.48,1369,2,14,3,30,2106.79,1.6,0
101578,Footwear,COD,280.35,15.98,1785,1,5,2,33,471.1,3.0,0
101579,Footwear,Credit Card,2672.72,44.55,1521,0,11,3,18,4446.07,1.5,0
101580,Footwear,COD,862.51,44.91,634,2,10,2,59,950.31,4.0,1
101581,Fashion,UPI,14280.75,26.03,428,2,4,2,23,21126.94,2.7,0
101582,Home,COD,741.35,19.33,748,0,3,3,68,1794.14,3.9,0
101583,Fashion,UPI,7217.18,52.83,900,0,9,2,55,6808.69,1.5,0
101584,Beauty,Debit Card,2437.42,2.22,2306,1,5,4,34,9533.24,3.5,0
101585,Footwear,Credit Card,588.39,51.71,1565,0,3,2,42,568.27,1.5,0
101586,Fashion,COD,1612.78,14.72,2094,0,4,1,44,1375.38,,1
101587,Beauty,Wallet,2482.71,63.19,96,0,4,3,56,2741.66,3.1,0
101588,Fashion,Debit Card,1118.56,28.96,1966,1,2,4,37,3178.5,3.8,0
101589,Electronics,Credit Card,2618.58,44.96,495,2,3,1,31,1441.27,3.0,1
101590,Electronics,Credit Card,2572.84,8.47,1427,1,14,3,24,7064.76,3.9,0
101591,Electronics,UPI,2158.29,17.77,984,1,3,4,40,7099.05,1.7,0
101592,Footwear,UPI,1321.89,49.04,2163,0,6,2,43,1347.27,3.6,0
101593,Home,UPI,523.24,38.52,1696,0,7,2,50,643.38,2.5,0
101594,Grocery,Debit Card,1259.63,53.93,1166,1,10,3,61,1740.93,1.6,0
101595,Books,UPI,1542.02,39.44,1288,1,5,3,29,2801.54,,0
101596,Electronics,COD,298.62,39.85,1776,0,12,1,29,179.62,,0
101597,Electronics,UPI,1533.62,60.08,1805,1,11,1,32,612.22,2.0,1
101598,Grocery,Credit Card,1239.62,29.73,1445,3,8,2,26,1742.16,1.6,0
101599,Fashion,Debit Card,474.71,62.65,1825,3,13,2,25,354.61,4.1,1
101600,Footwear,Wallet,1026.18,26.06,1979,1,5,3,59,2276.27,5.0,0
101601,Electronics,Wallet,1043.7,23.0,106,1,7,2,55,1607.3,2.7,0
101602,Books,Credit Card,6273.41,54.56,936,1,9,1,61,2850.64,4.2,0
101603,Grocery,Debit Card,1597.34,0.81,2257,2,3,4,48,6337.61,1.6,0
101604,Fashion,UPI,3068.17,12.05,823,0,2,2,60,5396.91,1.9,0
101605,Fashion,Wallet,1218.95,5.02,2065,0,14,1,41,1157.76,1.6,1
101606,Footwear,UPI,299.13,35.85,1386,0,1,3,63,575.68,3.7,0
101607,Fashion,COD,2293.59,43.96,699,1,1,2,47,2570.66,3.4,1
101608,Home,COD,791.12,0.73,895,1,2,3,19,2356.03,,0
101609,Home,UPI,1024.05,11.3,1226,2,8,4,26,3633.33,,0
101610,Fashion,UPI,576.87,21.18,338,2,4,1,44,454.69,1.3,0
101611,Grocery,UPI,1419.72,20.6,791,0,4,3,60,3381.77,3.1,0
101612,Grocery,Debit Card,3140.52,6.8,1712,2,13,1,25,2926.96,3.1,1
101613,Fashion,Credit Card,2824.79,12.1,2269,0,14,4,57,9931.96,2.7,0
101614,Grocery,Credit Card,4764.52,59.29,2377,2,13,2,64,3879.27,3.7,0
101615,Fashion,UPI,5336.73,49.04,975,0,5,4,27,10878.39,2.7,1
101616,Electronics,COD,260.68,20.73,1991,1,2,1,46,206.64,,0
101617,Beauty,Debit Card,515.48,18.44,1008,0,14,3,64,1261.28,4.1,0
101618,Footwear,UPI,315.28,5.61,2022,1,8,2,34,595.19,2.3,1
101619,Electronics,UPI,2220.63,24.42,2282,0,14,2,38,3356.7,4.6,0
101620,Fashion,COD,769.34,27.86,1130,0,3,1,41,555.0,,1
101621,Home,UPI,905.65,63.29,1513,0,14,2,42,664.93,2.9,1
101622,Grocery,COD,1126.33,52.02,2171,0,5,4,35,2161.65,3.9,1
101623,Electronics,COD,1819.03,33.54,370,0,12,1,45,1208.93,4.8,0
101624,Fashion,Credit Card,408.19,9.44,639,1,2,3,32,1108.97,1.1,0
101625,Books,COD,489.27,45.93,1576,0,11,1,59,264.55,1.7,1
101626,Fashion,UPI,1340.82,65.52,472,2,7,2,53,924.63,4.2,1
101627,Electronics,UPI,3494.68,5.46,1992,0,14,3,26,9911.61,2.8,0
101628,Electronics,COD,1312.49,59.4,687,0,3,1,62,532.87,,1
101629,Home,UPI,711.0,12.61,864,2,4,4,31,2485.37,2.4,1
101630,Home,Credit Card,240.19,49.09,2032,0,9,3,45,366.84,,0
101631,Footwear,UPI,2870.21,12.87,1331,0,12,3,66,7502.44,1.9,0
101632,Beauty,UPI,743.42,42.0,1983,1,13,4,53,1724.73,4.8,0
101633,Books,Debit Card,534.88,16.63,1578,1,2,2,66,891.86,4.2,0
101634,Footwear,COD,339.59,37.92,1300,1,1,1,49,210.82,,0
101635,Home,COD,423.57,42.01,1290,1,6,4,60,982.51,1.6,0
101636,Home,Credit Card,620.81,43.3,2012,1,2,3,42,1056.0,2.4,0
101637,Footwear,UPI,1106.46,47.8,2497,0,6,2,26,1155.14,1.8,0
101638,Fashion,Debit Card,509.28,4.83,90,0,7,1,27,484.68,4.3,0
101639,Books,Credit Card,1553.97,49.24,1281,1,14,2,48,1577.59,2.1,0
101640,Grocery,COD,1099.75,10.82,1964,2,1,3,25,2942.27,3.1,0
101641,Electronics,UPI,7923.54,47.39,1619,1,5,1,41,4168.57,1.8,0
101642,Home,COD,342.56,8.68,1225,0,5,3,42,938.48,3.8,0
101643,Fashion,UPI,1524.14,33.56,1990,3,8,4,22,4050.55,4.0,0
101644,Electronics,Debit Card,1539.49,27.07,1186,1,5,2,62,2245.5,1.5,0
101645,Home,COD,587.31,67.71,367,1,9,3,21,568.93,3.7,1
101646,Fashion,COD,1445.49,44.16,702,0,12,1,34,807.16,1.7,0
101647,Grocery,Credit Card,2479.16,6.17,138,0,10,3,62,6978.59,4.8,0
101648,Footwear,COD,1446.92,49.06,1764,0,10,1,19,737.06,,0
101649,Grocery,UPI,4054.45,13.59,2433,0,2,3,22,10510.35,1.8,0
101650,Fashion,UPI,234.59,20.03,966,6,13,3,61,562.8,2.4,0
101651,Fashion,COD,682.81,26.49,1838,0,8,3,32,1505.8,,1
101652,Fashion,Credit Card,4359.2,54.34,2456,1,3,2,65,3980.82,4.2,1
101653,Electronics,COD,2778.37,66.09,1001,1,9,2,25,1884.29,4.8,0
101654,Footwear,COD,2064.02,64.7,2209,0,7,3,26,2185.8,2.7,0
101655,Home,UPI,3592.39,11.95,73,0,13,3,47,9489.3,3.0,0
101656,Fashion,UPI,289.09,4.23,1703,1,10,3,67,830.58,1.6,0
101657,Grocery,UPI,2531.3,58.0,441,0,14,1,57,1063.15,2.4,0
101658,Fashion,COD,3138.49,20.18,1960,1,14,1,49,2505.14,5.0,0
101659,Electronics,Debit Card,790.8,40.8,54,1,4,2,31,936.31,4.7,0
101660,Electronics,Credit Card,10975.16,68.5,2087,1,5,2,21,6914.35,2.7,0
101661,Beauty,Wallet,1567.25,13.05,1009,2,3,3,58,4088.17,1.9,0
101662,Grocery,Debit Card,231.78,26.24,615,2,4,3,24,512.88,3.3,0
101663,Fashion,UPI,1817.14,60.73,1400,1,10,1,27,713.59,2.7,1
101664,Footwear,COD,753.04,45.5,2474,0,14,1,40,410.41,4.0,1
101665,Footwear,Credit Card,3401.58,65.63,426,0,7,4,36,4676.49,3.5,0
101666,Grocery,UPI,2076.33,44.22,795,0,12,3,63,3474.53,3.6,0
101667,Fashion,Credit Card,830.2,21.25,1610,1,11,1,30,653.78,2.5,0
101668,Electronics,Debit Card,4455.8,56.36,261,1,4,4,51,7778.04,3.5,0
101669,Footwear,Credit Card,2840.0,53.15,2386,0,12,2,41,2661.08,3.8,0
101670,Fashion,Wallet,690.67,65.35,1323,2,7,3,30,717.95,,0
101671,Beauty,COD,1186.03,33.33,2476,1,1,2,69,1581.45,3.8,0
101672,Grocery,UPI,2025.42,35.2,1055,1,11,1,59,1312.47,4.6,0
101673,Electronics,Credit Card,1000.83,22.67,2087,0,13,3,56,2321.83,2.1,0
101674,Grocery,Credit Card,1025.03,18.81,847,0,4,2,41,1664.44,,0
101675,Footwear,Credit Card,1379.37,69.76,1126,0,4,1,28,417.12,1.1,0
101676,Books,COD,570.98,68.41,886,2,11,1,51,180.37,3.8,0
101677,Home,Wallet,224.48,37.08,1382,2,14,4,68,564.97,2.3,0
101678,Footwear,UPI,1621.83,66.86,581,0,4,3,31,1612.42,3.0,1
101679,Home,Wallet,272.84,24.93,1273,0,7,2,53,409.64,1.3,0
101680,Books,Wallet,605.21,59.5,2104,1,10,4,62,980.44,4.7,0
101681,Grocery,Debit Card,324.65,44.44,414,0,12,2,41,360.75,3.4,0
101682,Books,Credit Card,358.25,50.19,1988,0,1,1,22,178.44,1.5,0
101683,Fashion,UPI,1883.87,50.27,2140,0,3,1,65,936.85,2.6,1
101684,Electronics,COD,1121.2,44.51,116,0,13,1,23,622.15,2.3,0
101685,Fashion,UPI,1089.29,59.66,1699,2,8,4,57,1757.68,4.5,1
101686,Home,Credit Card,467.44,27.44,1228,0,11,4,42,1356.7,4.5,0
101687,Home,Debit Card,792.6,59.44,1605,0,1,2,55,642.96,4.2,1
101688,Beauty,Credit Card,1810.15,12.84,757,0,2,2,54,3155.45,2.6,0
101689,Fashion,Credit Card,1284.76,14.0,574,3,11,2,28,2209.79,4.8,0
101690,Grocery,COD,2586.7,50.21,738,2,6,3,23,3863.75,2.1,1
101691,Footwear,Credit Card,2898.86,52.51,408,3,14,1,24,1376.67,3.6,0
101692,Fashion,Credit Card,1094.69,63.16,1031,0,7,3,28,1209.85,,1
101693,Books,COD,304.36,19.23,2186,1,12,3,63,737.49,,0
101694,Books,COD,731.2,3.92,1953,1,8,4,22,2810.15,,0
101695,Home,Debit Card,1238.74,35.52,473,0,10,2,53,1597.48,2.0,0
101696,Electronics,COD,719.68,61.27,1408,1,10,4,37,1114.93,,0
101697,Grocery,UPI,576.11,68.0,212,0,2,1,60,184.36,3.7,0
101698,Footwear,COD,1416.3,60.05,177,2,12,1,49,565.81,4.7,0
101699,Books,Debit Card,9360.39,34.3,1575,0,14,4,57,24599.1,3.7,0
101700,Footwear,COD,906.37,60.44,777,1,6,4,61,1434.24,1.2,1
101701,Footwear,Credit Card,1336.43,14.98,1769,2,5,4,64,4544.93,1.5,1
101702,Fashion,Debit Card,468.89,64.48,415,0,9,1,59,166.55,3.9,1
101703,Beauty,Debit Card,3621.78,39.68,325,0,9,2,37,4369.32,2.0,0
101704,Home,Credit Card,2696.73,27.26,1796,0,6,2,65,3923.2,2.0,1
101705,Footwear,Credit Card,2551.88,40.71,540,3,4,2,36,3026.02,2.6,0
101706,Electronics,COD,3975.23,54.88,173,2,14,2,48,3587.25,4.0,0
101707,Home,Credit Card,951.58,16.81,1978,1,12,2,30,1583.24,3.6,1
101708,Footwear,Credit Card,1051.6,7.13,1772,1,9,1,60,976.62,1.8,0
101709,Fashion,Debit Card,5260.09,51.32,2326,1,6,4,23,10242.45,4.6,0
101710,Grocery,Credit Card,2222.04,66.67,1509,2,5,2,68,1481.21,4.9,1
101711,Fashion,UPI,226.93,44.59,1206,3,6,3,43,377.23,4.2,0
101712,Footwear,Credit Card,1927.26,9.98,1685,0,9,4,62,6939.68,1.8,0
101713,Footwear,COD,841.04,45.04,1986,0,1,1,43,462.24,4.2,0
101714,Fashion,COD,2747.75,8.16,1584,0,10,1,25,2523.53,3.1,1
101715,Grocery,COD,1856.69,21.25,818,2,9,3,23,4386.43,,0
101716,Fashion,Credit Card,332.81,2.21,2227,1,3,4,63,1301.82,3.7,0
101717,Beauty,UPI,1660.82,34.13,1766,0,4,2,49,2187.96,4.9,1
101718,Books,UPI,1585.26,22.49,2196,2,4,4,25,4914.94,2.7,0
101719,Grocery,Credit Card,1791.43,6.83,1406,0,13,1,36,1669.08,,0
101720,Electronics,COD,2122.66,21.63,1141,1,14,3,47,4990.59,1.9,0
101721,Fashion,UPI,4432.74,45.33,2112,2,11,4,41,9693.52,3.2,1
101722,Books,COD,1865.18,20.24,1540,1,10,3,21,4463.0,4.2,0
101723,Beauty,Credit Card,1364.19,10.02,1946,1,14,1,44,1227.5,1.7,1
101724,Home,UPI,3355.56,38.14,2228,1,11,1,27,2075.75,1.9,0
101725,Electronics,Credit Card,8056.16,52.73,731,1,6,2,34,7616.29,4.7,0
101726,Fashion,COD,2785.15,58.11,506,0,6,3,52,3500.1,,1
101727,Footwear,COD,1579.66,33.05,399,2,10,3,53,3172.75,4.7,0
101728,Electronics,Debit Card,1893.2,49.78,1511,0,6,4,22,3803.06,1.7,0
101729,Fashion,COD,1643.91,58.33,2024,1,7,3,44,2055.05,4.7,0
101730,Footwear,Debit Card,1359.42,47.1,2441,1,14,2,31,1438.27,2.4,0
101731,Electronics,Credit Card,7571.43,36.91,110,1,13,1,40,4776.82,3.1,0
101732,Books,COD,735.65,4.2,34,0,9,4,59,2819.01,2.8,0
101733,Fashion,COD,3374.24,20.3,1707,1,5,3,39,8067.81,,0
101734,Footwear,UPI,1211.14,22.39,695,1,7,3,48,2819.9,2.1,0
101735,Books,Credit Card,409.8,27.65,1205,1,5,3,19,889.47,4.8,0
101736,Footwear,UPI,1152.1,66.56,224,0,6,4,43,1541.05,4.8,0
101737,Fashion,Credit Card,864.87,14.62,215,0,6,4,58,2953.7,4.7,0
101738,Home,COD,2126.14,37.91,1334,0,7,4,51,5280.48,,0
101739,Grocery,Credit Card,1440.92,69.39,1730,1,7,1,68,441.07,2.5,0
101740,Fashion,Credit Card,591.33,43.32,2219,0,9,2,58,670.33,1.8,0
101741,Fashion,Credit Card,4345.11,14.62,1222,0,13,1,24,3709.85,2.9,0
101742,Electronics,UPI,3203.85,67.21,1624,1,8,1,21,1050.54,2.0,0
101743,Footwear,UPI,4764.01,23.54,2154,0,3,4,33,14570.25,3.5,0
101744,Books,UPI,1619.01,3.35,1096,1,3,2,60,3129.55,4.5,0
101745,Beauty,Debit Card,1301.68,30.2,545,1,10,3,62,2725.72,4.8,0
101746,Books,Credit Card,2351.59,16.85,2068,1,14,3,55,5866.04,2.8,0
101747,Home,Debit Card,843.89,57.32,35,2,5,2,54,720.34,2.7,1
101748,Home,COD,1486.3,15.4,711,1,2,1,52,1257.41,3.1,0
101749,Home,UPI,1163.81,57.39,352,0,2,3,34,1487.7,4.6,0
101750,Beauty,UPI,416.2,2.53,1619,2,4,4,53,1622.68,,0
101751,Fashion,COD,1483.21,65.04,695,0,14,1,51,518.53,2.2,1
101752,Footwear,UPI,941.27,2.95,880,0,11,2,22,1827.01,1.8,0
101753,Grocery,UPI,1103.19,65.7,1641,1,12,4,65,1513.58,4.1,0
101754,Fashion,Credit Card,1791.89,5.16,761,1,5,4,57,6797.71,2.5,0
101755,Beauty,UPI,3707.18,61.08,925,1,14,3,29,4328.5,4.9,0
101756,Electronics,COD,679.25,58.19,1262,0,6,4,32,1135.98,4.9,0
101757,Footwear,COD,1023.26,41.61,322,2,6,4,53,2389.93,4.5,1
101758,Footwear,COD,726.28,2.52,2339,1,14,3,30,2123.93,3.0,1
101759,Footwear,Debit Card,689.42,43.48,2454,0,11,3,60,1168.98,4.7,1
101760,Fashion,Credit Card,832.43,43.25,1791,0,5,3,42,1417.21,2.5,1
101761,Electronics,UPI,1144.63,39.0,297,0,10,4,22,2792.9,,0
101762,Fashion,COD,2140.29,44.21,1196,1,5,4,53,4776.27,2.9,0
101763,Electronics,COD,1730.83,67.77,907,0,9,2,66,1115.69,3.8,0
101764,Electronics,Debit Card,575.08,69.69,440,1,2,2,35,348.61,1.3,0
101765,Electronics,COD,3771.88,36.43,2195,0,1,1,67,2397.78,,1
101766,Footwear,UPI,2851.3,6.43,1055,0,14,1,55,2667.96,4.9,0
101767,Electronics,Credit Card,651.35,9.38,1641,1,2,2,56,1180.51,,0
101768,Electronics,Wallet,3566.32,50.42,1737,4,6,1,36,1768.18,1.3,1
101769,Grocery,Debit Card,1739.84,68.74,819,2,3,4,44,2175.5,4.8,0
101770,Beauty,COD,1181.85,30.52,891,0,1,2,29,1642.3,4.3,0
101771,Grocery,COD,1783.73,6.86,2426,1,11,3,49,4984.1,,1
101772,Beauty,COD,1312.1,24.71,2066,2,4,1,62,987.88,2.8,0
101773,Footwear,Wallet,2071.57,26.95,1267,0,12,2,51,3026.56,2.2,0
101774,Beauty,Debit Card,1555.97,69.76,1347,0,8,4,63,1882.1,1.7,0
101775,Home,Credit Card,1022.55,48.06,50,1,10,1,26,531.11,1.2,0
101776,Books,COD,264.9,8.25,534,0,10,2,49,486.09,2.0,0
101777,Home,UPI,2042.12,23.6,45,1,3,3,33,4680.54,3.6,0
101778,Fashion,COD,993.34,3.4,2020,0,7,1,47,959.57,,0
101779,Home,UPI,2495.78,45.71,2354,0,11,3,23,4064.88,2.2,0
101780,Electronics,UPI,1969.12,47.09,430,0,4,3,37,3125.58,2.1,0
101781,Grocery,COD,1014.21,4.02,724,1,2,3,37,2920.32,1.4,0
101782,Fashion,Credit Card,3036.29,23.49,900,0,6,1,45,2323.07,3.4,0
101783,Electronics,COD,1577.94,63.2,2035,0,13,3,56,1742.05,3.9,1
101784,Fashion,Credit Card,1526.78,57.88,1035,2,5,4,47,2572.32,4.9,0
101785,Grocery,Wallet,1199.32,40.19,137,1,6,1,64,717.31,1.9,0
101786,Fashion,Debit Card,5150.48,33.92,1477,2,2,1,32,3403.44,1.7,1
101787,Books,UPI,757.02,69.5,392,0,11,3,37,692.67,3.8,1
101788,Footwear,Credit Card,1034.69,50.55,1623,0,5,1,42,511.65,2.3,0
101789,Electronics,COD,497.77,66.68,2146,1,3,2,50,331.71,,0
101790,Grocery,UPI,2395.59,5.01,197,0,2,3,62,6826.71,3.8,0
101791,Fashion,Credit Card,840.74,14.85,2485,2,5,1,48,715.89,2.7,0
101792,Fashion,COD,919.63,2.18,1668,1,3,2,67,1799.16,2.5,1
101793,Books,Credit Card,885.76,60.75,158,6,7,2,42,695.32,2.8,0
101794,Footwear,Debit Card,1408.35,48.6,573,1,6,3,45,2171.68,2.8,0
101795,Fashion,UPI,492.45,12.44,444,0,7,4,54,1724.76,1.0,0
101796,Beauty,COD,222.61,68.19,2212,1,6,4,25,283.25,1.8,0
101797,Fashion,UPI,1931.71,66.91,1815,1,2,1,25,639.2,3.4,0
101798,Beauty,Credit Card,246.94,15.72,951,0,11,4,35,832.48,1.1,0
101799,Beauty,COD,2652.64,45.29,1337,0,8,2,21,2902.52,2.1,1
101800,Beauty,COD,4660.24,46.77,890,0,3,4,39,9922.58,2.8,0
101801,Beauty,UPI,1174.53,0.28,1032,0,2,3,36,3513.72,2.8,0
101802,Electronics,Credit Card,3788.0,48.21,1606,1,14,4,50,7847.22,1.2,0
101803,Books,Credit Card,1313.69,15.49,510,1,13,2,68,2220.4,4.5,1
101804,Books,COD,4814.53,63.09,1906,2,3,2,47,3554.09,,0
101805,Books,Debit Card,929.85,58.7,2365,0,6,4,67,1536.11,4.5,0
101806,Electronics,UPI,201.97,63.37,2435,2,9,2,49,147.96,5.0,0
101807,Home,COD,1256.48,53.03,455,1,7,4,50,2360.67,1.7,1
101808,Home,UPI,5252.03,11.54,1047,0,12,1,61,4645.95,1.3,0
101809,Electronics,COD,2054.88,25.24,685,0,9,3,48,4608.68,1.5,0
101810,Fashion,COD,886.91,49.63,1598,1,4,4,68,1786.95,4.4,0
101811,Home,Debit Card,1742.58,22.63,831,1,11,2,50,2696.47,4.9,0
101812,Books,UPI,2912.89,49.7,1004,0,13,4,35,5860.73,3.4,1
101813,Fashion,COD,1250.76,23.53,372,0,1,1,40,956.46,4.8,0
101814,Grocery,Debit Card,10950.19,12.44,1413,1,12,1,51,9587.99,4.1,0
101815,Home,COD,885.42,36.27,1354,1,10,2,32,1128.56,,0
101816,Grocery,Debit Card,2986.95,48.04,1392,0,13,2,56,3104.04,4.7,0
101817,Home,Debit Card,2464.02,36.2,873,0,13,3,18,4716.13,2.9,0
101818,Home,Wallet,765.2,44.93,1896,1,1,4,55,1685.58,2.6,0
101819,Beauty,Credit Card,953.79,30.66,1531,1,7,1,18,661.36,,0
101820,Footwear,Debit Card,3024.43,54.48,466,1,2,3,26,4130.16,4.0,0
101821,Home,Debit Card,1503.92,45.5,938,1,1,4,68,3278.55,2.4,0
101822,Home,COD,1755.41,40.22,1661,0,13,3,61,3148.15,2.9,0
101823,Beauty,COD,361.85,30.48,317,0,4,4,56,1006.23,1.9,0
101824,Books,Wallet,2263.8,37.5,899,1,1,1,66,1414.88,1.5,1
101825,Electronics,COD,1685.53,3.57,2185,2,14,3,53,4876.07,2.4,1
101826,Home,UPI,1272.67,46.67,1121,1,6,2,23,1357.43,3.0,0
101827,Home,COD,1787.75,14.31,1288,3,2,2,61,3063.85,1.6,1
101828,Footwear,UPI,965.48,60.21,1713,1,4,3,30,1152.49,1.7,0
101829,Home,COD,834.2,56.86,824,1,1,4,49,1439.5,1.5,0
101830,Home,Wallet,1103.78,36.96,2071,0,10,2,64,1391.65,4.5,0
101831,Footwear,Debit Card,923.93,59.3,70,1,14,2,52,752.08,3.8,1
101832,Home,COD,7665.03,46.96,1197,1,6,2,19,8131.06,1.6,0
101833,Electronics,Debit Card,2778.03,9.89,1506,1,13,4,59,10013.13,,0
101834,Fashion,Debit Card,617.22,51.85,620,0,5,2,59,594.38,2.9,0
101835,Electronics,COD,6829.71,69.71,1962,0,7,2,24,4137.44,3.3,0
101836,Electronics,COD,947.39,2.87,226,2,3,3,66,2760.6,,1
101837,Home,UPI,1371.37,17.14,1635,0,1,3,27,3408.95,2.9,0
101838,Grocery,UPI,2746.09,41.84,1594,1,3,1,20,1597.13,2.2,0
101839,Books,COD,277.0,29.06,1975,2,9,1,46,196.5,4.1,1
101840,Electronics,UPI,1108.07,44.63,541,0,2,3,53,1840.62,1.6,0
101841,Beauty,COD,846.69,41.05,412,0,12,3,23,1497.37,,1
101842,Electronics,COD,1578.24,55.16,1463,2,13,2,26,1415.37,,1
101843,Footwear,Debit Card,1800.9,4.96,2430,2,5,2,52,3423.15,2.4,0
101844,Electronics,COD,1259.15,30.84,1968,0,4,4,22,3483.31,4.1,0
101845,Beauty,COD,1213.28,60.2,551,2,3,1,61,482.89,,1
101846,Fashion,Credit Card,3140.4,25.39,1037,0,6,3,32,7029.16,4.7,0
101847,Beauty,COD,1704.78,35.27,688,0,13,2,61,2207.01,1.5,0
101848,Home,COD,1384.56,1.51,1956,1,6,2,56,2727.31,1.7,1
101849,Grocery,UPI,1507.63,15.69,1295,0,11,1,34,1271.08,3.0,0
101850,Fashion,Credit Card,5818.0,32.46,1110,0,5,3,59,11788.43,3.2,0
101851,Footwear,UPI,1537.85,27.93,42,2,7,1,28,1108.33,2.4,0
101852,Home,Debit Card,887.53,50.03,1595,1,7,3,43,1330.5,1.3,1
101853,Grocery,Credit Card,290.85,42.83,1122,2,13,4,67,665.12,2.7,1
101854,Grocery,COD,425.32,61.62,127,1,7,3,64,489.71,,1
101855,Footwear,UPI,921.85,59.83,513,2,9,1,65,370.31,2.8,0
101856,Fashion,COD,1228.19,16.89,1824,1,12,4,25,4082.99,,1
101857,Fashion,COD,858.77,1.23,1880,1,14,3,34,2544.62,,0
101858,Fashion,UPI,1773.86,59.81,1249,0,13,4,21,2851.66,3.4,0
101859,Fashion,UPI,849.96,23.04,1901,0,2,1,64,654.13,2.4,0
101860,Beauty,Debit Card,644.46,24.3,1853,0,2,4,58,1951.42,1.8,1
101861,Footwear,COD,2186.63,11.09,1550,0,7,3,63,5832.4,,1
101862,Footwear,COD,4005.87,48.51,544,2,5,4,23,8250.49,2.0,0
101863,Home,Credit Card,552.4,19.61,1071,0,10,4,35,1776.3,1.3,0
101864,Beauty,UPI,1627.78,12.37,2046,3,7,4,55,5705.69,3.5,0
101865,Footwear,Credit Card,291.78,35.24,796,2,6,2,36,377.91,,0
101866,Footwear,COD,411.73,52.53,1660,1,2,4,33,781.79,2.3,0
101867,Fashion,COD,836.3,18.87,2073,3,5,4,66,2713.96,4.8,0
101868,Home,Debit Card,3320.69,50.54,1347,1,8,4,45,6569.65,4.2,0
101869,Grocery,Debit Card,718.41,32.34,1282,2,10,3,56,1458.23,4.6,0
101870,Fashion,COD,697.23,28.26,493,5,3,4,58,2000.77,2.9,0
101871,Home,COD,1378.66,25.17,1256,0,9,3,50,3094.95,3.1,0
101872,Footwear,COD,1379.76,10.19,133,0,9,2,56,2478.32,3.8,0
101873,Footwear,COD,714.72,23.28,310,2,4,1,67,548.33,3.4,1
101874,Footwear,Credit Card,6561.52,61.55,1368,1,13,2,43,5045.81,3.7,0
101875,Grocery,COD,1083.24,7.15,569,1,7,4,62,4023.15,2.7,0
101876,Fashion,Debit Card,1466.84,67.08,888,1,4,1,21,482.88,1.5,0
101877,Fashion,UPI,971.24,7.52,920,2,10,4,21,3592.81,4.2,0
101878,Home,Wallet,1904.5,25.34,1198,0,3,3,38,4265.7,2.5,0
101879,Beauty,UPI,3597.4,42.44,1756,2,9,1,43,2070.66,3.4,0
101880,Home,COD,5069.16,58.65,1131,2,10,1,35,2096.1,2.5,1
101881,Beauty,COD,727.92,10.05,2117,1,7,1,64,654.76,2.9,0
101882,Home,COD,3231.29,9.88,1220,0,3,3,19,8736.12,,1
101883,Books,UPI,2079.21,43.99,2482,0,4,2,23,2329.13,3.3,0
101884,Fashion,COD,2920.85,20.49,2498,1,4,1,50,2322.37,1.6,1
101885,Fashion,Credit Card,1244.51,45.12,1085,1,2,1,21,682.99,1.9,0
101886,Electronics,COD,1153.28,57.44,1920,0,14,3,28,1472.51,1.7,0
101887,Electronics,COD,2831.53,5.38,1149,3,12,2,62,5358.39,3.3,1
101888,Footwear,UPI,2874.84,59.11,2191,2,8,4,60,4702.09,2.6,1
101889,Home,Debit Card,4687.13,2.63,1922,0,12,4,58,18255.43,2.0,0
101890,Fashion,Credit Card,1570.01,62.92,865,0,10,1,35,582.16,1.2,0
101891,Grocery,UPI,1229.63,68.29,823,1,9,4,26,1559.66,4.1,0
101892,Beauty,COD,187.19,46.72,2205,0,11,1,34,99.73,1.2,1
101893,Electronics,COD,369.07,68.9,1365,0,8,2,27,229.56,2.5,1
101894,Fashion,Credit Card,977.11,57.54,1746,1,8,3,30,1244.64,2.8,0
101895,Electronics,Debit Card,555.1,3.11,1702,1,2,2,61,1075.67,2.8,0
101896,Books,Debit Card,2569.08,0.27,439,2,9,3,30,7686.43,1.6,0
101897,Fashion,COD,469.65,1.46,613,1,7,3,28,1388.38,3.8,0
101898,Electronics,Wallet,896.91,31.63,2253,0,4,4,31,2452.87,,0
101899,Electronics,COD,925.54,43.64,720,2,7,4,25,2086.54,,0
101900,Beauty,Credit Card,3511.49,33.7,2175,0,12,4,62,9312.47,2.5,0
101901,Electronics,Debit Card,823.37,47.4,909,0,7,4,65,1732.37,3.1,1
101902,Grocery,UPI,1923.55,31.47,2121,1,7,2,28,2636.42,2.8,0
101903,Electronics,Debit Card,1566.45,2.98,1456,1,4,4,59,6079.08,4.8,0
101904,Beauty,Wallet,2759.02,15.83,275,2,12,2,32,4644.53,,0
101905,Home,COD,2644.33,69.48,697,2,2,4,38,3228.2,1.6,1
101906,Home,Debit Card,1304.07,24.21,2383,2,12,2,69,1976.71,2.4,0
101907,Electronics,UPI,344.8,22.73,544,1,14,3,50,799.28,,0
101908,Grocery,Credit Card,1112.77,10.7,592,0,3,4,60,3974.81,1.3,0
101909,Footwear,Credit Card,1318.22,69.1,399,0,8,1,40,407.33,4.7,0
101910,Electronics,Wallet,1683.8,16.13,1535,2,9,4,50,5648.81,1.8,0
101911,Electronics,COD,742.45,45.28,2028,0,13,4,32,1625.07,,1
101912,Footwear,Credit Card,3336.64,2.94,2342,0,5,2,56,6477.09,2.6,0
101913,Home,UPI,1354.1,4.65,2218,1,10,3,69,3873.4,3.2,0
101914,Electronics,UPI,641.37,50.17,2213,1,2,2,26,639.19,3.7,0
101915,Fashion,Wallet,928.36,44.46,2264,0,12,4,46,2062.44,1.3,0
101916,Books,UPI,6265.63,47.61,1432,0,11,1,31,3282.56,2.7,0
101917,Books,COD,2279.02,16.17,2059,1,4,3,51,5731.51,,0
101918,Beauty,UPI,3098.78,68.94,1597,2,2,3,41,2887.44,1.7,0
101919,Footwear,Credit Card,582.15,39.09,369,1,2,1,39,354.59,3.7,0
101920,Home,Debit Card,771.96,67.87,90,3,12,4,38,992.12,1.7,0
101921,Fashion,Credit Card,776.55,11.49,271,0,9,2,44,1374.65,3.3,0
101922,Home,UPI,1552.33,28.36,884,0,6,3,28,3336.27,2.6,0
101923,Fashion,Debit Card,1165.38,23.5,1262,0,8,4,32,3566.06,4.9,1
101924,Fashion,UPI,905.43,52.86,1607,1,8,1,21,426.82,4.6,0
101925,Electronics,COD,1000.99,52.33,1317,0,2,2,40,954.34,1.0,0
101926,Fashion,COD,709.65,34.06,934,2,7,3,49,1403.83,4.2,0
101927,Books,Credit Card,1159.95,1.13,1840,2,9,1,50,1146.84,,0
101928,Electronics,COD,3263.56,12.26,2157,3,9,3,28,8590.34,2.9,0
101929,Home,Debit Card,399.21,3.52,580,0,3,3,60,1155.47,4.2,0
101930,Beauty,COD,1767.26,59.29,676,1,13,4,39,2877.81,2.1,1
101931,Beauty,Debit Card,4040.3,20.28,2329,1,2,2,59,6441.85,3.9,1
101932,Grocery,COD,1156.84,8.25,2427,3,13,4,60,4245.6,2.0,0
101933,Grocery,COD,877.34,24.79,795,0,14,3,18,1979.54,4.5,0
101934,Books,Debit Card,2805.64,5.41,1288,0,11,3,20,7961.56,2.8,0
101935,Electronics,COD,609.49,68.52,1457,1,8,3,45,575.6,1.8,0
101936,Home,COD,1315.34,22.05,1597,2,3,4,61,4101.23,1.2,0
101937,Beauty,COD,582.96,65.31,2164,1,5,3,37,606.69,3.4,0
101938,Fashion,COD,300.04,47.79,291,0,8,2,49,313.3,3.7,0
101939,Electronics,Debit Card,1186.08,39.63,1322,0,2,4,49,2864.15,3.7,1
101940,Fashion,COD,487.5,33.28,564,2,10,3,57,975.78,3.0,0
101941,Home,Credit Card,1326.98,48.12,1891,1,13,2,63,1376.87,2.6,0
101942,Home,Debit Card,3268.29,48.04,1503,0,11,3,47,5094.61,3.5,0
101943,Electronics,Credit Card,5904.11,0.74,1880,3,14,4,58,23441.68,1.1,0
101944,Grocery,Debit Card,1443.5,63.54,2266,1,7,3,49,1578.9,2.0,0
101945,Footwear,COD,3027.14,25.76,1981,0,4,4,35,8989.39,2.0,0
101946,Fashion,UPI,1843.04,24.73,2139,2,1,3,47,4161.77,,1
101947,Footwear,Credit Card,985.85,28.46,2033,0,7,4,56,2821.11,2.8,0
101948,Electronics,COD,287.2,47.97,1574,0,2,1,64,149.43,1.2,0
101949,Footwear,UPI,4920.64,26.32,999,1,10,4,23,14502.11,4.6,1
101950,Footwear,Debit Card,578.66,26.17,860,1,12,4,35,1708.9,2.5,0
101951,Electronics,Debit Card,4048.97,4.44,927,1,2,1,24,3869.2,1.3,0
101952,Grocery,UPI,2057.91,29.16,1530,0,8,4,26,5831.29,2.7,0
101953,Footwear,COD,613.51,10.46,2014,0,8,3,29,1648.01,,0
101954,Footwear,UPI,1719.17,59.89,936,0,5,2,64,1379.12,4.2,0
101955,Footwear,Debit Card,7378.52,23.42,1461,2,4,1,38,5650.47,3.4,1
101956,Beauty,Credit Card,4575.73,67.26,1052,1,10,2,65,2996.19,4.0,1
101957,Electronics,COD,888.76,47.92,1531,1,4,3,44,1388.6,,0
101958,Grocery,COD,757.8,52.93,2052,0,1,3,18,1070.09,,0
101959,Beauty,UPI,1451.23,66.34,1047,0,9,1,38,488.48,4.4,1
101960,Beauty,COD,1173.32,16.73,1010,1,1,2,55,1954.05,2.3,0
101961,Home,COD,3497.45,39.71,527,2,5,1,50,2108.61,,0
101962,Beauty,Debit Card,2420.36,2.85,1261,0,2,2,37,4702.76,1.9,1
101963,Electronics,UPI,345.92,7.05,1158,0,8,4,24,1286.13,3.7,0
101964,Books,COD,1933.22,25.66,425,1,4,4,57,5748.62,,0
101965,Electronics,UPI,1160.64,47.78,2425,0,4,4,45,2424.34,2.9,0
101966,Books,Credit Card,1379.79,58.22,2153,0,6,1,59,576.48,4.9,0
101967,Grocery,UPI,1634.6,17.95,748,2,7,3,32,4023.57,2.9,0
101968,Home,COD,3494.63,52.44,2362,1,11,2,26,3324.09,1.3,1
101969,Home,COD,2928.47,15.7,701,0,14,2,36,4937.4,1.1,1
101970,Fashion,Debit Card,735.25,0.42,1064,0,9,4,30,2928.65,4.8,0
101971,Footwear,COD,1278.08,3.81,353,2,7,4,44,4917.54,3.8,1
101972,Books,Credit Card,935.6,40.99,1541,0,9,3,44,1656.29,3.8,0
101973,Fashion,COD,348.81,34.8,1218,0,8,4,24,909.7,2.5,0
101974,Electronics,UPI,1227.22,18.93,690,0,1,2,42,1989.81,3.0,0
101975,Fashion,UPI,5859.41,0.46,742,0,7,1,38,5832.46,3.2,0
101976,Home,UPI,340.48,39.76,2340,1,11,4,45,820.42,4.1,0
101977,Footwear,Wallet,1313.89,57.23,1727,0,12,1,57,561.95,3.0,0
101978,Books,UPI,1280.61,4.8,407,0,2,2,41,2438.28,2.2,1
101979,Fashion,Credit Card,1686.13,51.55,363,0,10,4,32,3267.72,3.1,0
101980,Footwear,Credit Card,620.06,44.42,202,1,2,4,64,1378.52,,0
101981,Fashion,UPI,428.34,33.55,640,1,1,1,57,284.63,1.2,1
101982,Footwear,UPI,444.58,3.38,1853,0,1,4,67,1718.21,2.9,0
101983,Fashion,Wallet,3884.49,64.65,182,0,2,3,30,4119.5,2.4,0
101984,Beauty,UPI,610.24,33.42,645,0,2,1,49,406.3,4.6,0
101985,Footwear,COD,898.16,27.97,132,1,9,3,57,1940.83,2.6,0
101986,Fashion,UPI,7213.47,60.3,1634,0,13,2,64,5727.5,3.5,0
101987,Books,UPI,744.41,59.19,2040,0,11,3,28,911.38,2.8,0
101988,Footwear,Debit Card,1761.5,50.91,1336,0,11,1,31,864.72,4.3,0
101989,Electronics,UPI,3137.09,58.06,2267,2,2,1,67,1315.7,4.7,0
101990,Electronics,Debit Card,3018.68,8.7,1730,0,14,3,47,8268.16,1.3,0
101991,Books,UPI,461.62,53.26,1916,1,8,3,25,647.28,1.1,0
101992,Fashion,COD,756.97,22.96,804,1,1,1,28,583.17,3.8,0
101993,Electronics,UPI,1705.97,60.72,2166,0,9,3,69,2010.32,3.5,0
101994,Home,COD,6268.01,25.92,1588,0,10,2,64,9286.68,3.2,0
101995,Grocery,COD,728.36,3.8,243,0,6,4,29,2802.73,2.7,0
101996,Fashion,COD,902.45,29.01,234,2,11,3,46,1921.95,,1
101997,Fashion,Credit Card,1873.68,52.97,2248,1,10,2,54,1762.38,3.8,0
101998,Grocery,COD,2198.93,35.07,709,0,9,1,41,1427.77,2.7,0
101999,Home,Wallet,2308.15,53.45,1181,1,5,4,33,4297.78,2.3,0
102000,Grocery,Debit Card,680.56,2.47,1908,2,14,3,54,1991.25,4.8,0
102001,Home,UPI,875.12,12.4,1928,0,9,1,22,766.61,2.6,0
102002,Footwear,COD,1591.45,39.45,96,0,7,1,28,963.62,1.8,0
102003,Books,COD,3676.99,26.97,1550,1,11,1,19,2685.31,4.8,0
102004,Electronics,UPI,1106.78,47.61,2285,1,4,3,64,1739.53,3.8,0
102005,Footwear,UPI,1315.75,67.38,894,1,14,4,25,1716.79,,1
102006,Home,Credit Card,589.49,46.19,1370,2,11,3,63,951.61,4.1,0
102007,Electronics,UPI,5946.64,29.22,684,0,9,1,39,4209.03,1.9,0
102008,Electronics,UPI,1515.36,37.97,1811,1,4,1,23,939.98,3.2,0
102009,Books,Debit Card,3172.27,63.9,321,1,5,1,48,1145.19,2.1,0
102010,Electronics,Wallet,1371.85,47.11,1313,1,14,1,34,725.57,,0
102011,Fashion,UPI,1433.99,56.22,1049,4,11,1,42,627.8,1.5,0
102012,Electronics,Debit Card,403.33,21.11,1613,1,2,1,68,318.19,1.9,0
102013,Home,Credit Card,239.7,52.1,1250,0,12,3,50,344.45,2.0,1
102014,Home,COD,3646.5,9.76,2454,3,2,3,18,9871.8,2.8,1
102015,Home,COD,1425.74,52.48,2458,3,6,4,22,2710.05,1.5,1
102016,Fashion,UPI,1579.94,61.71,731,1,6,1,58,604.96,3.2,0
102017,Electronics,UPI,493.12,63.02,122,2,6,4,53,729.42,3.9,1
102018,Beauty,COD,650.37,8.16,1247,2,7,2,43,1194.6,1.0,0
102019,Fashion,Debit Card,3133.3,58.09,1487,1,3,1,58,1313.17,4.5,0
102020,Books,COD,5389.0,7.7,1886,2,10,1,29,4974.05,4.4,1
102021,Electronics,COD,814.83,33.49,1326,1,10,2,29,1083.89,,0
102022,Electronics,UPI,2292.02,47.78,1478,1,12,1,39,1196.89,1.3,0
102023,Fashion,Credit Card,1559.34,33.9,86,4,7,2,59,2061.45,3.3,0
102024,Home,COD,1216.31,23.79,1913,1,8,3,69,2780.85,2.3,0
102025,Fashion,Credit Card,5893.28,47.87,844,1,2,4,31,12288.67,,0
102026,Grocery,Credit Card,932.1,46.26,979,2,5,1,50,500.91,3.3,0
102027,Fashion,UPI,3614.0,40.8,1074,1,8,3,41,6418.46,3.6,0
102028,Home,Wallet,1817.36,36.99,206,2,6,1,63,1145.12,3.9,0
102029,Beauty,Debit Card,1321.45,49.4,1250,0,14,2,59,1337.31,4.4,0
102030,Electronics,Debit Card,4014.28,28.21,971,3,4,3,26,8645.55,3.4,0
102031,Home,Credit Card,1689.36,4.81,606,1,1,2,53,3216.2,1.4,0
102032,Fashion,Debit Card,1239.99,37.62,637,1,13,2,18,1547.01,1.5,0
102033,Home,COD,4038.2,50.64,114,0,8,2,44,3986.51,3.5,1
102034,Electronics,COD,3638.8,20.94,2222,0,1,2,31,5753.67,,1
102035,Grocery,UPI,3503.69,9.85,755,2,14,3,37,9475.73,4.0,0
102036,Footwear,Credit Card,59.73,63.83,2190,0,3,2,35,43.21,3.1,0
102037,Electronics,Credit Card,1904.82,60.46,2095,1,14,3,47,2259.5,3.4,1
102038,Beauty,COD,1587.15,43.29,1159,0,5,4,62,3600.29,4.9,0
102039,Grocery,UPI,1302.59,55.06,2025,1,5,3,45,1756.15,2.4,1
102040,Fashion,COD,2181.62,67.82,551,1,3,4,63,2808.18,,1
102041,Grocery,Credit Card,1649.86,39.85,476,1,3,2,68,1984.78,4.9,0
102042,Beauty,UPI,2303.64,17.09,2250,1,12,2,29,3819.9,4.7,0
102043,Footwear,Credit Card,1080.99,44.72,1626,1,6,1,60,597.57,1.0,0
102044,Footwear,UPI,4440.6,64.02,1732,0,8,3,29,4793.18,2.6,0
102045,Electronics,COD,2497.77,48.31,2311,0,5,3,24,3873.29,3.9,1
102046,Home,UPI,2067.35,1.84,64,1,6,3,28,6087.93,1.7,0
102047,Home,Wallet,1988.16,64.2,455,1,7,3,39,2135.28,1.1,1
102048,Electronics,Credit Card,3380.66,52.76,2405,0,5,3,26,4791.07,1.1,0
102049,Fashion,Debit Card,3033.13,28.13,347,1,9,1,48,2179.91,3.3,0
102050,Footwear,Credit Card,1223.88,69.12,1137,2,7,1,49,377.93,1.9,0
102051,Electronics,UPI,2957.94,50.52,84,1,11,3,54,4390.77,2.0,0
102052,Home,UPI,1539.54,57.78,834,0,11,1,65,649.99,1.1,0
102053,Grocery,UPI,6207.67,66.02,455,0,9,4,27,8437.47,3.9,0
102054,Fashion,UPI,3223.37,2.77,661,1,2,2,68,6268.17,4.4,0
102055,Home,Debit Card,812.01,54.21,2040,0,13,3,61,1115.46,3.9,0
102056,Footwear,Debit Card,8643.55,27.04,711,1,10,3,20,18919.0,,0
102057,Home,COD,249.23,60.84,2040,1,11,3,50,292.8,,0
102058,Electronics,UPI,2230.28,61.52,2240,3,10,2,31,1716.42,4.8,1
102059,Electronics,UPI,767.4,58.0,1364,0,8,3,21,966.92,2.0,0
102060,Footwear,Debit Card,6037.49,54.54,1360,0,8,1,53,2744.64,4.9,0
102061,Fashion,COD,1639.66,55.6,853,1,2,2,21,1456.02,,0
102062,Home,Credit Card,709.79,20.76,1676,0,13,1,27,562.44,1.2,0
102063,Electronics,UPI,1082.26,28.46,2022,0,12,1,53,774.25,3.3,0
102064,Home,UPI,756.62,8.05,2162,1,13,1,22,695.71,3.1,0
102065,Footwear,COD,1048.78,58.14,511,0,10,2,57,878.04,4.4,1
102066,Home,COD,1029.76,45.22,1724,3,4,1,19,564.1,2.4,0
102067,Footwear,Credit Card,734.42,42.89,375,0,5,1,34,419.43,4.1,0
102068,Fashion,COD,1662.46,17.23,1240,0,13,2,31,2752.04,4.1,0
102069,Home,Wallet,1831.66,43.05,250,0,4,3,26,3129.39,1.1,0
102070,Footwear,Credit Card,603.63,31.82,1388,0,9,1,45,411.55,3.7,0
102071,Home,Credit Card,355.45,69.67,2132,0,10,3,29,323.42,2.9,0
102072,Fashion,COD,1717.74,60.41,2048,1,3,3,25,2040.16,,1
102073,Footwear,Credit Card,2049.88,36.82,1795,1,2,1,38,1295.11,2.7,0
102074,Fashion,Wallet,2402.28,56.59,1456,2,1,1,43,1042.83,4.4,0
102075,Home,Credit Card,2081.7,11.52,1572,0,12,4,50,7367.55,3.8,0
102076,Footwear,COD,4713.44,7.1,276,2,5,2,22,8757.57,3.5,0
102077,Electronics,COD,2973.97,44.15,1826,0,4,4,27,6643.85,,0
102078,Fashion,Wallet,11428.47,50.88,1713,2,13,3,20,16840.99,3.7,1
102079,Electronics,Wallet,16002.78,3.71,384,0,9,1,59,15409.08,4.0,0
102080,Fashion,COD,328.17,14.07,1591,2,1,3,47,845.99,,0
102081,Fashion,Debit Card,230.97,37.61,980,1,5,2,30,288.2,,1
102082,Books,COD,1331.53,4.4,1287,0,7,2,45,2545.89,1.3,0
102083,Electronics,Debit Card,2004.97,29.68,2040,1,7,1,60,1409.89,4.8,0
102084,Books,COD,1260.54,33.75,825,2,11,2,57,1670.22,4.2,0
102085,Fashion,UPI,2351.63,64.53,2294,0,12,4,66,3336.49,1.0,0
102086,Fashion,UPI,1079.02,22.1,1059,1,1,1,29,840.56,3.9,0
102087,Fashion,COD,768.81,11.81,1297,1,5,3,26,2034.04,2.2,0
102088,Books,Credit Card,867.56,0.53,101,0,9,1,57,862.96,3.4,0
102089,Home,COD,1141.23,8.51,331,0,1,3,65,3132.33,,0
102090,Fashion,COD,2630.19,52.56,725,1,8,4,27,4991.05,3.9,0
102091,Footwear,COD,907.42,31.14,2446,1,2,4,54,2499.4,1.7,0
102092,Beauty,COD,1062.97,13.91,671,2,9,4,47,3660.44,4.3,1
102093,Fashion,Wallet,2113.65,65.31,1005,3,2,3,64,2199.68,1.3,0
102094,Footwear,COD,1142.49,55.13,2139,0,11,3,28,1537.91,1.1,0
102095,Fashion,UPI,3272.69,8.01,817,1,7,4,36,12042.19,1.5,1
102096,Electronics,COD,641.88,18.83,2037,1,14,1,50,521.01,2.5,0
102097,Home,Credit Card,539.64,59.46,326,0,2,1,62,218.77,3.6,0
102098,Electronics,Credit Card,1709.07,48.47,358,0,13,1,60,880.68,2.9,0
102099,Fashion,UPI,1850.91,66.19,61,1,6,1,42,625.79,2.9,0
102100,Books,COD,670.51,5.34,338,2,7,1,37,634.7,4.5,0
102101,Electronics,COD,3924.04,54.28,1521,0,10,2,27,3588.14,3.2,0
102102,Grocery,UPI,6247.58,5.35,254,0,9,3,38,17740.0,3.0,0
102103,Footwear,UPI,810.55,23.57,1542,0,13,4,69,2478.01,2.7,0
102104,Beauty,Debit Card,4402.12,52.55,1509,3,12,3,29,6266.42,4.9,0
102105,Books,COD,199.2,49.77,608,0,4,1,67,100.06,2.0,0
102106,Books,COD,3168.11,0.15,121,1,4,1,32,3163.36,,0
102107,Footwear,UPI,674.38,14.14,430,0,13,2,24,1158.05,3.0,0
102108,Fashion,Debit Card,2924.44,54.5,383,1,12,3,55,3991.86,3.7,0
102109,Electronics,Debit Card,620.78,8.83,1334,0,14,4,41,2263.86,1.1,0
102110,Home,COD,1268.02,22.85,2329,2,13,2,56,1956.55,4.4,0
102111,Home,COD,700.58,12.87,1105,1,9,1,69,610.42,2.1,0
102112,Electronics,UPI,1128.78,7.8,1595,1,14,1,25,1040.74,3.6,0
102113,Beauty,UPI,5790.3,58.56,780,1,11,3,46,7198.5,1.7,0
102114,Electronics,COD,1228.62,4.29,256,0,13,4,31,4703.65,,0
102115,Footwear,UPI,7246.26,37.52,569,0,7,1,43,4527.46,2.4,0
102116,Fashion,Debit Card,983.73,48.49,1213,1,14,1,31,506.72,1.7,1
102117,Electronics,COD,4417.86,4.03,2152,0,2,1,28,4239.82,1.1,1
102118,Electronics,Credit Card,364.84,44.34,643,1,13,3,44,609.21,2.2,0
102119,Fashion,UPI,1065.07,23.38,2460,1,14,2,39,1632.11,2.5,1
102120,Fashion,Credit Card,872.28,58.35,1607,2,12,4,57,1453.22,1.1,0
102121,Electronics,Debit Card,4583.25,55.84,908,2,14,4,43,8095.85,,0
102122,Fashion,UPI,1553.4,55.57,1567,3,6,3,49,2070.53,2.8,0
102123,Electronics,COD,252.03,27.91,1754,2,5,1,55,181.69,3.0,0
102124,Fashion,UPI,469.61,57.58,1724,0,2,3,20,597.63,1.5,0
102125,Fashion,Credit Card,595.78,44.1,2167,0,3,2,41,666.08,2.5,0
102126,Fashion,Credit Card,2827.76,26.51,1664,1,13,4,45,8312.48,4.9,1
102127,Fashion,Debit Card,2550.4,5.65,96,0,1,3,51,7218.91,2.4,0
102128,Electronics,Debit Card,1053.3,4.68,961,0,3,4,20,4016.02,4.2,0
102129,Electronics,Credit Card,863.67,17.6,2272,1,7,2,23,1423.33,1.5,0
102130,Fashion,Debit Card,2375.85,20.97,541,1,6,2,62,3755.27,1.5,0
102131,Grocery,UPI,542.6,64.93,1262,2,13,2,57,380.58,5.0,0
102132,Footwear,UPI,1931.66,70.0,1265,2,1,4,39,2317.99,3.6,0
102133,Footwear,UPI,1804.46,10.06,1405,0,1,3,18,4868.79,3.7,0
102134,Home,COD,1075.27,65.99,2176,2,4,2,31,731.4,2.7,1
102135,Home,Credit Card,1841.14,49.46,1363,3,9,4,51,3722.05,4.0,0
102136,Fashion,Debit Card,1453.42,34.9,31,0,5,2,53,1892.35,4.7,0
102137,Grocery,COD,1994.08,66.83,630,0,12,4,60,2645.75,,0
102138,Grocery,UPI,460.69,49.96,1588,0,2,3,46,691.59,1.7,0
102139,Grocery,COD,2189.88,41.56,1962,0,6,1,57,1279.77,4.5,0
102140,Footwear,COD,3045.08,14.67,1627,1,10,2,30,5196.73,1.3,0
102141,Home,COD,1731.53,17.11,1838,0,9,3,25,4305.8,2.4,0
102142,Grocery,COD,2166.73,63.81,624,2,8,4,35,3136.56,,0
102143,Grocery,COD,1226.68,15.05,266,0,7,3,61,3126.19,,0
102144,Fashion,Debit Card,2732.76,2.26,2372,1,2,1,64,2671.0,2.8,1
102145,Footwear,Debit Card,1411.2,18.64,1420,1,1,2,22,2296.3,1.7,0
102146,Electronics,COD,534.67,33.64,1854,2,1,4,28,1419.23,,1
102147,Footwear,COD,2581.62,26.74,2393,1,8,2,21,3782.59,2.7,0
102148,Grocery,UPI,362.38,65.51,480,0,13,2,57,249.97,3.1,0
102149,Electronics,COD,1679.45,29.3,2181,1,2,4,60,4749.48,3.9,0
102150,Books,Credit Card,984.98,62.23,934,2,1,2,66,744.05,3.9,1
102151,Electronics,Credit Card,935.89,41.63,1575,1,10,4,27,2185.12,,1
102152,Grocery,Debit Card,1537.01,36.69,985,0,8,1,44,973.08,2.8,0
102153,Grocery,UPI,759.43,11.21,520,0,5,3,41,2022.89,4.4,0
102154,Beauty,Debit Card,2017.8,18.97,2202,2,1,1,68,1635.02,3.4,0
102155,Footwear,Wallet,1401.69,60.7,887,2,12,1,66,550.86,4.4,0
102156,Electronics,UPI,817.43,54.6,91,0,10,3,61,1113.34,4.8,0
102157,Fashion,COD,3907.07,31.32,401,0,9,3,28,8050.13,,0
102158,Home,COD,1577.86,63.63,2404,0,4,1,35,573.87,1.5,0
102159,Electronics,COD,2218.62,57.34,2060,0,14,2,58,1892.93,1.3,0
102160,Home,Credit Card,4160.0,7.85,1671,1,1,2,49,7666.88,1.5,1
102161,Fashion,Debit Card,4105.75,42.42,1953,1,11,2,48,4728.18,3.7,0
102162,Fashion,COD,2129.9,55.92,1632,1,11,4,21,3755.44,,1
102163,Home,COD,1051.4,56.58,2278,1,11,4,39,1826.07,4.8,1
102164,Footwear,Credit Card,426.77,6.39,276,0,9,1,68,399.5,3.6,0
102165,Fashion,Debit Card,1580.27,15.72,186,0,5,4,41,5327.41,4.8,0
102166,Footwear,Debit Card,3215.27,28.91,1746,0,7,1,63,2285.74,,0
102167,Home,Wallet,1778.37,17.61,2412,1,7,4,39,5860.8,,0
102168,Fashion,COD,85.14,7.63,1465,0,13,3,62,235.93,1.7,0
102169,Home,Credit Card,2686.65,44.02,2417,1,11,3,61,4511.96,4.1,0
102170,Home,Wallet,2821.99,35.52,1020,2,7,1,50,1819.62,1.0,0
102171,Fashion,Debit Card,1052.6,10.85,1695,1,11,3,60,2815.18,4.5,0
102172,Home,Debit Card,2953.33,41.05,1287,1,14,3,20,5222.96,1.1,0
102173,Electronics,Credit Card,2213.59,4.34,2207,2,10,2,37,4235.04,3.4,0
102174,Fashion,COD,774.02,26.81,1628,0,5,3,22,1699.52,2.6,1
102175,Beauty,UPI,3703.53,55.48,1112,0,1,4,54,6595.25,3.4,0
102176,Home,Debit Card,485.91,62.3,634,1,13,1,33,183.19,4.1,0
102177,Grocery,Debit Card,1279.47,17.17,804,1,1,2,45,2119.57,1.4,0
102178,Fashion,Credit Card,1181.33,60.17,214,0,8,2,61,941.05,4.8,1
102179,Footwear,Credit Card,692.04,62.42,411,0,1,1,56,260.07,3.4,0
102180,Grocery,COD,1707.93,42.48,1286,1,13,2,52,1964.8,,1
102181,Footwear,UPI,3821.11,68.75,108,3,1,1,20,1194.1,4.9,0
102182,Grocery,Credit Card,3634.38,17.23,1194,1,10,1,50,3008.18,4.2,0
102183,Electronics,COD,2389.72,4.83,133,1,11,4,35,9097.19,1.6,0
102184,Home,Credit Card,344.9,59.04,430,0,11,2,69,282.54,1.4,0
102185,Electronics,UPI,460.01,34.37,1738,1,8,2,35,603.81,4.7,0
102186,Grocery,Credit Card,1529.87,24.25,101,0,9,3,56,3476.63,3.3,0
102187,Beauty,Credit Card,1303.24,3.87,861,1,8,4,49,5011.22,2.9,0
102188,Fashion,Debit Card,899.23,4.52,500,0,11,4,35,3434.34,1.3,1
102189,Footwear,UPI,6150.31,6.35,163,1,2,3,28,17279.3,3.2,0
102190,Electronics,Debit Card,1457.81,12.85,544,1,13,2,31,2540.96,2.1,0
102191,Beauty,UPI,2067.16,67.93,307,0,11,2,45,1325.88,1.8,0
102192,Books,COD,2952.23,19.7,228,1,14,3,64,7111.92,2.6,1
102193,Electronics,UPI,1399.63,57.19,1673,1,2,4,68,2396.73,1.1,1
102194,Beauty,UPI,10645.04,1.36,338,0,3,4,34,42001.07,3.4,0
102195,Grocery,Credit Card,631.25,22.53,2348,1,4,4,20,1956.12,3.5,0
102196,Electronics,Debit Card,824.8,63.43,1231,1,6,3,29,904.89,3.8,0
102197,Home,COD,630.01,12.95,1037,0,12,1,44,548.42,1.1,1
102198,Fashion,Credit Card,4675.66,19.88,2193,0,12,2,38,7492.28,1.7,0
102199,Books,COD,2544.45,57.86,1950,0,10,1,25,1072.23,4.1,0
102200,Electronics,COD,866.69,8.5,1068,1,6,2,27,1586.04,3.3,0
102201,Footwear,Wallet,671.09,3.72,2434,1,2,3,48,1938.38,1.0,0
102202,Footwear,COD,4055.84,67.62,1340,0,10,3,31,3939.84,,1
102203,Electronics,Debit Card,1788.89,28.34,1779,0,2,1,30,1281.92,2.7,0
102204,Fashion,COD,4139.52,46.05,2425,0,3,3,37,6699.81,2.1,0
102205,Beauty,Credit Card,1276.5,8.9,1815,0,6,2,64,2325.78,4.0,0
102206,Books,Credit Card,2016.72,15.41,1489,0,11,3,61,5117.83,2.4,1
102207,Home,COD,1703.06,32.2,1551,0,9,4,34,4618.7,2.8,0
102208,Electronics,Debit Card,812.98,47.26,1645,0,2,2,57,857.53,4.4,0
102209,Electronics,Wallet,1193.55,20.53,2444,0,4,1,67,948.51,1.6,1
102210,Footwear,Credit Card,519.34,61.92,1761,0,12,4,32,791.06,3.3,1
102211,Home,Wallet,1988.8,54.68,770,0,9,2,18,1802.65,1.4,0
102212,Footwear,Debit Card,2462.66,38.61,84,0,10,1,30,1511.83,4.9,0
102213,Home,Debit Card,2957.59,32.14,1963,0,6,2,61,4014.04,2.2,1
102214,Footwear,COD,2282.98,43.37,1235,1,12,2,23,2585.7,4.6,1
102215,Electronics,COD,1208.86,51.22,1055,1,9,2,31,1179.36,2.5,0
102216,Electronics,UPI,4635.86,9.45,2339,0,2,4,67,16791.08,,1
102217,Footwear,Debit Card,2734.89,59.68,413,1,11,2,28,2205.42,4.1,0
102218,Footwear,Credit Card,4067.72,34.26,122,0,5,2,42,5348.24,1.9,0
102219,Fashion,UPI,4277.1,65.47,1856,2,12,2,63,2953.77,3.6,0
102220,Fashion,COD,1211.39,66.89,2312,0,9,3,62,1203.27,,0
102221,Home,UPI,1826.77,2.15,2078,0,3,4,33,7149.98,1.1,0
102222,Home,COD,2489.04,26.91,2181,0,1,3,30,5457.72,2.2,0
102223,Electronics,UPI,534.16,36.84,2163,1,2,4,48,1349.5,3.8,0
102224,Footwear,COD,543.71,37.77,1723,3,4,2,34,676.7,1.7,1
102225,Fashion,COD,473.69,57.57,2307,1,2,3,56,602.96,3.5,0
102226,Books,Debit Card,1228.46,9.88,872,3,10,3,53,3321.26,4.1,0
102227,Electronics,COD,1025.92,43.57,1869,0,3,4,39,2315.71,2.2,0
102228,Electronics,UPI,424.73,65.98,257,1,7,2,39,288.99,,0
102229,Books,Debit Card,1509.43,69.77,1333,1,5,1,23,456.3,3.4,0
102230,Fashion,COD,1240.79,0.71,747,0,10,4,54,4927.92,1.5,0
102231,Books,COD,3448.84,68.08,2348,2,1,3,65,3302.61,1.0,0
102232,Electronics,UPI,6703.49,8.55,1107,2,6,1,63,6130.34,1.5,0
102233,Footwear,Debit Card,1929.78,37.59,547,0,12,4,51,4817.5,2.1,0
102234,Books,UPI,767.16,17.25,1436,1,4,2,55,1269.65,3.7,0
102235,Footwear,COD,2247.06,42.45,220,0,12,3,64,3879.55,2.3,1
102236,Electronics,UPI,1349.44,2.59,343,2,3,2,29,2628.98,4.7,1
102237,Fashion,Credit Card,1105.33,16.68,1096,0,10,4,57,3683.84,4.0,0
102238,Fashion,Debit Card,672.31,21.04,1588,0,4,2,23,1061.71,,0
102239,Home,Credit Card,923.92,64.09,1468,0,5,3,58,995.34,3.7,0
102240,Fashion,COD,1161.85,40.85,166,0,8,3,29,2061.7,,0
102241,Electronics,Wallet,2548.54,49.57,1709,0,10,4,48,5140.91,1.6,0
102242,Fashion,Wallet,2015.9,47.32,172,3,8,3,18,3185.93,2.1,0
102243,Fashion,Credit Card,5770.19,27.46,2044,2,9,1,18,4185.7,3.8,0
102244,Fashion,UPI,2297.26,0.98,126,3,5,4,51,9098.99,3.6,0
102245,Electronics,COD,1880.77,7.49,96,1,10,1,63,1739.9,1.8,0
102246,Fashion,COD,1048.4,32.12,1308,0,1,3,23,2134.96,3.8,1
102247,Beauty,COD,584.08,65.89,2011,0,2,2,61,398.46,2.1,0
102248,Fashion,Credit Card,849.02,17.41,1919,1,3,2,57,1402.41,3.7,0
102249,Fashion,COD,765.19,48.88,1512,0,13,4,55,1564.66,2.2,0
102250,Home,Credit Card,172.65,57.86,470,0,9,1,32,72.75,1.8,0
102251,Grocery,COD,597.7,63.47,2383,3,5,1,63,218.34,,1
102252,Fashion,UPI,4825.97,20.54,80,2,9,4,49,15338.86,4.9,0
102253,Beauty,UPI,1798.81,65.19,889,1,4,2,27,1252.33,3.6,1
102254,Footwear,Debit Card,991.07,42.56,1892,1,11,2,63,1138.54,2.4,1
102255,Home,COD,1842.33,35.59,1553,1,6,4,32,4746.58,3.1,1
102256,Footwear,UPI,280.7,54.49,1982,0,9,3,43,383.24,2.8,0
102257,Grocery,COD,1678.54,16.71,1923,0,4,3,26,4194.17,,0
102258,Electronics,UPI,3721.92,56.88,2350,0,1,1,38,1604.89,3.7,0
102259,Home,Debit Card,1215.74,45.5,1305,2,14,2,51,1325.16,,1
102260,Books,Credit Card,324.54,55.96,2057,1,10,3,64,428.78,3.1,1
102261,Footwear,COD,961.84,59.9,415,0,10,1,40,385.7,1.3,1
102262,Home,UPI,3727.19,43.21,459,0,9,3,50,6350.01,4.2,0
102263,Electronics,UPI,1647.32,2.57,153,0,13,4,23,6419.94,1.1,0
102264,Beauty,Debit Card,430.67,20.84,535,2,1,2,30,681.84,2.3,0
102265,Electronics,Wallet,8902.64,61.46,305,1,14,4,47,13724.31,2.5,1
102266,Grocery,UPI,491.25,43.89,2065,0,7,4,20,1102.56,4.1,0
102267,Home,COD,1102.86,62.3,1252,1,9,3,35,1247.33,,0
102268,Books,UPI,584.11,26.92,1127,0,14,2,21,853.74,1.8,0
102269,Footwear,COD,584.76,35.33,1609,0,12,1,43,378.16,1.6,0
102270,Beauty,Credit Card,932.88,60.38,918,0,5,3,31,1108.82,3.5,0
102271,Beauty,COD,2228.13,53.34,1439,1,13,3,31,3118.94,,0
102272,Grocery,Wallet,3760.94,26.43,38,0,2,3,42,8300.77,1.1,0
102273,Grocery,UPI,983.45,1.58,1790,1,3,2,26,1935.82,1.9,0
102274,Footwear,COD,596.98,61.62,2182,1,4,1,57,229.12,1.9,0
102275,Electronics,Credit Card,1964.34,55.04,126,2,4,4,41,3532.67,3.2,0
102276,Beauty,Credit Card,2010.97,31.44,228,0,10,4,64,5514.88,,0
102277,Fashion,UPI,1623.44,38.24,366,1,6,4,29,4010.55,2.3,0
102278,Footwear,UPI,1670.02,14.3,1531,2,12,1,21,1431.21,2.2,0
102279,Beauty,COD,1224.08,28.85,1910,2,9,4,39,3483.73,2.1,0
102280,Home,Credit Card,1448.84,11.42,2062,0,9,4,23,5133.53,4.4,0
102281,Electronics,Debit Card,1158.27,14.74,1959,2,11,2,37,1975.08,2.8,0
102282,Fashion,Credit Card,3153.27,59.25,1455,0,6,3,58,3854.87,4.4,0
102283,Books,Credit Card,7964.64,25.37,1764,2,5,1,66,5944.01,5.0,0
102284,Fashion,COD,1546.46,57.03,721,1,2,3,41,1993.54,3.0,0
102285,Electronics,COD,1332.41,33.17,1871,0,12,4,27,3561.8,4.7,0
102286,Footwear,Credit Card,1643.67,4.95,481,1,4,1,38,1562.31,1.7,0
102287,Grocery,UPI,791.29,25.31,2409,0,10,3,32,1773.04,2.2,1
102288,Electronics,COD,2470.02,11.08,133,1,12,2,24,4392.68,3.6,1
102289,Fashion,COD,1906.34,48.55,2362,0,6,1,59,980.81,2.0,0
102290,Footwear,UPI,956.83,63.8,1167,0,3,1,56,346.37,3.4,0
102291,Books,UPI,2756.32,53.42,1621,0,10,4,33,5135.58,4.6,0
102292,Beauty,Credit Card,1359.93,54.49,424,0,5,1,43,618.9,4.9,0
102293,Fashion,COD,616.44,60.33,818,0,12,1,42,244.54,3.1,0
102294,Fashion,Debit Card,1774.52,54.37,2159,2,7,4,40,3238.85,3.9,0
102295,Electronics,Credit Card,1619.05,39.8,64,0,5,3,57,2924.0,3.4,0
102296,Books,Debit Card,2888.04,50.0,503,0,11,2,54,2888.04,2.7,1
102297,Electronics,COD,2605.13,29.12,1590,3,6,3,18,5539.55,2.4,0
102298,Electronics,COD,1227.36,4.96,2016,1,12,2,29,2332.97,3.5,0
102299,Books,COD,918.12,49.39,1095,0,10,1,67,464.66,2.4,1
102300,Footwear,UPI,1341.3,50.52,246,1,13,2,39,1327.35,4.0,0
102301,Grocery,Credit Card,1791.21,15.66,393,1,7,4,42,6042.83,1.5,0
102302,Home,COD,1972.39,66.78,2229,2,2,3,57,1965.68,3.9,0
102303,Home,Credit Card,1704.68,3.68,561,1,3,2,57,3283.9,3.0,0
102304,Home,UPI,1245.62,51.52,1459,3,1,4,47,2415.51,1.3,0
102305,Fashion,COD,2973.38,67.79,2343,1,12,3,65,2873.18,,0
102306,Home,Debit Card,780.99,21.64,957,2,4,1,48,611.98,3.2,0
102307,Home,Debit Card,9735.39,63.87,193,1,3,4,63,14069.59,3.9,0
102308,Beauty,Credit Card,2466.26,57.85,2038,0,9,1,41,1039.53,1.5,1
102309,Footwear,Wallet,543.49,52.09,1975,0,4,4,29,1041.54,1.6,0
102310,Footwear,UPI,1553.37,66.77,1638,1,14,1,23,516.18,4.5,0
102311,Electronics,COD,2485.3,45.78,2258,1,13,2,46,2695.06,,0
102312,Fashion,COD,1012.83,34.64,1946,0,7,1,64,661.99,2.2,1
102313,Electronics,COD,405.0,47.3,1730,0,9,3,39,640.31,3.1,0
102314,Fashion,COD,583.33,28.83,853,0,6,2,55,830.31,,0
102315,Fashion,Credit Card,2066.63,22.74,181,0,7,3,45,4790.04,4.9,0
102316,Electronics,UPI,329.08,5.76,1823,2,7,1,59,310.12,1.8,1
102317,Grocery,UPI,420.11,26.46,2119,0,6,4,58,1235.8,,1
102318,Home,COD,2057.95,56.22,1746,2,7,2,54,1801.94,2.3,1
102319,Footwear,Credit Card,1120.98,66.18,1643,2,3,2,36,758.23,1.7,0
102320,Electronics,COD,767.68,68.26,1804,1,10,1,39,243.66,3.7,0
102321,Electronics,Credit Card,901.64,14.46,714,0,1,2,42,1542.53,1.5,0
102322,Home,COD,412.96,40.0,318,0,13,3,60,743.33,2.1,0
102323,Electronics,UPI,1973.5,40.3,1585,0,13,1,49,1178.18,2.9,1
102324,Fashion,UPI,702.58,12.32,2359,1,3,3,26,1848.07,2.7,0
102325,Footwear,COD,872.53,40.71,367,3,1,4,32,2069.29,,0
102326,Fashion,Debit Card,1767.69,25.39,205,0,7,4,34,5275.49,3.6,0
102327,Electronics,Debit Card,1090.83,65.97,1777,0,1,4,49,1484.84,1.3,0
102328,Beauty,UPI,762.25,17.86,1073,0,6,4,57,2504.45,1.6,0
102329,Home,Credit Card,272.72,58.45,2260,0,11,2,25,226.63,3.3,0
102330,Beauty,COD,1797.12,62.78,1195,1,5,1,55,668.89,1.9,0
102331,Fashion,Debit Card,1426.81,51.51,1318,0,13,3,50,2075.58,1.8,0
102332,Grocery,COD,885.44,15.03,182,0,1,3,28,2257.08,,0
102333,Electronics,Debit Card,584.1,18.23,2381,3,10,2,25,955.24,3.8,1
102334,Home,COD,1353.18,67.98,847,1,8,1,25,433.29,2.2,1
102335,Books,Debit Card,1967.22,5.31,1112,1,4,1,58,1862.76,1.1,0
102336,Footwear,UPI,1448.39,8.2,1583,1,7,3,30,3988.87,4.2,0
102337,Fashion,COD,4966.41,68.5,2148,2,4,1,28,1564.42,3.3,0
102338,Beauty,Credit Card,2353.88,54.38,1993,0,9,3,39,3221.52,2.2,0
102339,Electronics,UPI,1229.27,52.25,1940,1,14,4,51,2347.91,3.1,0
102340,Electronics,COD,2417.82,11.21,290,1,8,4,41,8587.13,4.6,0
102341,Electronics,Debit Card,1392.6,34.23,248,1,10,2,48,1831.83,1.3,0
102342,Books,Debit Card,1388.74,58.85,2083,0,9,1,37,571.47,,0
102343,Fashion,Credit Card,3778.53,23.02,2284,1,12,3,40,8726.14,4.5,0
102344,Books,UPI,652.98,13.49,1570,1,8,3,48,1694.68,3.1,0
102345,Electronics,Credit Card,1364.64,0.77,2278,1,7,4,51,5416.53,4.8,0
102346,Footwear,Debit Card,3469.51,43.58,814,1,2,1,56,1957.5,1.9,0
102347,Grocery,COD,1715.04,20.57,897,1,11,1,62,1362.26,3.9,1
102348,Electronics,COD,997.01,60.46,450,1,13,1,35,394.22,2.7,0
102349,Electronics,COD,342.09,19.85,1989,1,14,3,24,822.56,2.5,0
102350,Electronics,UPI,217.83,10.61,1683,1,11,1,22,194.72,3.5,1
102351,Footwear,UPI,7051.14,67.23,584,0,5,4,53,9242.63,3.4,0
102352,Fashion,UPI,1714.38,67.53,2498,0,10,2,40,1113.32,2.5,1
102353,Home,COD,839.45,47.95,105,1,5,4,39,1747.73,2.5,0
102354,Home,Credit Card,1771.47,64.99,1932,1,13,2,56,1240.38,2.9,1
102355,Grocery,UPI,627.57,11.33,543,1,1,1,53,556.47,5.0,1
102356,Home,Debit Card,1027.66,32.22,1966,0,13,1,65,696.55,4.2,0
102357,Home,COD,630.96,14.29,1225,2,11,1,63,540.8,,0
102358,Footwear,UPI,432.41,33.51,608,1,13,4,56,1150.04,2.5,0
102359,Electronics,COD,248.64,55.38,172,1,4,4,51,443.77,4.6,0
102360,Grocery,COD,373.11,59.14,1564,2,8,3,64,457.36,4.1,0
102361,Electronics,UPI,3032.16,0.29,425,2,4,1,26,3023.37,3.6,0
102362,Home,Credit Card,608.19,27.27,1140,0,10,2,67,884.67,3.9,0
102363,Footwear,Credit Card,2054.76,69.58,2377,1,9,3,39,1875.17,1.2,1
102364,Books,Debit Card,2879.34,41.25,2222,0,10,4,30,6766.45,1.4,0
102365,Books,Wallet,1357.31,20.73,1249,2,11,1,46,1075.94,2.3,0
102366,Fashion,COD,1054.84,27.23,1837,1,1,1,64,767.61,2.9,0
102367,Home,UPI,1489.83,22.58,2063,0,6,4,24,4613.71,3.8,0
102368,Fashion,COD,959.78,31.33,1528,0,4,2,27,1318.16,,0
102369,Home,COD,3509.14,31.11,540,0,14,2,51,4834.89,4.5,0
102370,Home,Credit Card,6010.28,35.48,2034,1,8,2,52,7755.67,2.1,0
102371,Fashion,Credit Card,4272.05,32.52,248,0,3,2,55,5765.56,,1
102372,Fashion,COD,239.55,36.13,1320,1,6,2,64,306.0,5.0,0
102373,Fashion,Credit Card,944.24,1.96,1957,1,8,4,57,3702.93,1.8,0
102374,Fashion,Debit Card,1343.89,3.81,1439,5,5,3,60,3878.06,1.3,1
102375,Electronics,Debit Card,1940.01,25.98,891,1,9,1,24,1436.0,4.6,0
102376,Footwear,UPI,336.35,61.95,1058,0,11,1,36,127.98,1.5,1
102377,Beauty,UPI,332.04,55.36,1165,1,9,3,54,444.67,3.9,0
102378,Electronics,Credit Card,3810.18,7.71,1867,2,9,4,60,14065.66,,0
102379,Books,Credit Card,856.37,34.64,2480,3,10,4,37,2238.89,2.4,1
102380,Grocery,Credit Card,407.51,42.32,1953,1,5,4,48,940.21,,0
102381,Fashion,Debit Card,553.96,33.68,811,1,9,3,28,1102.16,2.4,0
102382,Electronics,COD,1830.56,48.83,304,0,1,1,63,936.7,,0
102383,Electronics,COD,693.65,69.81,1198,0,12,1,45,209.41,1.1,0
102384,Electronics,COD,1625.06,6.75,2149,2,6,3,22,4546.11,1.7,0
102385,Grocery,Credit Card,612.17,36.09,1597,1,12,4,47,1564.95,2.4,0
102386,Footwear,Wallet,331.84,35.87,824,1,4,2,31,425.62,3.7,0
102387,Electronics,Debit Card,4186.01,39.37,249,2,14,1,41,2537.98,1.3,0
102388,Books,Credit Card,1841.9,11.69,653,0,8,3,36,4879.75,2.4,0
102389,Electronics,Debit Card,1025.57,44.69,1799,2,14,2,61,1134.49,2.5,0
102390,Beauty,Debit Card,882.63,3.1,1684,2,5,3,62,2565.81,4.2,0
102391,Grocery,Credit Card,4323.93,51.88,1145,1,8,1,26,2080.68,2.1,0
102392,Fashion,Credit Card,2150.0,46.42,854,0,10,2,34,2303.94,4.6,0
102393,Electronics,UPI,3352.46,23.13,462,1,10,3,39,7731.11,4.8,0
102394,Beauty,COD,839.7,69.23,2431,1,4,4,62,1033.5,1.9,0
102395,Footwear,Credit Card,1394.84,58.01,1093,1,6,2,31,1171.39,2.5,0
102396,Fashion,Credit Card,1847.81,37.77,1925,1,4,4,54,4599.57,3.9,0
102397,Electronics,UPI,862.59,69.34,1167,1,10,2,20,528.94,,0
102398,Electronics,Wallet,1240.88,58.11,1435,2,6,3,67,1559.41,,0
102399,Beauty,UPI,839.76,9.66,1612,0,1,2,35,1517.28,4.9,0
102400,Beauty,Credit Card,1843.18,41.37,908,0,5,3,31,3241.97,3.5,0
102401,Grocery,COD,465.39,40.66,2344,1,6,2,55,552.32,,0
102402,Grocery,Debit Card,2116.62,45.71,1159,0,8,1,49,1149.11,1.0,0
102403,Footwear,UPI,1717.41,65.85,1919,0,13,4,45,2345.98,2.6,0
102404,Grocery,UPI,1138.37,34.44,2293,0,14,1,66,746.32,1.9,1
102405,Fashion,UPI,1919.1,5.42,974,1,10,3,39,5445.25,4.1,0
102406,Beauty,COD,1000.29,33.55,608,1,13,1,46,664.69,,1
102407,Fashion,UPI,783.6,55.15,2425,0,1,3,42,1054.33,3.5,0
102408,Fashion,UPI,2069.33,25.1,1971,2,13,1,27,1549.93,3.4,1
102409,Footwear,Debit Card,2142.25,1.9,1983,1,8,1,34,2101.55,1.1,0
102410,Books,Debit Card,892.64,21.23,2366,1,6,4,49,2812.53,3.8,0
102411,Footwear,Credit Card,833.44,47.75,99,2,6,4,24,1741.89,4.3,0
102412,Home,Debit Card,1157.04,6.02,2363,0,5,2,55,2174.77,2.9,1
102413,Home,COD,861.26,26.32,317,1,12,2,48,1269.15,3.3,0
102414,Home,COD,4537.34,9.32,388,0,7,3,51,12343.38,1.6,0
102415,Electronics,UPI,1725.34,33.32,568,1,2,2,60,2300.91,3.6,0
102416,Fashion,UPI,1355.17,9.91,309,0,13,1,43,1220.87,4.8,0
102417,Home,UPI,635.12,7.63,236,0,9,1,59,586.66,3.8,0
102418,Electronics,COD,2419.2,48.85,339,1,6,3,56,3712.26,1.1,0
102419,Footwear,COD,821.16,11.06,1229,2,10,4,30,2921.36,2.2,1
102420,Electronics,COD,794.57,10.84,950,0,5,3,32,2125.32,,0
102421,Electronics,UPI,2485.16,41.48,871,0,9,3,40,4362.95,3.7,0
102422,Grocery,Debit Card,1825.95,3.05,454,0,1,4,22,7081.03,2.3,1
102423,Electronics,Wallet,180.77,2.31,2433,0,4,1,46,176.59,3.4,0
102424,Footwear,COD,1180.61,30.2,851,0,5,3,65,2472.2,,0
102425,Books,Debit Card,1480.92,25.56,1197,1,12,1,59,1102.4,,0
102426,Electronics,UPI,1020.78,38.12,381,2,11,2,55,1263.32,2.6,0
102427,Books,COD,1522.78,69.54,554,2,12,2,28,927.68,1.8,0
102428,Beauty,Wallet,314.9,30.43,608,1,7,3,59,657.23,1.3,0
102429,Grocery,Debit Card,139.1,40.32,2427,1,6,1,24,83.01,1.1,1
102430,Grocery,COD,613.77,64.35,465,1,8,4,39,875.24,3.6,1
102431,Books,COD,1678.74,33.82,1299,2,4,3,66,3332.97,3.7,0
102432,Beauty,UPI,101.5,54.68,1374,0,8,2,57,92.0,3.6,1
102433,Fashion,Debit Card,682.09,38.41,210,0,10,2,25,840.2,2.3,1
102434,Books,UPI,287.66,44.6,896,2,14,1,45,159.36,4.2,1
102435,Footwear,UPI,1103.12,65.28,229,1,6,2,69,766.01,4.4,1
102436,Beauty,Credit Card,6414.52,0.05,462,0,2,1,41,6411.31,3.4,0
102437,Books,UPI,1125.81,63.07,1697,2,5,4,49,1663.05,3.5,1
102438,Home,UPI,1229.05,34.84,1434,1,12,4,37,3203.4,,0
102439,Grocery,COD,2621.19,42.47,1252,0,7,3,43,4523.91,,0
102440,Footwear,UPI,1362.46,31.5,557,0,6,4,44,3733.14,1.3,0
102441,Electronics,COD,1127.78,18.26,1571,0,7,1,27,921.85,,0
102442,Fashion,COD,2811.06,4.62,2264,1,4,4,67,10724.76,2.7,0
102443,Home,Credit Card,1953.76,66.16,2128,0,12,2,62,1322.3,,0
102444,Home,UPI,1687.33,43.67,457,1,10,4,23,3801.89,1.2,0
102445,Beauty,COD,1198.68,61.14,1713,0,14,4,26,1863.23,5.0,1
102446,Electronics,Credit Card,1015.51,20.36,632,0,2,1,51,808.75,3.3,0
102447,Home,Debit Card,2789.83,19.46,2158,1,10,4,38,8987.72,2.8,0
102448,Beauty,COD,1023.34,23.5,1198,0,2,4,53,3131.42,,0
102449,Beauty,UPI,3586.75,16.17,1864,1,2,4,20,12027.09,2.9,0
102450,Books,UPI,579.57,34.86,1362,2,12,1,57,377.53,4.4,0
102451,Books,COD,4217.62,65.54,1695,0,5,4,19,5813.57,4.4,0
102452,Beauty,COD,1954.0,61.32,2339,1,5,2,28,1511.61,4.0,0
102453,Grocery,Wallet,617.19,34.66,362,0,3,1,55,403.27,1.4,1
102454,Beauty,COD,2012.6,24.41,2261,1,2,3,36,4563.97,4.8,0
102455,Home,COD,796.13,42.82,1222,0,10,1,28,455.23,,1
102456,Beauty,Wallet,1375.73,42.86,380,1,8,3,63,2358.28,2.6,0
102457,Electronics,UPI,907.5,47.86,1099,0,9,1,49,473.17,4.1,0
102458,Fashion,Debit Card,1204.32,37.49,167,1,3,3,32,2258.46,1.3,1
102459,Home,Debit Card,2844.51,1.87,1365,1,14,1,55,2791.32,,0
102460,Footwear,UPI,2028.01,5.32,1196,0,1,3,24,5760.36,3.7,0
102461,Books,Debit Card,544.41,68.16,996,0,7,4,43,693.36,3.5,0
102462,Electronics,Debit Card,569.94,52.24,1127,0,8,1,27,272.2,3.1,0
102463,Beauty,UPI,1663.4,66.38,1562,0,2,1,52,559.24,3.7,0
102464,Fashion,Debit Card,1762.61,23.77,2071,0,9,4,32,5374.55,4.8,0
102465,Books,Credit Card,780.9,37.45,999,1,9,2,30,976.91,1.5,0
102466,Grocery,Credit Card,4784.1,22.54,71,1,8,3,31,11117.29,2.4,0
102467,Beauty,Credit Card,2567.78,63.63,1407,0,6,1,60,933.9,2.2,0
102468,Beauty,Credit Card,812.03,20.14,2363,0,14,2,63,1296.97,4.7,1
102469,Fashion,Credit Card,751.59,48.57,1005,0,3,4,28,1546.17,,0
102470,Home,Credit Card,1116.27,12.25,332,3,11,4,26,3918.11,2.5,0
102471,Footwear,UPI,1027.12,7.37,2257,0,6,4,48,3805.69,4.6,0
102472,Books,Credit Card,3658.93,10.89,1065,2,6,2,51,6520.95,3.7,1
102473,Home,COD,2944.28,37.06,952,0,4,4,61,7412.52,,0
102474,Fashion,COD,1377.54,59.12,759,1,10,2,60,1126.28,,0
102475,Electronics,COD,2303.82,69.95,1835,1,3,2,59,1384.6,1.2,1
102476,Electronics,UPI,2587.33,43.59,390,2,6,2,20,2919.03,3.1,0
102477,Electronics,Credit Card,1403.34,37.35,1545,0,7,4,20,3516.77,2.0,0
102478,Fashion,COD,1848.44,55.08,891,2,1,1,27,830.32,3.5,1
102479,Footwear,UPI,2154.58,4.46,982,1,12,4,37,8233.94,2.1,0
102480,Home,COD,1978.48,56.66,562,1,5,4,56,3429.89,4.3,0
102481,Fashion,COD,718.35,53.09,2024,2,13,3,62,1010.93,3.3,0
102482,Electronics,UPI,778.86,37.07,1150,2,10,1,55,490.14,2.3,1
102483,Fashion,Debit Card,1063.29,1.61,2321,1,4,3,62,3138.51,4.5,1
102484,Grocery,UPI,761.03,14.15,2075,0,10,1,37,653.34,4.1,0
102485,Fashion,UPI,412.2,25.88,1908,1,7,2,51,611.05,3.0,0
102486,Grocery,UPI,2300.22,65.89,1142,0,7,1,25,784.61,3.0,0
102487,Grocery,COD,1767.16,44.69,2373,0,12,3,23,2932.25,2.9,1
102488,Electronics,UPI,458.75,35.71,1474,1,9,2,60,589.86,3.2,0
102489,Beauty,UPI,1104.63,34.19,1107,0,14,4,39,2907.83,4.4,0
102490,Footwear,COD,1155.83,54.6,888,0,13,3,55,1574.24,1.3,1
102491,Home,UPI,1549.3,22.65,2286,0,12,2,67,2396.77,,1
102492,Electronics,Credit Card,563.67,6.62,657,0,7,4,47,2105.42,4.0,0
102493,Footwear,UPI,453.41,47.39,2194,3,7,2,23,477.08,4.9,0
102494,Footwear,Debit Card,2029.98,23.03,594,0,13,2,52,3124.95,1.6,1
102495,Home,Credit Card,392.62,22.79,1913,0,13,2,59,606.28,1.2,0
102496,Beauty,COD,1111.95,31.83,726,1,6,3,32,2274.05,4.2,1
102497,Fashion,UPI,1031.88,16.99,2092,1,10,4,39,3426.25,4.9,0
102498,Grocery,Debit Card,1213.63,64.52,2093,1,9,4,50,1722.38,3.9,0
102499,Home,COD,1639.55,59.29,1833,2,2,3,56,2002.38,3.2,1
102500,Electronics,COD,4811.94,69.38,2480,0,2,1,27,1473.42,1.9,1
102501,Books,UPI,372.56,67.52,1295,0,2,4,20,484.03,4.8,0
102502,Footwear,COD,2700.7,22.01,2101,0,4,2,51,4212.55,,1
102503,Grocery,Debit Card,179.52,26.64,1394,3,14,3,18,395.09,3.8,0
102504,Fashion,Debit Card,4084.56,48.88,125,1,5,2,41,4176.05,4.5,1
102505,Electronics,COD,261.31,1.11,1061,2,13,2,33,516.82,4.5,0
102506,Footwear,Debit Card,9406.12,69.57,110,2,7,2,40,5724.56,1.3,1
102507,Footwear,COD,980.62,0.76,1670,1,7,3,63,2919.5,1.1,0
102508,Home,UPI,3760.5,37.2,406,0,4,2,66,4723.19,1.9,0
102509,Beauty,UPI,3188.56,46.81,832,0,10,1,53,1696.0,4.6,0
102510,Home,COD,944.64,63.99,2182,1,9,2,37,680.33,3.1,0
102511,Home,Credit Card,1004.46,45.09,1856,0,5,2,49,1103.1,3.6,0
102512,Electronics,Credit Card,685.59,41.79,860,0,11,3,25,1197.25,2.4,0
102513,Electronics,Wallet,2514.67,21.03,1277,0,10,2,69,3971.67,2.7,1
102514,Fashion,Credit Card,954.54,41.36,1465,1,10,1,63,559.74,2.2,0
102515,Grocery,Debit Card,695.63,52.48,902,0,7,3,36,991.69,4.8,0
102516,Electronics,UPI,2058.68,36.09,1882,0,10,4,19,5262.81,2.6,0
102517,Fashion,COD,653.45,54.57,393,0,5,2,62,593.72,4.3,1
102518,Home,Debit Card,1029.49,4.87,1083,1,14,3,19,2938.06,1.6,0
102519,Fashion,COD,1459.26,23.48,661,0,7,2,23,2233.25,,1
102520,Electronics,Debit Card,801.16,67.19,1707,0,4,2,18,525.72,1.7,0
102521,Beauty,Credit Card,903.94,22.64,1611,0,7,4,26,2797.15,2.2,0
102522,Fashion,Wallet,4573.28,43.53,2023,1,14,4,65,10330.12,3.7,0
102523,Beauty,Credit Card,1137.53,36.39,943,2,14,1,42,723.58,1.6,0
102524,Footwear,COD,1004.55,65.56,599,0,5,3,26,1037.9,3.1,0
102525,Electronics,UPI,1164.33,11.39,111,1,13,4,67,4126.85,1.0,0
102526,Footwear,UPI,1926.7,20.96,2155,1,5,3,39,4568.59,4.9,0
102527,Footwear,Debit Card,585.76,60.37,844,0,3,3,54,696.41,1.1,0
102528,Grocery,UPI,1885.17,46.63,1893,1,4,4,46,4024.46,4.0,1
102529,Beauty,COD,1643.62,38.01,934,0,4,3,23,3056.64,4.5,0
102530,Beauty,Debit Card,320.24,27.64,850,2,5,4,54,926.9,5.0,0
102531,Beauty,COD,5627.41,28.79,608,1,5,1,67,4007.28,3.6,0
102532,Books,COD,4309.82,65.44,1959,1,6,3,68,4468.42,,0
102533,Electronics,UPI,705.95,46.98,737,0,1,1,57,374.29,3.2,0
102534,Footwear,UPI,545.69,65.04,761,2,6,1,52,190.77,4.1,0
102535,Beauty,COD,1607.51,68.05,1771,1,8,3,56,1540.8,4.5,0
102536,Grocery,COD,428.08,38.29,1309,2,6,4,68,1056.67,,0
102537,Fashion,UPI,3989.52,42.69,1873,0,7,4,46,9145.58,3.9,0
102538,Electronics,COD,920.79,45.95,285,1,4,4,65,1990.75,4.8,0
102539,Home,COD,4902.23,58.74,2398,0,2,3,38,6067.98,1.4,1
102540,Home,COD,692.62,46.14,614,1,13,2,34,746.09,3.4,0
102541,Home,COD,1224.44,8.03,321,0,14,1,23,1126.12,1.3,0
102542,Fashion,COD,3691.43,65.97,300,1,6,4,42,5024.77,2.7,0
102543,Fashion,Wallet,1034.23,46.27,799,1,11,4,50,2222.77,3.9,0
102544,Home,COD,1665.15,60.89,1076,0,2,1,39,651.24,2.5,0
102545,Fashion,Credit Card,3210.32,29.73,220,2,3,4,24,9023.57,1.4,0
102546,Footwear,UPI,858.48,33.23,1567,0,8,2,40,1146.41,4.3,0
102547,Electronics,Debit Card,488.14,48.22,1544,0,10,3,48,758.28,2.0,0
102548,Fashion,UPI,416.98,54.35,1949,2,10,1,24,190.35,3.0,1
102549,Fashion,Debit Card,2136.12,5.49,70,1,5,1,46,2018.85,1.6,0
102550,Home,Debit Card,1828.08,28.51,267,1,13,3,37,3920.68,5.0,1
102551,Home,Debit Card,3131.7,53.89,537,0,9,2,49,2888.05,2.5,0
102552,Beauty,UPI,1075.74,69.46,1112,0,5,1,18,328.53,4.3,0
102553,Footwear,UPI,426.41,0.81,1479,1,7,4,60,1691.82,2.5,0
102554,Fashion,UPI,203.93,18.54,528,0,5,4,38,664.49,2.4,1
102555,Books,COD,13284.72,32.54,916,1,2,1,39,8961.87,2.0,0
102556,Electronics,Debit Card,2041.7,15.61,1298,3,1,3,23,5168.97,2.6,0
102557,Fashion,UPI,1494.33,1.88,1374,1,7,1,40,1466.24,4.5,0
102558,Home,COD,1673.9,37.77,1330,2,1,3,38,3125.0,3.6,1
102559,Electronics,UPI,426.21,45.46,1611,1,14,3,21,697.36,1.2,0
102560,Beauty,COD,709.18,29.12,1896,1,13,3,48,1508.0,3.2,0
102561,Books,COD,5402.75,25.89,2102,1,11,3,32,12011.93,3.0,0
102562,Books,UPI,2268.05,68.99,2414,0,11,1,36,703.32,3.7,0
102563,Home,COD,727.14,33.43,1000,0,9,1,22,484.06,4.0,0
102564,Beauty,Credit Card,501.97,55.86,840,2,11,4,51,886.28,3.3,0
102565,Fashion,Credit Card,886.65,20.1,718,0,12,3,25,2125.3,4.5,0
102566,Electronics,UPI,1040.71,58.11,894,1,8,2,48,871.91,3.6,0
102567,Electronics,Credit Card,6900.28,57.66,1360,0,12,4,40,11686.31,2.4,0
102568,Books,Debit Card,1152.15,18.74,1522,2,4,2,56,1872.47,2.5,1
102569,Footwear,UPI,517.16,45.91,202,1,13,4,39,1118.93,4.4,0
102570,Electronics,Debit Card,1278.08,47.74,2496,2,10,4,52,2671.7,2.0,0
102571,Beauty,UPI,1654.86,30.98,133,1,2,1,66,1142.18,1.6,0
102572,Grocery,UPI,480.85,54.16,1020,3,3,4,31,881.69,4.0,0
102573,Grocery,Credit Card,1847.77,21.48,1147,0,2,4,24,5803.48,2.7,0
102574,Home,Wallet,3523.23,33.9,882,0,4,4,49,9315.42,1.9,0
102575,Beauty,Credit Card,1496.58,69.31,568,0,12,3,25,1377.9,4.3,0
102576,Books,COD,707.93,12.51,1340,1,12,3,29,1858.1,1.7,1
102577,Footwear,COD,877.35,10.34,47,1,14,2,57,1573.26,3.9,0
102578,Electronics,Debit Card,355.29,9.95,1866,1,2,1,53,319.94,2.4,0
102579,Footwear,COD,1203.43,69.87,1708,1,8,1,19,362.59,,1
102580,Electronics,Debit Card,1717.5,11.19,1934,0,12,1,48,1525.31,,0
102581,Grocery,Credit Card,653.73,13.32,2045,0,14,4,51,2266.61,1.6,0
102582,Electronics,Credit Card,6321.81,48.64,2222,2,2,2,34,6493.76,4.3,0
102583,Electronics,COD,2524.56,53.16,395,2,10,1,56,1182.5,3.5,0
102584,Electronics,UPI,319.19,36.89,2092,1,2,3,55,604.32,4.4,0
102585,Home,Credit Card,324.47,68.79,1422,0,2,1,50,101.27,,0
102586,Fashion,COD,609.59,2.72,335,1,12,3,31,1779.03,4.0,0
102587,Electronics,Credit Card,4715.21,43.46,2460,0,13,3,32,7997.94,,0
102588,Home,Credit Card,2731.86,42.45,2034,1,3,3,46,4716.56,3.8,0
102589,Home,Debit Card,4909.71,22.49,693,1,12,4,23,15222.06,4.7,0
102590,Grocery,Credit Card,1350.42,62.96,2229,0,13,1,39,500.2,2.7,0
102591,Footwear,COD,1132.76,38.7,1835,0,8,2,69,1388.76,3.8,0
102592,Books,UPI,493.73,17.24,1134,0,3,2,51,817.22,3.3,0
102593,Electronics,Credit Card,1771.79,6.19,430,3,11,3,62,4986.35,2.3,1
102594,Fashion,COD,1144.89,7.5,1835,0,8,3,34,3177.07,,0
102595,Footwear,UPI,1110.16,62.81,2332,1,5,4,55,1651.47,2.4,1
102596,Electronics,Debit Card,4887.52,17.52,506,0,13,3,56,12093.68,4.8,1
102597,Home,Debit Card,1210.66,63.49,31,0,9,4,27,1768.05,4.2,0
102598,Footwear,Credit Card,3884.64,8.41,596,0,4,3,29,10673.83,4.5,1
102599,Footwear,Credit Card,375.98,68.88,757,0,6,4,40,468.02,3.5,0
102600,Home,Credit Card,11504.46,58.33,966,2,5,3,51,14381.73,4.4,1
102601,Books,COD,993.65,8.14,2441,1,8,1,54,912.77,,0
102602,Home,COD,2358.42,6.02,2409,0,4,2,68,4432.89,,1
102603,Grocery,Wallet,2678.52,56.24,1686,0,9,4,23,4688.48,2.3,0
102604,Electronics,Debit Card,899.75,5.46,566,0,7,1,51,850.62,3.4,0
102605,Electronics,Credit Card,2579.17,18.35,553,0,1,3,67,6317.68,1.3,0
102606,Beauty,COD,2688.67,56.09,231,2,1,4,26,4722.38,4.2,1
102607,Fashion,UPI,757.09,63.53,1984,1,2,2,67,552.22,2.7,1
102608,Books,COD,764.3,53.74,575,0,3,1,61,353.57,4.9,0
102609,Fashion,COD,1388.87,62.29,2248,0,2,1,25,523.74,4.4,0
102610,Footwear,COD,1221.22,39.19,1512,0,10,3,29,2227.87,,0
102611,Grocery,UPI,4082.66,54.57,1233,0,9,3,28,5564.26,2.1,0
102612,Home,Debit Card,2349.92,24.09,2325,3,1,3,22,5351.47,3.5,1
102613,Grocery,COD,1266.06,54.96,415,1,6,1,36,570.23,4.0,1
102614,Fashion,COD,2175.17,47.58,1175,1,5,2,40,2280.45,2.9,1
102615,Home,Debit Card,260.52,40.24,668,2,8,3,41,467.06,3.4,1
102616,Electronics,Debit Card,818.73,69.46,477,1,9,4,61,1000.16,4.5,0
102617,Footwear,Debit Card,1686.24,32.88,2359,1,8,1,40,1131.8,1.5,0
102618,Grocery,COD,3269.17,43.35,1525,1,6,3,27,5555.95,,0
102619,Footwear,UPI,1571.55,35.69,427,0,1,3,53,3031.99,4.5,0
102620,Footwear,UPI,4300.95,18.24,295,0,12,3,51,10549.37,2.6,0
102621,Footwear,Debit Card,2682.09,23.13,800,0,12,1,42,2061.72,4.5,1
102622,Fashion,COD,906.27,68.52,2089,0,13,1,51,285.29,3.2,0
102623,Footwear,Debit Card,1197.48,27.45,389,1,10,3,27,2606.32,,0
102624,Beauty,COD,1857.04,47.56,1862,1,5,3,58,2921.5,5.0,0
102625,Home,COD,935.51,39.7,290,1,10,3,31,1692.34,,0
102626,Beauty,COD,4559.79,62.29,861,1,13,4,20,6877.99,2.4,1
102627,Fashion,UPI,551.71,53.04,1319,0,1,2,39,518.17,1.9,0
102628,Fashion,Credit Card,1724.83,5.65,348,0,8,2,30,3254.75,,0
102629,Fashion,UPI,2412.35,24.88,1009,1,10,4,45,7248.63,1.6,0
102630,Electronics,Credit Card,1042.36,49.83,691,0,14,3,42,1568.86,1.5,0
102631,Home,Credit Card,870.41,11.29,144,0,8,3,65,2316.42,2.1,0
102632,Footwear,COD,1260.34,35.24,32,1,13,3,39,2448.59,3.4,0
102633,Beauty,Debit Card,2564.71,22.24,388,2,11,4,23,7977.27,2.1,1
102634,Home,COD,897.96,4.53,1878,0,12,2,44,1714.56,2.3,1
102635,Home,Credit Card,569.56,69.8,123,1,2,2,59,344.01,3.1,0
102636,Home,COD,3362.59,65.06,1278,2,8,1,31,1174.89,3.5,0
102637,Fashion,Credit Card,1843.53,52.33,90,1,11,4,34,3515.24,3.3,1
102638,Grocery,Credit Card,2999.76,14.07,562,1,2,3,27,7733.08,3.5,0
102639,Electronics,COD,2458.89,69.2,470,1,14,4,55,3029.35,,0
102640,Books,COD,7661.1,44.16,869,0,10,2,26,8555.92,4.5,0
102641,Grocery,Wallet,3268.14,67.63,1866,1,12,2,31,2115.79,3.7,0
102642,Beauty,COD,750.5,2.98,1070,0,9,1,22,728.14,3.9,1
102643,Footwear,COD,1951.23,12.14,66,0,13,4,38,6857.4,,0
102644,Fashion,COD,857.49,47.41,387,1,13,2,63,901.91,4.8,1
102645,Footwear,Credit Card,931.41,63.5,782,1,2,1,41,339.96,4.2,0
102646,Books,Debit Card,432.68,12.3,717,3,14,3,24,1138.38,3.3,0
102647,Grocery,COD,1065.4,22.2,1425,1,8,4,57,3315.52,2.8,0
102648,Books,Credit Card,2071.5,41.17,896,0,7,1,36,1218.66,1.1,0
102649,Grocery,Debit Card,1270.52,69.98,1866,1,4,3,26,1144.23,4.9,1
102650,Footwear,COD,555.85,55.98,653,1,6,2,19,489.37,1.6,0
102651,Home,UPI,396.07,64.65,1704,2,8,1,36,140.01,3.0,0
102652,Grocery,Wallet,7255.22,47.25,278,0,8,2,26,7654.26,,0
102653,Books,COD,1737.37,61.42,2471,0,10,3,45,2010.83,2.3,1
102654,Home,COD,692.8,35.49,2467,0,10,4,40,1787.7,2.7,0
102655,Footwear,COD,1938.03,8.69,710,1,11,1,52,1769.62,3.3,0
102656,Fashion,COD,7718.3,49.67,608,0,9,3,32,11653.86,,0
102657,Beauty,Credit Card,2200.35,42.1,30,0,14,4,21,5096.01,1.6,0
102658,Electronics,Debit Card,144.08,33.97,2440,0,13,4,23,380.54,,0
102659,Fashion,Credit Card,11179.46,19.25,124,2,14,4,22,36109.66,4.0,1
102660,Grocery,COD,305.09,54.89,35,0,11,4,31,550.5,3.7,1
102661,Fashion,COD,1135.91,57.43,270,2,4,3,55,1450.67,5.0,1
102662,Fashion,Wallet,540.92,25.49,758,1,14,1,46,403.04,1.2,0
102663,Fashion,UPI,741.0,64.94,2438,1,13,1,37,259.79,3.1,0
102664,Home,COD,1681.64,25.88,441,2,5,2,30,2492.86,2.7,0
102665,Grocery,Debit Card,255.49,7.53,1438,0,13,4,26,945.01,1.8,1
102666,Footwear,Credit Card,1246.14,11.66,1636,0,8,1,25,1100.84,4.6,0
102667,Electronics,Debit Card,3353.88,34.62,2004,3,11,4,31,8771.07,1.6,0
102668,Beauty,Debit Card,682.26,5.59,1757,0,5,3,43,1932.36,3.0,0
102669,Home,UPI,440.44,50.29,2463,2,4,3,49,656.83,1.8,0
102670,Beauty,COD,1198.18,55.66,1664,1,6,1,67,531.27,2.7,0
102671,Home,COD,1021.81,38.46,2115,0,3,2,67,1257.64,,1
102672,Fashion,Wallet,831.99,62.53,820,0,2,2,31,623.49,3.8,0
102673,Home,COD,517.66,66.8,1036,0,7,2,56,343.73,3.8,0
102674,Beauty,COD,2029.1,31.33,1850,1,14,4,24,5573.53,,1
102675,Home,UPI,2156.43,6.24,2193,1,1,2,59,4043.74,1.1,0
102676,Home,UPI,571.05,16.19,42,1,5,4,66,1914.39,3.9,0
102677,Grocery,Debit Card,637.91,46.03,1101,0,4,4,49,1377.12,1.4,0
102678,Books,UPI,1493.97,28.4,2011,3,3,3,46,3209.05,2.6,0
102679,Fashion,Debit Card,618.95,47.95,311,1,2,2,37,644.33,4.4,1
102680,Grocery,COD,1545.23,46.67,901,1,3,1,63,824.07,2.6,0
102681,Footwear,Debit Card,4334.83,42.38,1383,2,8,1,68,2497.73,2.9,0
102682,Electronics,UPI,1276.84,11.05,234,2,6,3,54,3407.25,4.8,0
102683,Beauty,UPI,507.3,20.01,2291,1,9,1,22,405.79,4.6,0
102684,Fashion,COD,1832.95,26.45,938,0,12,4,63,5392.54,1.4,1
102685,Books,COD,1161.97,57.71,1967,0,2,2,60,982.79,,0
102686,Fashion,UPI,1187.82,47.76,1085,0,5,2,36,1241.03,3.0,0
102687,Books,COD,1959.13,45.15,1022,0,13,3,31,3223.75,,1
102688,Fashion,COD,2328.15,47.05,2415,1,4,1,57,1232.76,,0
102689,Home,UPI,1378.02,35.22,2141,3,2,4,49,3570.73,4.8,1
102690,Footwear,Credit Card,1275.96,2.77,1304,3,4,3,57,3721.85,4.2,0
102691,Fashion,COD,6980.2,14.08,1176,0,6,4,69,23989.55,2.8,0
102692,Footwear,COD,3499.74,9.82,1958,0,4,4,37,12624.26,,0
102693,Footwear,COD,2609.3,4.48,1720,0,8,1,61,2492.4,,0
102694,Footwear,UPI,1487.67,22.36,2448,0,3,4,42,4620.11,2.1,1
102695,Electronics,Credit Card,599.09,55.14,852,0,9,1,62,268.75,2.8,0
102696,Grocery,COD,3300.76,8.06,308,0,13,4,30,12138.87,2.4,0
102697,Electronics,Credit Card,1503.33,7.8,510,1,5,2,60,2772.14,3.6,0
102698,Fashion,COD,844.09,8.7,1333,0,8,2,54,1541.31,3.5,0
102699,Footwear,COD,1102.67,18.89,804,1,10,4,41,3577.5,,1
102700,Books,COD,618.35,14.15,2029,1,1,2,65,1061.71,2.0,0
102701,Home,Credit Card,3120.86,0.98,2191,2,5,4,38,12361.1,1.2,1
102702,Fashion,COD,2313.3,19.36,491,4,9,1,56,1865.45,2.5,0
102703,Grocery,COD,1548.91,69.74,2474,0,4,1,44,468.7,2.9,0
102704,Books,Credit Card,1294.36,23.55,1589,0,6,2,25,1979.08,1.4,0
102705,Home,Credit Card,777.02,14.79,681,0,7,2,32,1324.2,1.3,0
102706,Footwear,COD,243.7,34.7,526,0,14,4,59,636.54,2.1,0
102707,Fashion,COD,432.53,16.06,438,1,2,4,42,1452.26,3.0,0
102708,Electronics,COD,739.43,39.18,1193,2,9,2,62,899.44,4.9,0
102709,Beauty,Credit Card,655.65,28.05,205,0,14,3,24,1415.22,4.7,0
102710,Footwear,UPI,1688.32,62.78,353,0,13,2,57,1256.79,,0
102711,Fashion,COD,2563.67,64.95,1891,0,8,2,64,1797.13,3.2,0
102712,Fashion,UPI,1208.64,49.91,1237,1,6,2,69,1210.82,3.2,0
102713,Electronics,UPI,4134.55,15.1,1334,1,3,1,56,3510.23,2.4,0
102714,Footwear,COD,716.0,33.17,831,1,4,3,42,1435.51,4.4,1
102715,Fashion,COD,1201.79,21.38,1403,1,12,1,21,944.85,2.2,0
102716,Home,COD,1285.9,55.88,876,2,1,2,28,1134.68,2.7,1
102717,Footwear,COD,3209.11,2.04,141,1,11,1,52,3143.64,4.6,0
102718,Electronics,Credit Card,1457.84,46.37,1433,2,14,2,63,1563.68,2.4,0
102719,Beauty,COD,1490.48,22.63,230,1,7,3,57,3459.55,,0
102720,Home,UPI,356.43,33.67,1731,1,12,3,49,709.26,4.5,0
102721,Grocery,Credit Card,652.02,22.61,2289,2,14,3,62,1513.79,2.3,1
102722,Fashion,UPI,3218.79,25.54,1678,1,11,3,34,7190.13,4.8,0
102723,Home,UPI,254.61,47.21,1454,2,8,2,35,268.82,1.8,0
102724,Electronics,Credit Card,3922.15,41.68,2411,0,8,4,22,9149.59,3.7,0
102725,Books,UPI,1997.66,17.09,571,1,3,3,50,4968.78,1.2,1
102726,Grocery,Wallet,736.55,3.05,1941,0,2,1,27,714.09,3.1,0
102727,Electronics,Credit Card,688.39,59.92,542,3,12,1,32,275.91,1.6,0
102728,Fashion,COD,6104.39,34.46,31,0,8,3,22,12002.45,,1
102729,Footwear,Credit Card,4142.79,43.31,625,0,14,1,62,2348.55,,0
102730,Electronics,COD,1217.37,34.19,1271,0,11,1,28,801.15,,0
102731,Fashion,Credit Card,1491.7,43.33,187,0,4,1,63,845.35,4.7,0
102732,Beauty,Credit Card,798.76,43.89,718,0,14,4,30,1792.74,4.6,0
102733,Fashion,Credit Card,1491.93,1.05,152,1,1,1,21,1476.26,,0
102734,Fashion,UPI,781.24,37.33,631,0,2,1,68,489.6,3.9,0
102735,Home,COD,1257.86,35.15,1808,1,9,4,32,3262.89,1.3,0
102736,Electronics,Credit Card,5700.24,6.71,405,2,9,1,55,5317.75,2.3,1
102737,Home,COD,1240.8,52.21,681,1,11,1,23,592.98,1.8,0
102738,Books,UPI,579.16,16.51,365,0,10,4,27,1934.16,2.6,0
102739,Beauty,Debit Card,448.95,3.82,979,0,4,1,38,431.8,1.4,0
102740,Electronics,COD,1482.81,56.22,1909,1,3,1,57,649.17,,0
102741,Grocery,Debit Card,728.72,60.56,1357,0,14,4,18,1149.63,3.3,0
102742,Electronics,COD,1631.54,16.85,524,0,5,1,50,1356.63,1.7,1
102743,Grocery,UPI,366.65,48.13,820,1,3,2,58,380.36,1.4,0
102744,Fashion,Debit Card,2326.69,0.35,1685,3,1,2,23,4637.09,3.8,1
102745,Grocery,Credit Card,573.56,50.48,1212,0,12,1,40,284.03,2.0,1
102746,Fashion,Debit Card,1389.97,32.54,1166,4,12,2,67,1875.35,2.9,0
102747,Electronics,UPI,1021.84,55.47,2166,1,13,1,45,455.03,4.4,0
102748,Home,UPI,5296.02,27.51,2053,1,12,4,57,15356.34,2.5,0
102749,Electronics,Credit Card,1536.39,24.58,632,0,3,1,56,1158.75,1.4,0
102750,Fashion,UPI,6351.06,58.85,1769,0,1,2,39,5226.92,4.1,0
102751,Books,Credit Card,2097.69,2.71,1984,0,8,1,55,2040.84,4.0,0
102752,Grocery,UPI,4189.45,13.1,2252,0,8,1,67,3640.63,3.4,1
102753,Electronics,UPI,1133.38,28.85,681,1,1,3,34,2419.2,3.2,0
102754,Footwear,COD,1765.88,41.74,1828,1,13,2,20,2057.6,,0
102755,Grocery,COD,3550.75,0.36,491,0,9,2,58,7075.93,,1
102756,Footwear,COD,2762.71,40.26,1128,0,10,2,34,3300.89,,1
102757,Books,COD,2048.36,26.49,209,1,8,1,51,1505.75,3.5,0
102758,Books,Credit Card,1030.35,44.1,1521,1,14,4,26,2303.86,1.7,1
102759,Home,COD,1179.66,63.49,1719,0,11,4,29,1722.78,,1
102760,Books,Debit Card,3328.01,30.86,1133,1,9,2,57,4601.97,4.5,0
102761,Footwear,COD,3931.31,38.82,1046,1,8,1,19,2405.18,,1
102762,Electronics,COD,833.56,32.4,627,1,12,4,43,2253.95,,0
102763,Fashion,Debit Card,738.77,8.3,1932,1,5,2,57,1354.9,3.7,1
102764,Electronics,Credit Card,649.82,55.52,2278,1,13,1,42,289.04,4.5,1
102765,Footwear,Credit Card,2601.28,61.96,357,0,2,1,26,989.53,1.8,0
102766,Home,UPI,636.78,56.8,711,0,1,4,51,1100.36,3.4,0
102767,Books,Wallet,2576.23,66.33,1520,1,1,1,23,867.42,1.8,0
102768,Grocery,Debit Card,2072.59,32.76,933,1,6,2,48,2787.22,4.3,0
102769,Footwear,COD,866.04,45.66,62,0,8,3,39,1411.82,2.0,0
102770,Electronics,COD,4680.16,11.78,81,1,13,2,46,8257.67,3.5,0
102771,Grocery,Wallet,415.8,68.38,607,1,13,1,65,131.48,3.4,0
102772,Footwear,Debit Card,5052.44,40.64,2419,1,1,3,64,8997.39,2.5,0
102773,Electronics,UPI,1728.67,18.32,1535,0,11,1,55,1411.98,4.6,1
102774,Grocery,Debit Card,254.99,56.38,660,1,3,4,43,444.91,4.6,0
102775,Fashion,COD,4786.26,41.05,168,0,6,2,59,5643.0,,1
102776,Beauty,Credit Card,2915.42,66.48,1897,0,13,3,23,2931.75,2.4,0
102777,Home,UPI,950.92,53.9,961,0,14,4,32,1753.5,3.6,1
102778,Fashion,UPI,619.07,61.41,1002,2,12,4,42,955.6,2.1,0
102779,Electronics,COD,381.74,38.27,1417,0,3,2,61,471.3,2.2,0
102780,Electronics,Debit Card,9249.8,36.21,594,1,1,1,38,5900.45,1.1,0
102781,Electronics,COD,639.89,53.01,1827,0,14,1,39,300.68,1.4,0
102782,Beauty,Wallet,487.42,7.35,804,1,4,2,67,903.19,3.6,0
102783,Fashion,COD,1659.61,3.78,1772,1,4,2,68,3193.75,2.3,0
102784,Fashion,UPI,361.29,68.86,1307,1,8,4,19,450.02,1.3,0
102785,Books,COD,610.79,64.14,396,0,3,2,47,438.06,4.7,1
102786,Books,Debit Card,2968.98,66.9,1569,0,10,4,54,3930.93,2.2,0
102787,Home,Debit Card,1941.8,4.37,215,3,13,2,49,3713.89,1.8,0
102788,Footwear,COD,983.29,18.85,1796,1,5,4,68,3191.76,3.1,1
102789,Fashion,UPI,1359.19,63.11,959,1,7,2,65,1002.81,4.3,0
102790,Grocery,UPI,940.14,6.26,1686,0,13,4,31,3525.15,,0
102791,Electronics,UPI,1274.62,31.6,624,1,13,3,67,2615.52,2.2,0
102792,Books,COD,728.18,23.89,1035,1,2,1,39,554.22,,0
102793,Footwear,UPI,842.02,61.59,785,0,11,4,18,1293.68,3.1,0
102794,Grocery,Debit Card,821.77,36.27,649,1,1,1,36,523.71,3.4,0
102795,Beauty,Debit Card,749.43,20.33,875,0,3,4,30,2388.28,2.8,0
102796,Beauty,Credit Card,3087.54,36.7,162,0,9,4,66,7817.65,1.7,0
102797,Fashion,Debit Card,2480.2,7.87,1011,0,2,1,49,2285.01,4.3,0
102798,Books,COD,635.31,51.18,334,2,3,3,34,930.48,3.2,1
102799,Grocery,Credit Card,515.16,43.28,1310,1,7,4,18,1168.8,2.6,1
102800,Footwear,COD,1181.07,42.05,253,1,6,4,37,2737.72,3.7,0
102801,Home,COD,7511.8,30.65,52,1,8,2,34,10418.87,2.7,0
102802,Electronics,COD,588.65,20.6,1114,1,13,2,41,934.78,4.4,0
102803,Beauty,COD,1177.35,4.58,766,2,6,4,28,4493.71,1.5,0
102804,Electronics,UPI,1437.95,66.29,2195,1,5,2,45,969.47,1.1,0
102805,Fashion,Credit Card,1227.93,29.16,682,0,3,3,45,2609.6,3.3,0
102806,Fashion,COD,928.37,34.71,1016,2,13,1,55,606.13,2.0,0
102807,Books,UPI,3374.71,26.3,613,0,4,3,49,7461.48,1.5,1
102808,Electronics,UPI,1926.71,69.15,2227,0,1,2,55,1188.78,1.1,0
102809,Electronics,UPI,2635.02,55.73,1977,0,8,2,27,2333.05,4.1,0
102810,Electronics,UPI,2146.31,6.7,454,1,11,4,25,8010.03,4.8,0
102811,Footwear,Wallet,2738.48,42.57,650,1,1,3,45,4718.13,3.5,0
102812,Books,Debit Card,4757.72,33.92,490,2,9,3,69,9431.7,4.1,0
102813,Electronics,Wallet,3884.83,55.53,402,0,7,3,38,5182.75,4.4,0
102814,Electronics,UPI,8602.8,69.81,624,0,11,4,55,10388.74,4.2,0
102815,Beauty,COD,3547.06,52.1,2134,0,1,3,69,5097.13,2.3,0
102816,Fashion,UPI,784.03,60.55,1163,1,13,1,22,309.3,1.0,0
102817,Beauty,UPI,2638.19,35.18,975,2,13,3,21,5130.22,3.5,0
102818,Home,UPI,2364.56,26.15,501,0,10,3,52,5238.68,4.8,0
102819,Footwear,UPI,6224.42,45.03,484,2,9,1,61,3421.56,4.6,0
102820,Fashion,Credit Card,617.87,52.46,1401,1,10,1,52,293.74,1.0,1
102821,Books,Credit Card,2093.01,15.93,1885,2,3,2,69,3519.19,4.6,0
102822,Electronics,Debit Card,776.77,35.24,1408,0,13,3,19,1509.11,1.0,0
102823,Footwear,UPI,2018.35,7.97,1653,1,11,1,46,1857.49,3.1,0
102824,Footwear,UPI,1128.0,15.14,675,2,11,2,54,1914.44,,0
102825,Books,UPI,1965.64,61.73,2364,2,7,1,53,752.25,2.7,1
102826,Home,UPI,433.43,10.13,2061,0,2,3,19,1168.57,3.7,0
102827,Fashion,Wallet,2526.48,56.79,2198,1,8,2,24,2183.38,1.9,0
102828,Grocery,COD,1579.47,26.08,1678,0,8,1,69,1167.54,4.9,0
102829,Books,Wallet,1512.86,46.45,1744,0,4,2,36,1620.27,1.2,1
102830,Fashion,COD,6375.28,63.72,204,4,13,4,27,9251.81,3.5,0
102831,Home,Debit Card,986.35,54.66,427,1,6,1,27,447.21,1.1,1
102832,Home,COD,1761.31,57.82,357,3,14,2,26,1485.84,1.2,1
102833,Grocery,Debit Card,1451.3,18.28,1223,1,13,1,48,1186.0,2.1,0
102834,Books,Credit Card,1569.37,25.32,1482,0,2,4,44,4688.02,1.1,0
102835,Beauty,COD,7922.35,51.3,323,0,3,2,66,7716.37,1.8,0
102836,Beauty,Debit Card,1409.58,54.41,1886,0,6,3,42,1927.88,1.6,1
102837,Fashion,UPI,850.8,55.3,1387,0,9,4,19,1521.23,4.6,0
102838,Fashion,COD,5983.27,51.81,1500,1,2,1,45,2883.34,,1
102839,Electronics,Debit Card,1047.17,16.21,2294,1,4,2,43,1754.85,3.4,0
102840,Grocery,COD,370.87,20.24,1474,0,12,1,35,295.81,3.7,0
102841,Home,COD,740.5,65.94,39,1,7,4,55,1008.86,4.3,1
102842,Home,COD,494.1,38.77,1928,0,8,3,66,907.61,2.5,0
102843,Fashion,Debit Card,317.36,52.81,2193,0,8,2,40,299.52,1.7,0
102844,Fashion,UPI,1001.83,41.94,236,1,14,2,55,1163.32,1.5,0
102845,Beauty,Debit Card,1266.27,64.72,1362,1,2,1,46,446.74,1.6,0
102846,Fashion,UPI,3444.12,60.81,1190,0,8,4,55,5399.0,3.1,0
102847,Electronics,Debit Card,2216.14,18.3,403,0,2,1,41,1810.59,3.4,0
102848,Grocery,UPI,2136.81,61.93,711,0,1,1,31,813.48,4.2,0
102849,Fashion,Wallet,655.52,21.0,2143,1,7,2,49,1035.72,4.2,0
102850,Fashion,Credit Card,2718.8,30.87,997,2,13,2,38,3759.01,4.4,0
102851,Home,COD,4076.47,59.59,1356,3,6,4,21,6589.21,1.6,0
102852,Grocery,COD,1836.57,22.68,1949,0,11,2,56,2840.07,,0
102853,Fashion,Debit Card,1878.1,20.35,1136,1,13,2,46,2991.81,1.3,0
102854,Grocery,Credit Card,486.99,46.81,2231,1,1,1,49,259.03,4.5,0
102855,Footwear,COD,3113.64,69.98,1264,0,10,2,44,1869.43,,0
102856,Books,UPI,5567.29,9.17,2464,2,13,2,64,10113.54,3.6,1
102857,Home,Wallet,1734.3,49.07,394,0,13,3,27,2649.84,3.5,1
102858,Books,COD,832.57,36.89,2223,1,11,4,22,2101.74,,0
102859,Home,COD,1176.62,28.74,308,0,13,3,45,2515.38,3.1,0
102860,Home,COD,956.87,52.49,2038,1,9,4,63,1818.44,4.7,0
102861,Home,Credit Card,1003.89,38.84,1664,0,1,3,42,1841.94,2.4,0
102862,Fashion,UPI,2249.33,55.85,1412,1,14,3,39,2979.24,4.1,0
102863,Electronics,Debit Card,1675.0,52.07,2204,0,13,2,48,1605.65,,0
102864,Home,COD,2990.36,68.96,1612,1,3,4,35,3712.83,1.2,0
102865,Electronics,Credit Card,1802.13,56.76,1745,0,14,4,47,3116.96,2.5,0
102866,Home,COD,670.97,4.68,1893,2,10,1,68,639.57,1.6,1
102867,Beauty,Credit Card,897.35,54.57,2106,2,7,2,39,815.33,2.8,0
102868,Footwear,Credit Card,853.83,45.48,603,1,12,3,43,1396.52,,0
102869,Electronics,Debit Card,1153.81,6.29,2116,0,9,2,58,2162.47,4.1,0
102870,Beauty,Credit Card,5629.47,42.38,1484,1,12,3,52,9731.1,3.4,0
102871,Home,UPI,6399.15,52.56,109,0,5,4,36,12143.03,1.2,0
102872,Electronics,COD,2615.68,13.8,2298,0,6,4,45,9018.86,,0
102873,Fashion,UPI,1472.93,30.44,1934,2,2,4,42,4098.28,4.8,0
102874,Electronics,COD,450.64,37.97,2232,1,13,3,38,838.6,,0
102875,Fashion,COD,1597.2,28.92,1937,2,4,4,40,4541.16,2.4,0
102876,Fashion,UPI,711.94,61.32,883,1,2,3,18,826.14,4.6,0
102877,Home,Debit Card,4936.53,11.82,894,1,2,3,43,13059.1,1.1,0
102878,Home,COD,370.6,54.01,712,0,6,1,34,170.44,,1
102879,Electronics,Credit Card,1821.81,54.47,1042,2,7,4,59,3317.88,5.0,0
102880,Electronics,UPI,665.55,31.36,115,1,12,2,50,913.67,2.6,0
102881,Electronics,UPI,1329.27,37.76,1871,0,10,1,54,827.34,2.9,1
102882,Home,Debit Card,2282.11,10.75,1888,1,12,4,31,8147.13,5.0,0
102883,Fashion,COD,3033.81,13.66,2466,1,1,4,20,10477.57,1.2,0
102884,Home,Credit Card,1275.95,37.22,1389,0,1,4,37,3204.17,2.3,0
102885,Fashion,COD,2462.6,15.73,2469,0,4,4,43,8300.93,,0
102886,Electronics,COD,788.41,56.45,548,0,6,4,40,1373.41,4.0,0
102887,Footwear,Debit Card,1630.16,43.14,1200,0,2,2,24,1853.82,3.6,0
102888,Electronics,UPI,2986.23,3.96,1962,0,13,1,28,2867.98,4.5,0
102889,Electronics,COD,1747.04,25.05,1980,0,14,1,55,1309.41,,0
102890,Electronics,UPI,877.02,60.09,1940,1,7,1,64,350.02,3.2,0
102891,Footwear,UPI,1071.45,19.42,1181,0,12,4,69,3453.5,3.9,1
102892,Beauty,UPI,3018.53,50.38,210,0,3,2,44,2995.59,2.1,0
102893,Beauty,COD,559.21,6.57,2168,0,1,2,50,1044.94,4.6,0
102894,Footwear,Credit Card,629.26,65.14,972,0,13,4,49,877.44,1.8,0
102895,Electronics,COD,2167.37,31.45,1634,1,12,4,37,5942.93,1.5,0
102896,Footwear,COD,942.64,34.41,359,1,11,1,35,618.28,2.1,0
102897,Fashion,COD,418.87,39.89,2343,0,12,4,21,1007.13,4.2,0
102898,Beauty,COD,3946.78,25.44,664,1,10,3,19,8828.16,,1
102899,Home,COD,555.75,50.77,2493,0,12,4,35,1094.38,4.6,1
102900,Fashion,COD,1141.91,1.02,1797,0,14,4,37,4521.05,,1
102901,Footwear,UPI,815.97,11.35,845,2,13,2,45,1446.71,4.7,0
102902,Electronics,UPI,1055.59,13.22,942,2,13,4,68,3664.16,3.2,0
102903,Footwear,COD,660.04,44.47,2448,0,7,3,63,1099.56,4.7,1
102904,Fashion,UPI,2371.84,62.34,1496,1,12,3,28,2679.7,4.5,1
102905,Beauty,COD,1463.61,4.45,1740,0,4,4,44,5593.92,2.9,0
102906,Footwear,Credit Card,2942.23,59.67,1543,2,5,4,46,4746.41,1.0,0
102907,Electronics,UPI,822.76,57.37,618,0,13,2,69,701.49,4.9,0
102908,Footwear,Credit Card,7379.18,5.36,357,3,6,4,39,27934.62,,0
102909,Beauty,COD,291.86,10.03,37,0,12,1,37,262.59,4.0,1
102910,Books,Credit Card,376.87,24.5,1030,1,7,1,57,284.54,2.8,0
102911,Electronics,Credit Card,5445.08,8.03,1719,2,4,3,18,15023.52,2.4,0
102912,Home,Debit Card,1957.13,53.08,774,1,6,2,23,1836.57,2.4,0
102913,Books,Credit Card,1760.07,35.28,579,3,9,2,50,2278.23,2.4,0
102914,Home,Credit Card,1891.3,28.75,990,0,1,3,35,4042.65,3.3,0
102915,Electronics,COD,2115.33,50.75,601,2,8,1,29,1041.8,4.2,0
102916,Fashion,Credit Card,1702.43,20.5,1104,0,2,1,60,1353.43,3.3,0
102917,Footwear,COD,618.49,61.01,1393,0,7,1,30,241.15,,0
102918,Electronics,UPI,2577.44,45.78,702,0,5,4,19,5589.95,2.2,0
102919,Books,UPI,2272.29,24.26,106,0,9,2,18,3442.06,2.9,0
102920,Footwear,Credit Card,4199.6,37.79,281,2,12,4,65,10450.28,1.7,0
102921,Electronics,UPI,5493.9,18.16,1058,1,2,3,45,13488.62,4.0,0
102922,Electronics,COD,1744.77,68.95,468,2,2,2,18,1083.5,,0
102923,Books,COD,501.68,30.49,2004,1,7,1,30,348.72,,1
102924,Electronics,Credit Card,5530.42,62.77,437,3,11,1,35,2058.98,3.3,0
102925,Beauty,Credit Card,593.17,68.46,97,0,4,3,69,561.26,,0
102926,Books,UPI,1755.26,37.51,1559,0,11,3,46,3290.59,4.9,0
102927,Beauty,Wallet,1090.74,51.1,1571,0,1,4,61,2133.49,2.2,0
102928,Fashion,Credit Card,949.09,40.06,1689,0,5,1,41,568.88,4.5,0
102929,Books,Credit Card,2468.68,6.41,421,0,8,3,55,6931.31,3.8,0
102930,Beauty,Debit Card,1628.75,66.67,1711,1,9,1,19,542.86,4.9,1
102931,Fashion,COD,2019.48,31.96,2161,0,6,3,36,4122.16,3.9,0
102932,Beauty,COD,697.46,62.58,1523,1,13,1,41,260.99,,0
102933,Footwear,Wallet,1165.31,45.89,994,2,7,1,21,630.55,,0
102934,Books,UPI,723.7,7.36,1219,1,9,2,31,1340.87,2.9,0
102935,Home,Wallet,1142.24,29.19,2035,1,2,2,52,1617.64,1.0,0
102936,Fashion,COD,1218.03,13.71,383,2,14,1,53,1051.04,5.0,1
102937,Electronics,COD,5857.3,11.89,1817,0,8,3,19,15482.6,3.3,1
102938,Fashion,Credit Card,1088.43,50.06,695,1,7,2,31,1087.12,3.3,0
102939,Electronics,UPI,244.57,2.1,2198,1,4,4,40,957.74,1.7,1
102940,Footwear,COD,4089.07,67.63,375,0,9,3,32,3970.9,2.7,0
102941,Fashion,COD,1918.71,31.49,1306,1,1,4,20,5258.03,,1
102942,Grocery,COD,1206.15,34.28,1019,0,7,1,19,792.68,1.9,1
102943,Electronics,UPI,944.1,20.96,1230,4,11,2,47,1492.43,3.2,1
102944,Fashion,UPI,627.95,5.99,974,0,11,4,37,2361.34,2.0,0
102945,Home,Debit Card,6313.46,41.18,122,0,9,1,47,3713.58,3.7,0
102946,Fashion,COD,1396.15,24.13,2148,0,6,1,54,1059.26,2.5,0
102947,Grocery,UPI,333.55,43.69,1348,0,8,3,45,563.47,2.5,0
102948,Footwear,Credit Card,1740.96,38.9,1512,2,3,1,46,1063.73,3.8,0
102949,Footwear,COD,3515.5,15.18,1319,1,9,4,55,11927.39,3.7,1
102950,Electronics,COD,1518.0,32.32,1336,2,4,4,27,4109.53,2.6,0
102951,Grocery,Credit Card,651.14,21.56,1527,0,5,4,29,2043.02,4.7,0
102952,Electronics,COD,606.16,16.78,1065,1,11,4,55,2017.79,2.3,0
102953,Footwear,Wallet,643.0,53.88,353,1,2,4,30,1186.21,3.9,0
102954,Home,Credit Card,4524.79,0.83,102,1,5,4,63,17948.94,4.2,0
102955,Fashion,Credit Card,1264.8,18.82,1363,1,5,2,39,2053.53,1.9,1
102956,Electronics,Debit Card,349.68,37.18,489,5,14,1,22,219.67,2.9,1
102957,Electronics,Debit Card,1821.3,33.33,1151,3,12,4,54,4857.04,1.1,0
102958,Fashion,COD,1499.41,65.81,1524,0,6,2,40,1025.3,2.3,0
102959,Footwear,Debit Card,935.32,59.06,1502,0,9,1,24,382.92,2.1,0
102960,Grocery,COD,592.1,52.61,446,2,4,2,29,561.19,4.1,0
102961,Footwear,Credit Card,571.85,35.99,1661,1,12,1,64,366.04,1.9,0
102962,Electronics,UPI,3194.89,30.02,2353,0,5,3,41,6707.35,,0
102963,Beauty,Debit Card,1632.73,2.56,922,4,13,3,31,4772.8,1.1,0
102964,Fashion,Credit Card,1964.35,57.52,322,2,13,1,46,834.46,4.1,0
102965,Home,COD,1629.14,30.15,1275,0,4,1,24,1137.95,1.6,0
102966,Fashion,Credit Card,1740.89,22.47,1553,0,6,4,38,5398.85,3.6,1
102967,Fashion,COD,920.84,42.46,1005,0,13,2,49,1059.7,1.8,1
102968,Beauty,UPI,1136.08,52.79,1510,0,2,1,67,536.34,,0
102969,Electronics,Credit Card,3401.36,36.61,1920,0,10,1,32,2156.12,4.2,0
102970,Home,UPI,4153.36,10.47,1457,0,8,2,60,7437.01,3.7,0
102971,Books,Credit Card,503.87,64.52,1997,1,8,1,39,178.77,3.6,0
102972,Electronics,UPI,1133.87,7.9,390,0,9,1,64,1044.29,4.7,0
102973,Footwear,COD,2621.31,67.87,753,0,8,1,21,842.23,4.5,0
102974,Home,COD,6037.01,30.97,1401,0,5,3,25,12502.04,,0
102975,Grocery,COD,5572.33,66.26,671,2,7,3,42,5640.31,1.5,1
102976,Books,COD,708.67,64.03,2486,3,14,4,58,1019.63,1.7,1
102977,Books,UPI,3714.64,28.44,1705,0,2,2,33,5316.39,4.9,0
102978,Books,UPI,1403.76,56.0,1047,1,3,1,24,617.65,3.3,0
102979,Footwear,Debit Card,3088.79,6.28,1941,1,1,3,26,8684.44,3.2,0
102980,Beauty,Credit Card,2516.5,5.79,2458,3,9,4,33,9483.18,3.0,0
102981,Fashion,Debit Card,487.28,24.92,56,0,5,3,38,1097.55,3.9,0
102982,Electronics,Debit Card,2079.7,42.68,1405,0,1,1,47,1192.08,3.4,0
102983,Beauty,UPI,2994.57,0.65,1085,0,3,1,58,2975.11,1.6,0
102984,Electronics,Debit Card,1318.01,36.06,1894,0,4,1,24,842.74,1.4,1
102985,Fashion,UPI,1099.87,68.3,790,1,2,4,57,1394.64,2.2,0
102986,Electronics,COD,380.95,60.09,834,0,11,2,69,304.07,4.5,0
102987,Home,Wallet,2314.37,16.27,1923,0,1,1,36,1937.82,2.6,0
102988,Electronics,COD,1582.88,36.96,2229,1,13,2,28,1995.7,4.5,1
102989,Beauty,Credit Card,640.5,12.0,384,0,14,4,68,2254.56,3.3,0
102990,Grocery,UPI,1032.08,18.43,1548,1,13,2,65,1683.74,4.7,0
102991,Grocery,COD,1515.65,64.61,1952,1,3,4,24,2145.55,,0
102992,Fashion,COD,856.7,69.84,436,1,4,3,61,775.14,,1
102993,Home,Credit Card,1342.3,16.98,1663,0,14,4,62,4457.51,3.2,1
102994,Beauty,Credit Card,330.32,14.84,2449,1,9,1,33,281.3,3.8,0
102995,Home,UPI,3942.37,26.87,2112,0,8,3,68,8649.17,1.2,0
102996,Books,UPI,1356.59,31.21,510,2,13,2,27,1866.4,1.6,0
102997,Fashion,Credit Card,555.86,6.25,2475,1,3,4,47,2084.48,3.9,0
102998,Footwear,Wallet,187.21,10.34,911,0,6,1,54,167.85,4.7,1
102999,Electronics,Debit Card,3051.25,29.74,1207,0,3,1,21,2143.81,2.2,0
103000,Grocery,UPI,2093.25,16.48,750,2,12,1,65,1748.28,2.6,1
103001,Beauty,COD,1585.33,59.15,1757,2,3,4,65,2590.43,,0
103002,Fashion,Credit Card,2672.9,52.61,340,0,2,4,37,5066.75,2.1,0
103003,Books,COD,2667.02,37.54,1783,1,6,1,40,1665.82,,0
103004,Electronics,COD,1564.86,30.28,166,0,8,2,37,2182.04,1.6,0
103005,Grocery,UPI,1092.94,58.17,2116,0,3,3,26,1371.53,2.0,0
103006,Beauty,COD,959.38,11.62,835,0,13,4,63,3391.6,,1
103007,Electronics,Credit Card,1875.73,62.12,1309,1,12,2,64,1421.05,1.4,0
103008,Electronics,Debit Card,4095.42,3.44,593,3,13,4,47,15818.15,2.0,1
103009,Grocery,COD,1233.58,64.64,295,1,6,4,40,1744.78,3.6,0
103010,Fashion,Credit Card,4364.16,9.72,87,2,6,3,53,11819.89,1.8,0
103011,Footwear,Debit Card,1805.37,56.85,2449,1,8,3,43,2337.05,,1
103012,Grocery,UPI,1816.29,1.26,366,1,13,1,57,1793.4,2.4,0
103013,Books,COD,9173.62,57.06,170,0,8,2,47,7878.3,3.1,0
103014,Fashion,Wallet,5024.81,40.88,1299,1,6,4,27,11882.67,3.7,0
103015,Books,UPI,5130.14,1.33,2407,0,10,1,65,5061.91,1.5,0
103016,Footwear,Debit Card,707.62,54.19,234,1,2,3,40,972.48,3.8,0
103017,Electronics,Credit Card,7736.82,7.11,660,0,14,4,44,28746.93,1.5,0
103018,Fashion,UPI,1254.17,37.79,1402,0,10,3,52,2340.66,,0
103019,Fashion,UPI,1116.56,23.24,1246,0,7,4,64,3428.29,3.0,0
103020,Fashion,COD,238.08,53.14,389,0,2,4,39,446.26,1.4,0
103021,Books,Wallet,1738.94,59.73,2378,0,5,1,26,700.27,3.8,0
103022,Home,UPI,563.02,32.5,915,0,9,3,23,1140.12,1.3,0
103023,Beauty,Credit Card,1856.79,53.06,1701,1,14,3,50,2614.73,4.9,0
103024,Fashion,UPI,528.87,64.16,1161,0,7,3,39,568.64,2.8,0
103025,Electronics,Credit Card,5642.94,48.24,1476,0,14,3,45,8762.36,2.5,0
103026,Fashion,UPI,2082.36,22.54,2264,0,8,2,62,3225.99,2.3,0
103027,Footwear,UPI,8299.06,32.43,834,0,11,2,34,11215.35,2.8,0
103028,Beauty,COD,590.86,16.1,2041,1,2,2,51,991.46,,1
103029,Fashion,COD,4625.52,32.09,752,2,12,1,29,3141.19,3.1,1
103030,Grocery,COD,316.66,17.21,812,2,4,4,54,1048.65,3.6,1
103031,Electronics,UPI,1582.02,56.51,110,0,6,3,21,2064.06,1.2,1
103032,Fashion,Credit Card,808.11,42.69,886,1,5,2,28,926.26,4.4,0
103033,Fashion,UPI,936.02,44.33,1478,0,8,1,31,521.08,3.1,0
103034,Footwear,Credit Card,886.08,7.72,1610,2,9,3,27,2453.02,3.1,0
103035,Books,COD,644.34,0.1,1092,1,5,4,53,2574.78,,0
103036,Beauty,UPI,488.94,55.24,910,2,1,4,38,875.4,1.3,0
103037,Electronics,Debit Card,940.17,37.96,584,0,9,2,32,1166.56,2.3,0
103038,Electronics,Credit Card,1469.71,65.21,2263,1,6,2,31,1022.62,,0
103039,Beauty,COD,3398.04,37.61,979,1,12,3,55,6360.11,3.2,1
103040,Fashion,COD,1696.43,15.03,785,0,10,3,46,4324.37,2.1,0
103041,Footwear,COD,3405.79,48.89,2354,1,6,2,63,3481.4,3.4,1
103042,Grocery,Credit Card,410.53,49.07,1602,0,1,4,44,836.33,2.4,1
103043,Home,Debit Card,947.31,4.59,2125,1,8,3,54,2711.49,1.9,0
103044,Books,COD,2365.64,48.56,990,0,12,4,65,4867.54,4.0,0
103045,Footwear,COD,1762.61,14.88,1093,1,11,1,59,1500.33,1.7,0
103046,Home,COD,672.54,17.82,1831,1,5,3,57,1658.08,3.3,1
103047,Beauty,Credit Card,2827.8,2.2,2450,1,3,2,47,5531.18,3.9,0
103048,Footwear,Wallet,875.66,43.92,1978,1,2,4,63,1964.28,1.2,0
103049,Fashion,Credit Card,719.18,51.22,1171,3,9,3,67,1052.45,3.8,1
103050,Footwear,COD,1977.44,16.13,1506,0,4,3,24,4975.44,1.0,0
103051,Electronics,Debit Card,1346.06,55.48,892,0,11,3,57,1797.8,4.2,0
103052,Beauty,UPI,881.54,53.34,1156,1,9,1,18,411.33,2.1,0
103053,Grocery,UPI,857.92,28.68,988,0,1,3,34,1835.61,1.6,0
103054,Beauty,UPI,569.16,4.78,275,1,10,4,60,2167.82,1.5,0
103055,Home,UPI,975.94,19.61,2190,0,4,1,55,784.56,2.7,0
103056,Beauty,Debit Card,3229.26,11.58,368,1,13,1,49,2855.31,2.2,0
103057,Electronics,Wallet,1628.87,67.12,691,0,1,1,52,535.57,2.9,0
103058,Fashion,COD,2883.83,57.24,655,0,6,2,26,2466.25,4.4,1
103059,Fashion,UPI,2024.05,5.49,578,2,1,1,57,1912.93,1.4,0
103060,Beauty,UPI,820.74,35.94,1259,1,9,3,23,1577.3,2.0,0
103061,Home,UPI,358.06,18.68,2402,1,7,1,34,291.17,1.5,0
103062,Fashion,Credit Card,638.11,2.25,841,2,8,1,22,623.75,3.5,0
103063,Footwear,UPI,782.9,22.56,1843,0,10,1,44,606.28,3.5,0
103064,Fashion,COD,735.93,8.93,1839,1,13,3,62,2010.63,4.4,0
103065,Home,Debit Card,2936.04,15.59,1916,1,6,1,63,2478.31,3.9,1
103066,Home,Credit Card,2911.64,22.86,1567,2,8,3,18,6738.12,3.8,0
103067,Electronics,Debit Card,7859.7,28.62,1858,1,9,3,68,16830.76,1.6,0
103068,Books,Debit Card,727.07,32.79,1910,0,13,2,28,977.33,4.3,0
103069,Home,COD,4807.63,36.41,1716,1,3,1,36,3057.17,1.0,0
103070,Electronics,COD,4783.91,25.9,1409,1,8,3,32,10634.63,,0
103071,Footwear,COD,1112.3,34.88,255,1,12,2,43,1448.66,,0
103072,Grocery,Debit Card,1956.37,29.25,1285,0,4,3,18,4152.4,1.9,1
103073,Books,Debit Card,3614.06,67.51,1891,1,6,4,35,4696.83,2.2,0
103074,Footwear,UPI,1277.76,4.73,874,0,7,1,33,1217.32,2.0,0
103075,Footwear,COD,1200.97,41.02,644,1,10,4,55,2833.33,4.3,0
103076,Fashion,UPI,810.89,13.56,1497,1,10,1,62,700.93,2.7,0
103077,Beauty,Debit Card,202.75,26.28,357,1,2,3,20,448.4,2.5,0
103078,Beauty,COD,1417.11,38.25,1806,1,3,1,39,875.07,3.0,0
103079,Fashion,COD,759.08,53.19,2458,1,12,1,67,355.33,3.9,1
103080,Fashion,Credit Card,566.64,68.44,1225,0,10,2,66,357.66,3.6,0
103081,Electronics,Credit Card,1877.61,34.55,98,1,8,3,46,3686.69,3.8,0
103082,Books,COD,419.45,17.99,700,0,6,2,57,687.98,4.8,0
103083,Grocery,COD,2552.59,55.41,108,0,14,2,32,2276.4,2.0,0
103084,Grocery,COD,1972.15,15.51,1164,0,13,1,59,1666.27,1.8,1
103085,Fashion,COD,972.48,35.55,795,0,6,3,19,1880.29,3.6,0
103086,Fashion,COD,1273.28,59.27,1940,0,5,2,44,1037.21,1.6,0
103087,Home,UPI,516.89,28.27,2115,2,13,4,47,1483.06,3.6,0
103088,Home,Credit Card,2441.26,38.99,1104,1,5,2,26,2978.83,4.8,0
103089,Footwear,Credit Card,1556.03,8.37,2445,1,6,3,48,4277.37,2.8,0
103090,Footwear,Debit Card,1651.57,3.92,1140,1,13,4,66,6347.31,1.9,0
103091,Footwear,Credit Card,2001.22,69.04,322,2,2,4,54,2478.31,5.0,0
103092,Footwear,COD,801.17,12.52,2273,1,10,2,25,1401.73,,0
103093,Footwear,COD,397.32,23.49,1006,2,10,1,45,303.99,1.5,0
103094,Home,COD,2880.89,35.33,2216,0,6,2,54,3726.14,,0
103095,Electronics,Debit Card,2323.84,26.21,1843,2,3,2,44,3429.52,1.4,0
103096,Electronics,Credit Card,872.81,6.81,2351,0,13,2,25,1626.74,1.3,0
103097,Fashion,Credit Card,1858.06,13.78,1624,1,12,1,33,1602.02,1.2,0
103098,Fashion,Debit Card,3664.25,34.54,1494,0,13,2,41,4797.24,2.8,0
103099,Electronics,Wallet,3330.78,30.72,606,0,5,1,28,2307.56,2.8,0
103100,Footwear,COD,852.65,55.87,719,2,14,4,40,1505.1,3.9,1
103101,Electronics,Credit Card,407.07,21.83,843,2,11,1,31,318.21,3.2,0
103102,Footwear,Credit Card,466.95,65.82,794,0,4,4,25,638.41,4.4,0
103103,Grocery,UPI,1043.8,19.8,1498,0,7,4,37,3348.51,4.5,0
103104,Beauty,UPI,4315.0,23.19,2179,0,5,4,18,13257.41,1.7,0
103105,Books,UPI,747.88,66.45,117,0,8,2,58,501.83,1.2,0
103106,Fashion,COD,831.26,58.83,1557,1,3,4,20,1368.92,,1
103107,Beauty,Credit Card,817.68,22.19,1902,2,11,4,24,2544.95,1.0,0
103108,Electronics,UPI,875.34,27.67,1124,0,7,4,33,2532.53,,0
103109,Footwear,Credit Card,1327.45,58.96,710,0,10,4,51,2179.14,1.2,0
103110,Fashion,Wallet,481.04,6.03,1098,1,9,2,41,904.07,2.8,0
103111,Fashion,Credit Card,3189.08,20.63,2076,2,10,3,19,7593.52,2.8,0
103112,Books,Credit Card,1192.9,37.21,2288,2,11,1,35,749.02,4.4,0
103113,Books,Credit Card,9733.29,58.02,1718,1,10,4,20,16344.14,3.6,0
103114,Home,Credit Card,523.82,39.52,1229,2,8,2,40,633.61,2.6,0
103115,Beauty,UPI,4778.55,34.28,1624,1,9,2,32,6280.93,3.0,0
103116,Electronics,COD,4076.84,67.35,1702,1,9,2,64,2662.18,3.2,0
103117,Books,Debit Card,963.58,8.15,1925,1,12,4,36,3540.19,1.9,1
103118,Fashion,Debit Card,976.48,54.6,387,0,7,1,48,443.32,4.1,0
103119,Fashion,UPI,640.96,8.89,215,0,5,3,27,1751.94,2.9,1
103120,Electronics,Debit Card,646.87,51.3,883,0,4,2,42,630.05,3.6,0
103121,Fashion,Wallet,1338.78,38.02,672,1,3,3,64,2489.33,1.1,0
103122,Fashion,UPI,1361.79,18.53,1548,1,9,3,19,3328.35,1.4,0
103123,Home,COD,371.71,38.03,1318,1,11,3,33,691.05,3.4,1
103124,Electronics,UPI,8390.07,61.56,2298,1,5,1,36,3225.14,4.0,0
103125,Electronics,Wallet,1088.32,33.05,1949,0,8,4,42,2914.52,2.3,0
103126,Home,COD,1411.62,0.46,394,1,6,4,39,5620.51,4.8,0
103127,Electronics,Debit Card,811.6,3.96,2127,0,13,4,69,3117.84,4.4,0
103128,Books,COD,1081.81,44.28,1933,2,13,2,25,1205.57,3.1,0
103129,Footwear,Debit Card,1005.96,47.46,973,1,14,1,31,528.53,3.6,0
103130,Home,COD,1336.29,28.12,173,0,13,3,42,2881.58,3.4,1
103131,Footwear,UPI,1323.89,16.99,1990,0,13,1,50,1098.96,,0
103132,Electronics,Credit Card,2550.11,50.12,507,0,8,3,22,3815.98,1.3,0
103133,Electronics,Debit Card,1606.44,21.29,574,0,8,2,56,2528.86,4.2,0
103134,Books,COD,2352.95,5.18,1192,1,5,1,45,2231.07,2.8,0
103135,Grocery,Debit Card,1328.96,28.67,233,0,11,4,32,3791.79,4.4,0
103136,Grocery,Credit Card,1611.63,37.74,1016,0,5,3,37,3010.2,,0
103137,Electronics,Debit Card,1104.29,67.59,639,0,5,1,20,357.9,1.1,1
103138,Grocery,COD,2988.39,41.46,160,1,14,4,52,6997.61,1.5,0
103139,Fashion,COD,1733.85,14.58,2260,1,1,3,59,4443.16,,1
103140,Fashion,Credit Card,1180.32,58.25,674,0,2,2,69,985.57,3.9,1
103141,Electronics,UPI,1152.48,20.4,1373,2,11,2,33,1834.75,1.1,0
103142,Footwear,COD,1227.34,67.15,2047,0,10,2,32,806.36,4.3,0
103143,Electronics,Debit Card,1372.45,22.77,1218,0,11,4,34,4239.77,3.8,0
103144,Grocery,COD,1280.38,63.67,753,2,7,3,24,1395.49,2.3,1
103145,Beauty,UPI,856.56,61.53,1866,1,1,4,39,1318.07,3.1,0
103146,Books,COD,2469.87,60.48,1739,1,5,1,24,976.09,4.7,1
103147,Books,Credit Card,2597.91,2.76,54,1,13,3,20,7578.62,1.3,0
103148,Footwear,Credit Card,5580.79,59.49,2053,2,10,1,35,2260.78,2.5,0
103149,Electronics,COD,826.41,50.49,322,1,13,2,62,818.31,2.6,1
103150,Electronics,COD,2282.78,23.4,1851,0,1,3,68,5245.83,4.9,0
103151,Beauty,Credit Card,290.82,34.31,276,1,5,4,62,764.16,4.9,0
103152,Fashion,Credit Card,2599.92,44.79,191,0,10,2,67,2870.83,4.4,0
103153,Electronics,Wallet,417.69,66.05,330,0,1,1,63,141.81,2.5,0
103154,Electronics,Credit Card,609.44,54.61,1859,1,7,4,52,1106.5,4.6,1
103155,Fashion,UPI,1747.22,30.0,1150,1,13,3,27,3669.16,2.9,0
103156,Electronics,Credit Card,814.68,45.18,1515,0,3,3,60,1339.82,3.6,0
103157,Electronics,COD,730.2,13.01,723,0,1,4,68,2540.8,4.7,1
103158,Footwear,COD,908.82,29.68,326,3,9,1,43,639.08,2.0,1
103159,Fashion,Credit Card,2401.14,55.39,1970,2,4,3,52,3213.45,4.4,1
103160,Footwear,COD,635.04,42.46,2086,1,3,1,37,365.4,,1
103161,Footwear,UPI,1282.64,54.83,2102,2,8,4,48,2317.47,4.5,0
103162,Electronics,Debit Card,989.38,35.69,190,0,9,2,19,1272.54,,0
103163,Books,Debit Card,2580.95,26.61,2314,0,12,2,55,3788.32,2.0,0
103164,Beauty,Credit Card,2639.48,51.98,1368,2,2,1,45,1267.48,4.1,0
103165,Books,Credit Card,308.52,6.56,514,1,11,3,57,864.84,1.5,0
103166,Electronics,Debit Card,3090.5,68.5,520,0,10,3,37,2920.52,1.6,0
103167,Electronics,COD,821.72,66.39,1272,0,10,4,39,1104.72,1.6,1
103168,Electronics,COD,1618.14,61.63,1520,3,4,1,25,620.88,4.4,0
103169,Beauty,COD,631.99,61.9,150,0,12,3,48,722.36,4.5,1
103170,Footwear,COD,1802.46,35.77,1255,0,2,4,65,4630.88,,0
103171,Books,Debit Card,10312.16,34.86,622,1,10,4,48,26869.36,,0
103172,Books,COD,1482.87,57.41,2297,1,2,3,64,1894.66,,1
103173,Footwear,COD,927.16,19.83,1549,0,9,4,18,2973.22,,0
103174,Books,UPI,1112.4,59.49,948,1,7,1,56,450.63,1.0,1
103175,Electronics,Wallet,413.55,14.06,1073,1,3,1,18,355.4,4.4,0
103176,Footwear,Credit Card,4269.15,61.54,2097,1,3,3,40,4925.75,1.8,1
103177,Fashion,Credit Card,1720.39,37.88,1736,2,7,2,42,2137.41,1.3,0
103178,Electronics,UPI,578.76,59.02,987,0,6,3,42,711.53,,1
103179,Home,COD,594.04,34.52,2102,0,7,3,47,1166.93,,0
103180,Footwear,Credit Card,1355.91,42.59,1565,1,7,3,57,2335.28,,0
103181,Fashion,COD,2823.12,64.88,177,0,1,4,54,3965.92,,0
103182,Home,Credit Card,533.37,29.27,1587,1,7,1,20,377.25,1.1,0
103183,Electronics,Wallet,3264.06,15.42,2348,0,6,4,57,11042.97,3.1,0
103184,Electronics,UPI,1244.75,6.37,2162,0,6,4,38,4661.84,4.0,0
103185,Electronics,Wallet,636.39,41.3,134,1,4,2,48,747.12,1.3,0
103186,Books,UPI,921.36,42.78,2208,1,3,1,65,527.2,2.2,0
103187,Footwear,Debit Card,5425.38,43.45,2454,2,2,3,32,9204.16,2.3,0
103188,Electronics,UPI,441.17,2.6,431,3,9,4,49,1718.8,4.5,1
103189,Fashion,Debit Card,745.82,1.92,1604,1,8,3,50,2194.5,3.7,0
103190,Electronics,Credit Card,2870.0,62.68,1894,2,12,1,44,1071.08,4.5,0
103191,Electronics,COD,1592.67,48.69,136,2,4,2,31,1634.4,,0
103192,Beauty,Credit Card,711.24,7.93,2074,2,6,2,56,1309.68,3.4,1
103193,Books,COD,2898.17,5.22,1002,0,3,3,60,8240.66,3.1,0
103194,Beauty,Credit Card,3010.43,11.33,769,1,14,3,67,8008.04,2.1,0
103195,Fashion,COD,1746.05,56.48,667,2,12,4,40,3039.52,,1
103196,Beauty,Debit Card,820.64,50.62,1278,3,3,4,24,1620.93,2.0,0
103197,Electronics,COD,928.3,44.71,2002,1,12,3,64,1539.77,1.1,0
103198,Electronics,COD,1682.0,44.86,2059,3,13,1,49,927.45,4.9,0
103199,Footwear,Credit Card,468.93,60.12,586,0,10,1,24,187.01,4.8,0
103200,Grocery,COD,3874.72,23.34,2072,1,14,1,58,2970.36,4.3,0
103201,Footwear,Wallet,5219.55,22.56,2070,4,3,3,54,12126.06,1.7,0
103202,Footwear,Credit Card,1109.02,29.78,181,0,5,1,61,778.75,1.1,0
103203,Beauty,Credit Card,1780.92,69.28,801,2,9,1,40,547.1,1.8,0
103204,Footwear,COD,3458.68,38.84,67,0,8,1,42,2115.33,,1
103205,Home,UPI,6402.53,38.28,2473,1,10,3,24,11854.92,1.6,0
103206,Electronics,Debit Card,4654.48,56.67,1196,0,14,2,40,4033.57,1.9,0
103207,Electronics,Credit Card,334.14,12.46,697,1,4,4,47,1170.02,3.8,0
103208,Electronics,COD,1040.6,28.38,2238,0,13,2,63,1490.56,2.9,1
103209,Electronics,UPI,1999.3,44.9,1721,0,2,3,29,3304.84,,1
103210,Fashion,UPI,902.01,69.16,2352,1,7,3,20,834.54,,0
103211,Books,Credit Card,5575.92,10.81,2006,0,7,4,33,19892.65,,0
103212,Grocery,COD,4932.0,31.64,2389,0,12,1,28,3371.52,4.5,0
103213,Beauty,COD,697.33,63.39,564,1,6,3,41,765.88,1.9,0
103214,Electronics,COD,1176.24,50.79,533,2,12,3,54,1736.48,1.6,1
103215,Books,UPI,735.36,42.96,217,0,3,2,36,838.9,2.6,0
103216,Fashion,Wallet,1145.84,18.0,876,1,14,3,35,2818.77,3.1,0
103217,Electronics,Wallet,1118.4,13.1,1391,0,3,3,38,2915.67,3.0,0
103218,Fashion,UPI,2873.85,26.19,1425,1,9,3,68,6363.57,3.2,0
103219,Fashion,COD,658.02,17.86,1702,0,7,3,38,1621.49,2.9,0
103220,Fashion,Wallet,165.11,56.59,1841,0,2,1,55,71.67,3.1,0
103221,Grocery,COD,371.06,50.45,2048,0,8,2,18,367.72,,1
103222,Grocery,COD,588.37,58.46,1314,0,13,4,23,977.64,1.2,0
103223,Books,Debit Card,792.7,11.98,703,0,8,1,37,697.73,4.8,0
103224,Electronics,COD,1555.79,21.7,1115,1,10,1,45,1218.18,3.3,1
103225,Grocery,UPI,564.63,53.8,2184,0,14,3,38,782.58,1.2,0
103226,Books,Wallet,508.32,11.45,2045,2,5,1,31,450.12,1.2,0
103227,Electronics,UPI,636.79,10.19,2291,1,1,1,48,571.9,3.3,0
103228,Beauty,UPI,548.66,26.81,1364,0,10,4,31,1606.26,3.8,0
103229,Home,Credit Card,859.55,13.05,1954,2,12,1,43,747.38,,0
103230,Home,COD,830.62,5.52,1050,1,2,1,23,784.77,2.8,0
103231,Electronics,UPI,2324.47,21.89,48,0,5,2,26,3631.29,2.1,0
103232,Home,Debit Card,606.91,61.29,1867,0,6,4,65,939.74,3.4,0
103233,Electronics,UPI,1006.19,3.96,245,1,11,4,48,3865.38,4.6,0
103234,Electronics,COD,866.08,39.63,1599,0,13,2,33,1045.7,2.7,0
103235,Electronics,COD,2558.32,39.41,2494,1,11,2,19,3100.17,3.8,0
103236,Footwear,Credit Card,1183.91,37.16,93,1,5,3,58,2231.91,1.1,0
103237,Fashion,Debit Card,3104.34,35.39,1842,1,9,4,35,8022.86,2.8,0
103238,Fashion,UPI,532.78,1.21,2174,0,4,1,41,526.33,4.0,0
103239,Fashion,Wallet,1287.56,3.32,1578,2,9,2,50,2489.63,4.4,0
103240,Footwear,COD,844.96,35.78,1734,0,14,1,21,542.63,3.1,1
103241,Beauty,Credit Card,502.28,67.78,2256,0,10,1,50,161.83,3.3,0
103242,Footwear,COD,1269.01,28.56,1949,0,11,3,69,2719.74,1.6,1
103243,Fashion,COD,5357.98,33.06,127,3,11,1,27,3586.63,2.2,0
103244,Electronics,Credit Card,677.0,68.74,1942,1,7,4,66,846.52,3.7,0
103245,Beauty,Debit Card,1209.59,54.54,1900,0,2,1,35,549.88,4.1,0
103246,Fashion,Credit Card,468.82,53.91,593,0,14,4,18,864.32,,0
103247,Grocery,Credit Card,416.8,35.33,1647,2,6,2,41,539.09,4.8,0
103248,Footwear,Debit Card,713.51,62.85,2109,4,13,3,28,795.21,4.8,0
103249,Home,UPI,934.5,40.68,2125,0,12,2,39,1108.69,1.8,0
103250,Footwear,COD,968.29,45.97,2181,2,10,2,26,1046.33,1.2,0
103251,Beauty,COD,1117.87,55.13,1951,2,8,3,53,1504.76,,0
103252,Fashion,UPI,358.29,28.46,331,0,4,2,36,512.64,4.8,0
103253,Home,UPI,811.79,66.73,1227,0,2,1,56,270.08,2.8,0
103254,Electronics,UPI,2001.01,69.16,605,0,13,1,28,617.11,2.3,0
103255,Grocery,COD,451.87,41.1,205,1,14,2,20,532.3,4.6,0
103256,Electronics,Credit Card,1008.16,15.54,680,1,10,1,34,851.49,1.5,0
103257,Fashion,UPI,1693.03,54.24,2276,1,14,1,56,774.73,4.8,0
103258,Beauty,Credit Card,716.36,22.55,1507,1,4,1,69,554.82,4.2,0
103259,Electronics,Credit Card,1760.26,40.4,1915,1,8,4,63,4196.46,2.5,0
103260,Electronics,Wallet,396.67,6.07,1271,1,3,2,18,745.18,4.1,0
103261,Books,COD,2726.46,56.52,910,0,8,2,65,2370.93,4.0,0
103262,Electronics,UPI,1794.79,67.14,1222,1,13,4,38,2359.07,3.3,0
103263,Home,UPI,1400.43,6.6,2460,2,5,3,20,3924.0,4.1,1
103264,Fashion,COD,3293.99,51.21,738,1,6,1,30,1607.14,3.0,1
103265,Fashion,UPI,1029.18,60.26,798,1,8,3,63,1226.99,4.4,0
103266,Electronics,Credit Card,817.06,7.67,2122,2,7,3,49,2263.17,4.2,0
103267,Grocery,UPI,4015.97,17.28,945,1,14,2,26,6644.02,4.6,1
103268,Footwear,UPI,5840.74,27.43,2262,1,6,3,59,12715.88,4.2,0
103269,Electronics,UPI,769.12,58.57,2437,0,4,1,35,318.65,4.7,0
103270,Footwear,COD,1222.93,34.54,193,0,5,4,24,3202.12,1.7,0
103271,Beauty,UPI,3090.33,9.59,1680,3,5,3,37,8381.9,,0
103272,Beauty,UPI,1258.26,17.95,262,2,5,2,57,2064.8,2.8,1
103273,Books,Debit Card,2155.27,32.72,2201,0,13,4,33,5800.26,,1
103274,Books,Debit Card,2500.69,2.75,314,1,8,3,26,7295.76,4.6,0
103275,Grocery,COD,854.19,44.17,2222,1,6,4,33,1907.58,1.7,0
103276,Home,UPI,1873.23,1.77,1930,0,2,1,59,1840.07,2.8,0
103277,Home,COD,1332.81,54.66,1355,1,14,2,26,1208.59,3.1,0
103278,Fashion,COD,505.98,51.37,543,3,3,2,41,492.12,4.5,1
103279,Electronics,UPI,606.85,60.58,689,0,5,2,52,478.44,2.0,0
103280,Books,UPI,794.78,11.04,1095,0,10,3,21,2121.11,4.9,0
103281,Electronics,Wallet,2815.28,42.18,2123,1,1,2,48,3255.59,2.2,1
103282,Fashion,Credit Card,2890.22,54.67,2247,0,5,4,58,5240.55,1.7,0
103283,Electronics,COD,2440.43,36.1,1269,0,14,1,49,1559.43,2.0,0
103284,Electronics,Credit Card,1904.72,9.16,605,2,1,1,27,1730.25,4.5,0
103285,Beauty,COD,1863.59,6.92,1423,0,4,4,45,6938.52,1.6,0
103286,Beauty,UPI,1672.46,42.41,2084,1,2,3,64,2889.51,,0
103287,Home,Debit Card,1855.81,34.83,1367,0,10,1,29,1209.43,2.2,0
103288,Electronics,Credit Card,1959.2,65.07,2229,0,1,4,26,2737.39,3.2,0
103289,Home,COD,435.49,58.37,53,1,1,1,48,181.29,2.4,1
103290,Fashion,Credit Card,711.8,50.66,1269,0,7,3,39,1053.61,1.6,1
103291,Books,UPI,588.08,68.77,143,1,11,1,51,183.66,2.5,0
103292,Beauty,UPI,3247.74,48.62,1541,3,13,2,49,3337.38,3.8,1
103293,Home,COD,5030.53,6.47,1552,0,4,4,20,18820.22,,0
103294,Home,COD,236.22,5.43,801,1,9,1,55,223.39,,1
103295,Footwear,Credit Card,4683.74,57.11,1992,1,12,2,69,4017.71,4.8,0
103296,Grocery,COD,1435.66,25.25,2379,1,11,2,25,2146.31,4.0,1
103297,Home,UPI,3011.45,64.7,1158,1,14,1,48,1063.04,4.2,1
103298,Home,Debit Card,2008.56,8.28,1104,0,2,1,37,1842.25,2.2,1
103299,Electronics,COD,4239.99,13.92,500,1,1,2,51,7299.57,3.0,0
103300,Footwear,UPI,1584.14,54.12,99,1,10,2,48,1453.61,2.4,1
103301,Fashion,Credit Card,449.99,59.32,1034,0,6,1,47,183.06,2.9,0
103302,Fashion,COD,1230.85,60.7,1120,1,11,3,25,1451.17,,0
103303,Footwear,Debit Card,2023.38,6.94,1927,1,11,1,53,1882.96,3.1,1
103304,Books,COD,1126.91,26.73,2159,2,7,2,52,1651.37,3.1,1
103305,Electronics,Credit Card,2266.94,45.25,298,0,14,4,52,4964.6,3.3,0
103306,Electronics,UPI,1270.85,64.32,406,1,13,2,27,906.88,1.9,0
103307,Electronics,UPI,831.8,16.73,1413,0,6,3,59,2077.92,1.9,0
103308,Beauty,COD,561.84,42.02,957,1,1,2,29,651.51,,0
103309,Electronics,Debit Card,979.02,10.05,1764,1,14,3,26,2641.89,3.2,0
103310,Footwear,COD,1577.6,52.31,826,1,14,4,35,3009.43,2.3,1
103311,Footwear,Debit Card,279.36,8.93,1057,0,13,2,26,508.83,3.8,0
103312,Home,COD,717.62,70.0,1127,0,1,3,35,645.86,3.3,0
103313,Beauty,Debit Card,271.14,6.46,1515,0,11,2,29,507.25,1.5,0
103314,Fashion,COD,817.57,47.97,202,0,14,2,22,850.76,1.9,0
103315,Electronics,UPI,3490.68,54.39,2212,0,6,4,68,6368.4,3.4,0
103316,Books,UPI,518.59,18.06,867,1,11,2,53,849.87,3.1,0
103317,Electronics,COD,2350.84,17.84,555,1,8,1,36,1931.45,,0
103318,Electronics,UPI,13082.88,41.73,1611,0,7,2,37,15246.79,1.7,0
103319,Fashion,COD,4284.81,44.13,363,0,11,3,34,7181.77,4.7,0
103320,Electronics,UPI,1490.42,50.44,1487,1,9,3,56,2215.96,2.8,0
103321,Home,COD,2661.77,40.62,180,0,10,3,29,4741.68,1.9,0
103322,Books,COD,447.76,12.21,681,1,4,2,22,786.18,3.9,0
103323,Grocery,Debit Card,380.42,64.69,1823,0,5,2,43,268.65,2.0,1
103324,Beauty,Credit Card,1370.54,11.66,948,0,9,1,29,1210.74,2.1,0
103325,Grocery,Credit Card,1842.52,39.57,2254,0,8,1,65,1113.43,4.3,0
103326,Home,Credit Card,3214.81,64.4,908,0,6,4,36,4577.89,4.6,1
103327,Grocery,COD,849.79,63.91,1735,0,12,4,53,1226.76,,0
103328,Home,COD,1563.55,11.75,103,1,5,1,38,1379.83,3.5,1
103329,Fashion,Debit Card,1521.25,16.7,2441,2,7,4,27,5068.8,2.4,0
103330,Footwear,Debit Card,1205.78,42.13,1551,0,5,4,34,2791.14,3.5,0
103331,Fashion,COD,1263.98,23.6,1779,1,8,1,61,965.68,,0
103332,Electronics,Credit Card,676.03,51.16,833,1,8,2,22,660.35,,0
103333,Fashion,Debit Card,1675.33,36.57,742,1,5,1,67,1062.66,1.2,0
103334,Fashion,Debit Card,1565.62,18.63,1108,0,11,3,19,3821.83,1.4,0
103335,Fashion,UPI,941.99,28.77,661,0,3,3,55,2012.94,3.8,0
103336,Home,Credit Card,2281.57,48.38,81,0,11,1,53,1177.75,3.1,0
103337,Footwear,Credit Card,3048.07,54.96,1676,0,1,4,48,5491.4,4.8,0
103338,Fashion,Debit Card,2302.85,25.87,1800,1,4,2,21,3414.21,1.4,0
103339,Home,COD,581.75,7.35,1699,0,6,2,52,1077.98,5.0,0
103340,Fashion,COD,1450.58,24.73,1398,0,6,1,21,1091.85,,1
103341,Grocery,COD,646.04,44.13,1323,1,9,4,56,1443.77,1.1,1
103342,Electronics,UPI,1446.99,53.19,2464,0,14,1,58,677.34,4.6,0
103343,Electronics,COD,648.05,61.58,1331,1,11,4,62,995.92,,0
103344,Home,Debit Card,3720.94,67.34,1773,0,8,4,38,4861.04,2.1,0
103345,Books,Debit Card,2506.56,37.06,1059,0,2,1,52,1577.63,3.3,0
103346,Grocery,Credit Card,3369.07,61.61,111,2,14,1,27,1293.39,2.5,0
103347,Beauty,UPI,3106.89,18.35,894,2,5,1,45,2536.78,5.0,1
103348,Grocery,Debit Card,1078.71,39.18,1811,1,9,4,55,2624.29,4.1,1
103349,Fashion,COD,952.9,37.76,1596,0,12,1,27,593.08,3.6,0
103350,Electronics,UPI,5395.82,53.81,1743,1,10,3,61,7476.99,2.3,0
103351,Electronics,Credit Card,1173.69,54.12,1876,0,2,4,37,2153.96,1.1,0
103352,Electronics,COD,453.2,19.97,569,0,4,2,66,725.39,4.2,0
103353,Fashion,UPI,2998.82,62.01,2039,0,14,3,22,3417.76,1.2,1
103354,Home,Debit Card,1502.7,62.4,1794,2,11,1,29,565.02,1.5,0
103355,Fashion,COD,4468.26,66.38,790,2,9,4,55,6008.92,3.4,0
103356,Beauty,Wallet,1626.81,32.04,1274,1,7,3,28,3316.74,4.0,0
103357,Home,Debit Card,1318.17,69.12,2148,0,14,3,69,1221.15,2.6,0
103358,Books,Debit Card,4540.97,54.94,442,1,11,2,66,4092.32,3.4,0
103359,Books,COD,391.2,45.72,777,3,11,3,22,637.03,4.9,1
103360,Fashion,COD,838.58,30.26,504,2,13,3,61,1754.48,,0
103361,Fashion,Credit Card,658.6,58.97,783,3,14,1,40,270.22,1.2,0
103362,Beauty,Debit Card,231.35,53.49,535,0,13,3,61,322.8,1.9,1
103363,Beauty,Credit Card,2693.35,40.99,2020,2,10,1,54,1589.35,2.8,0
103364,Fashion,UPI,857.54,69.8,2478,0,4,3,34,776.93,4.1,0
103365,Fashion,COD,2763.61,17.46,2424,1,4,4,19,9124.33,,0
103366,Books,UPI,1828.53,44.92,914,2,3,4,34,4028.62,3.4,1
103367,Beauty,UPI,2177.02,22.48,2332,1,12,2,40,3375.25,3.3,0
103368,Electronics,UPI,930.46,32.05,231,0,5,4,45,2528.99,3.0,0
103369,Home,UPI,726.76,23.73,304,0,4,4,59,2217.2,1.6,1
103370,Footwear,UPI,1439.15,23.42,834,1,11,2,60,2204.2,1.3,0
103371,Electronics,COD,2794.29,26.38,742,2,8,2,33,4114.31,1.8,1
103372,Footwear,Debit Card,1286.52,3.97,2296,2,4,1,28,1235.45,2.1,0
103373,Electronics,Wallet,763.91,2.79,1906,0,6,3,52,2227.79,1.8,0
103374,Home,Debit Card,513.26,50.74,1890,0,7,2,56,505.66,1.8,0
103375,Home,COD,1577.08,21.76,2021,0,12,3,49,3701.72,3.4,0
103376,Electronics,Wallet,859.84,1.49,1821,2,1,4,50,3388.11,2.8,0
103377,Footwear,COD,1264.72,5.7,1275,0,11,1,54,1192.63,,0
103378,Home,COD,1106.52,13.71,175,1,2,2,39,1909.63,1.9,0
103379,Footwear,COD,938.66,3.37,69,1,13,3,30,2721.08,1.6,0
103380,Fashion,Credit Card,1694.33,66.23,2439,0,2,3,59,1716.53,3.8,0
103381,Footwear,Credit Card,2087.25,39.79,1269,0,4,4,26,5026.93,2.9,0
103382,Footwear,Credit Card,6452.5,27.58,2384,1,6,4,20,18691.6,3.7,0
103383,Beauty,UPI,2456.21,37.29,106,0,14,2,18,3080.58,2.5,0
103384,Fashion,Credit Card,4793.16,7.9,1600,1,6,3,38,13243.5,1.3,0
103385,Books,Credit Card,695.84,49.13,725,2,12,2,42,707.95,,1
103386,Home,UPI,372.13,67.87,929,0,4,1,46,119.57,1.2,0
103387,Footwear,UPI,1324.06,9.15,1652,1,6,3,27,3608.73,2.5,0
103388,Home,COD,2660.91,10.68,1253,1,8,4,40,9506.9,3.3,0
103389,Fashion,COD,2347.08,44.01,362,1,2,4,51,5256.52,,0
103390,Electronics,Debit Card,3530.18,10.64,2499,0,1,2,33,6309.14,2.9,0
103391,Books,UPI,176.05,8.82,1789,0,5,4,46,642.09,4.2,0
103392,Footwear,Debit Card,3649.63,46.93,920,1,12,1,32,1936.86,,0
103393,Electronics,COD,1751.75,43.31,1564,1,2,2,61,1986.13,4.3,0
103394,Books,UPI,389.47,15.24,403,0,12,2,41,660.23,2.0,0
103395,Footwear,Debit Card,2389.46,57.62,1091,2,9,2,59,2025.31,2.9,0
103396,Electronics,Debit Card,1533.93,7.37,1079,1,4,4,35,5683.52,1.1,0
103397,Electronics,UPI,1817.08,23.28,949,0,2,2,36,2788.13,3.3,0
103398,Books,UPI,2978.83,51.72,1224,0,8,4,57,5752.72,2.6,0
103399,Beauty,Debit Card,1889.79,42.97,2289,2,7,4,33,4310.99,3.7,0
103400,Electronics,Debit Card,412.3,42.0,47,0,2,1,55,239.13,,0
103401,Grocery,Debit Card,1194.61,48.04,1396,1,10,4,22,2482.88,2.7,0
103402,Home,Credit Card,367.19,45.25,2353,1,12,1,61,201.04,3.4,0
103403,Footwear,Credit Card,2251.27,61.2,2225,2,7,3,57,2620.48,,0
103404,Footwear,UPI,4098.5,39.81,2246,1,7,2,47,4933.77,4.3,1
103405,Grocery,Debit Card,496.13,28.09,1048,3,13,2,43,713.53,1.4,0
103406,Home,Credit Card,782.76,53.63,1430,2,6,3,37,1088.9,3.2,0
103407,Fashion,COD,661.23,18.15,1498,1,4,4,35,2164.87,4.7,0
103408,Home,UPI,931.57,53.17,2099,2,12,1,34,436.25,2.1,1
103409,Electronics,Debit Card,1862.99,19.6,2387,0,8,1,54,1497.84,3.5,0
103410,Books,COD,939.68,33.63,659,1,14,3,28,1871.0,2.1,1
103411,Electronics,Credit Card,2257.52,51.74,336,1,13,1,32,1089.48,4.2,0
103412,Home,COD,3141.02,43.94,684,0,12,2,38,3521.71,,0
103413,Electronics,Wallet,3233.78,6.0,679,0,5,2,42,6079.51,4.8,0
103414,Fashion,UPI,547.55,31.26,771,0,11,2,31,752.77,3.8,1
103415,Fashion,Debit Card,4059.21,56.83,2294,3,7,3,40,5257.08,3.0,1
103416,Beauty,Credit Card,4327.99,69.77,562,1,11,2,59,2616.7,3.2,1
103417,Grocery,UPI,4638.49,32.68,1072,2,14,1,32,3122.63,4.1,0
103418,Electronics,Credit Card,1180.56,6.01,913,2,11,3,27,3328.83,4.0,0
103419,Footwear,Wallet,734.01,25.63,701,2,7,2,59,1091.77,1.5,0
103420,Footwear,COD,609.48,34.29,515,0,14,1,32,400.49,2.2,0
103421,Fashion,COD,554.78,5.14,2493,2,13,4,54,2105.06,3.7,0
103422,Books,Debit Card,1352.02,60.5,1577,1,4,2,67,1068.1,1.4,0
103423,Home,COD,2639.33,37.72,282,0,14,3,45,4931.32,3.6,1
103424,Electronics,Debit Card,3809.48,29.13,1647,0,7,3,46,8099.34,4.5,0
103425,Home,UPI,908.28,27.8,1540,0,4,1,53,655.78,2.5,0
103426,Electronics,COD,1298.61,1.98,917,1,5,4,24,5091.59,,0
103427,Footwear,Credit Card,1232.32,36.32,1976,1,12,1,22,784.74,4.4,0
103428,Footwear,Debit Card,805.75,33.29,2011,4,6,3,27,1612.55,2.9,0
103429,Grocery,UPI,2412.94,24.21,1973,0,10,3,40,5486.3,4.3,0
103430,Beauty,Credit Card,1790.55,46.11,1608,1,7,1,61,964.93,1.3,0
103431,Beauty,COD,1500.36,28.77,1121,0,14,1,49,1068.71,1.8,1
103432,Footwear,Debit Card,1784.06,40.02,541,0,2,4,62,4280.32,1.0,0
103433,Fashion,Credit Card,2191.54,61.95,138,0,9,1,38,833.88,2.8,0
103434,Electronics,UPI,2174.06,25.47,2298,2,5,1,59,1620.33,4.5,0
103435,Beauty,Debit Card,684.86,27.85,2107,0,12,4,55,1976.51,3.6,1
103436,Fashion,COD,2743.7,60.61,527,1,14,1,23,1080.74,,0
103437,Fashion,UPI,1643.02,25.07,2012,1,5,3,45,3693.34,1.1,0
103438,Electronics,Credit Card,946.06,30.76,148,0,13,2,50,1310.1,3.9,0
103439,Beauty,COD,1615.47,56.06,616,1,9,2,37,1419.68,1.4,1
103440,Fashion,Debit Card,1764.43,41.43,401,1,1,1,58,1033.43,1.9,0
103441,Electronics,UPI,3182.51,65.37,871,0,11,3,39,3306.31,3.8,1
103442,Electronics,UPI,580.03,32.95,819,0,8,2,54,777.82,2.0,0
103443,Fashion,COD,3866.05,33.53,1296,1,14,3,55,7709.29,3.0,0
103444,Footwear,UPI,1364.49,3.0,1163,0,7,4,29,5294.22,2.6,0
103445,Fashion,COD,893.44,13.81,311,1,4,2,21,1540.11,,0
103446,Books,Credit Card,871.83,37.8,400,0,3,1,63,542.28,2.0,0
103447,Grocery,Credit Card,601.19,13.1,2056,3,2,3,61,1567.3,2.6,0
103448,Fashion,COD,332.71,31.75,1383,1,10,2,67,454.15,1.7,0
103449,Grocery,COD,2302.89,19.83,2307,0,14,3,20,5538.68,4.8,0
103450,Books,UPI,6533.57,1.46,352,0,10,4,54,25752.72,2.3,0
103451,Beauty,COD,367.2,33.26,791,0,9,1,24,245.07,3.9,0
103452,Electronics,UPI,626.19,45.24,419,2,1,1,43,342.9,2.2,0
103453,Electronics,Debit Card,2443.7,23.68,2312,0,1,2,60,3730.06,2.0,0
103454,Footwear,Credit Card,1291.41,54.36,422,0,7,4,31,2357.6,,0
103455,Grocery,COD,2611.12,10.22,2008,1,8,2,37,4688.53,,0
103456,Footwear,COD,1234.75,6.39,505,1,6,2,43,2311.7,1.0,0
103457,Footwear,COD,841.76,65.44,1827,2,14,4,41,1163.65,1.7,1
103458,Electronics,Debit Card,1118.03,64.52,1154,2,5,4,19,1586.71,4.1,0
103459,Grocery,Wallet,199.2,28.46,2423,0,14,4,37,570.03,2.4,0
103460,Home,UPI,536.58,29.4,202,1,4,4,61,1515.3,4.4,0
103461,Grocery,COD,2860.13,59.57,831,2,5,4,22,4625.4,1.5,1
103462,Electronics,COD,3475.59,37.14,1816,1,5,1,36,2184.76,,0
103463,Fashion,COD,4125.46,8.2,2291,1,11,2,49,7574.34,,0
103464,Grocery,Wallet,1905.87,8.04,1361,0,5,4,37,7010.55,1.7,0
103465,Grocery,COD,220.33,9.18,273,0,7,3,53,600.31,1.0,1
103466,Beauty,COD,805.93,54.65,1584,1,2,1,31,365.49,4.5,1
103467,Fashion,Debit Card,3865.03,42.13,1210,1,6,3,27,6710.08,2.2,0
103468,Fashion,Debit Card,4907.12,20.98,1943,2,3,1,66,3877.61,2.0,0
103469,Footwear,COD,3984.31,11.35,1393,0,11,2,57,7064.18,1.7,1
103470,Home,Debit Card,1108.76,8.64,2247,0,12,4,33,4051.85,2.4,0
103471,Home,COD,470.94,51.9,333,1,4,4,23,906.09,,0
103472,Beauty,COD,1296.59,62.01,1571,0,14,1,40,492.57,2.9,0
103473,Home,COD,1355.39,37.18,1851,2,6,2,58,1702.91,4.4,0
103474,Beauty,Credit Card,4686.55,54.09,1032,2,12,2,49,4303.19,1.8,0
103475,Home,Wallet,1607.17,19.82,1203,2,4,3,54,3865.89,4.0,0
103476,Grocery,Credit Card,1357.43,41.0,1747,1,13,4,45,3203.53,4.6,0
103477,Footwear,UPI,1420.55,30.66,1155,1,2,4,65,3940.04,1.1,0
103478,Footwear,COD,1844.36,6.14,999,0,6,1,24,1731.12,,0
103479,Beauty,UPI,2210.89,34.12,1466,1,6,3,60,4369.6,2.1,0
103480,Home,Wallet,750.22,59.28,2015,0,3,1,68,305.49,2.8,0
103481,Books,Credit Card,574.73,3.62,362,0,14,3,61,1661.77,1.2,0
103482,Grocery,Wallet,4009.6,33.4,2188,0,5,3,32,8011.18,2.2,0
103483,Beauty,Debit Card,360.38,61.13,524,0,6,2,67,280.16,1.4,1
103484,Books,UPI,4965.15,55.31,271,1,1,4,68,8875.7,1.9,0
103485,Books,COD,290.46,34.54,476,0,10,3,61,570.41,1.1,0
103486,Books,Debit Card,839.13,11.99,219,0,3,4,34,2954.07,,0
103487,Books,Credit Card,2914.59,59.4,2381,2,4,2,59,2366.65,4.6,0
103488,Fashion,Wallet,1339.8,10.72,750,0,13,2,62,2392.35,3.6,0
103489,Home,UPI,467.23,19.38,1939,0,13,3,28,1130.04,2.3,1
103490,Beauty,Credit Card,1883.98,8.7,480,0,2,1,31,1720.07,4.8,1
103491,Electronics,UPI,1413.19,32.13,1337,1,9,4,57,3836.53,4.9,0
103492,Footwear,UPI,1126.83,44.04,1082,2,11,2,60,1261.15,4.2,0
103493,Beauty,Debit Card,813.11,57.9,1658,0,14,1,50,342.32,3.7,0
103494,Electronics,COD,1302.86,32.29,2471,1,4,2,46,1764.33,2.3,0
103495,Grocery,COD,840.89,67.95,1635,1,5,3,68,808.52,,1
103496,Books,COD,9392.12,41.71,1763,0,4,3,35,16424.0,3.0,0
103497,Grocery,COD,1105.43,42.31,677,0,8,1,55,637.72,3.5,1
103498,Fashion,Wallet,993.26,12.27,331,0,9,1,67,871.39,1.7,0
103499,Footwear,COD,868.43,13.31,243,0,3,3,31,2258.53,1.1,0
103500,Home,Debit Card,5550.04,40.36,771,1,1,4,21,13240.18,5.0,0
103501,Beauty,Debit Card,360.95,50.46,1400,1,2,1,26,178.81,3.5,0
103502,Electronics,Debit Card,1785.66,14.33,179,1,3,4,52,6119.1,3.7,0
103503,Beauty,COD,1106.07,33.88,679,0,9,2,32,1462.67,1.2,0
103504,Books,Debit Card,428.92,24.93,1589,0,3,1,55,321.99,2.7,0
103505,Beauty,Debit Card,695.58,30.71,2187,0,12,2,42,963.93,2.1,0
103506,Home,Debit Card,1726.0,15.55,2474,0,9,4,62,5830.43,4.3,0
103507,Grocery,COD,670.81,9.85,613,1,3,2,51,1209.47,,0
103508,Books,UPI,1648.55,22.44,282,0,14,4,48,5114.46,2.5,0
103509,Fashion,COD,5341.82,60.82,1444,0,10,3,29,6278.78,,1
103510,Footwear,Debit Card,1535.3,56.37,2347,1,13,4,34,2679.41,2.5,1
103511,Books,Credit Card,418.71,7.12,1067,0,10,2,30,777.8,2.4,0
103512,Footwear,COD,680.32,6.15,2263,0,10,1,21,638.48,4.1,0
103513,Footwear,UPI,1066.01,34.51,1864,2,7,2,33,1396.26,4.4,0
103514,Footwear,COD,1010.51,19.42,2249,1,10,4,67,3257.08,2.5,0
103515,Grocery,UPI,1512.64,57.64,2378,1,11,4,59,2563.02,2.6,0
103516,Beauty,UPI,1719.78,34.03,295,1,14,2,30,2269.08,4.9,0
103517,Electronics,Credit Card,5347.7,59.69,1046,1,9,1,37,2155.66,2.5,0
103518,Home,COD,1335.45,7.57,153,2,11,1,55,1234.36,3.5,1
103519,Grocery,COD,532.85,67.91,139,0,14,2,22,341.98,1.5,0
103520,Home,UPI,3371.27,53.7,1203,0,9,4,55,6243.59,2.7,1
103521,Footwear,Debit Card,3679.09,51.23,1663,0,11,3,46,5382.88,2.0,1
103522,Electronics,COD,1613.17,65.82,2218,0,3,2,55,1102.76,2.0,1
103523,Fashion,Credit Card,1099.8,32.92,349,1,13,4,18,2950.98,1.9,0
103524,Home,COD,2204.02,10.42,112,1,14,1,66,1974.36,,0
103525,Home,Debit Card,1131.32,34.78,288,1,6,2,53,1475.69,2.2,0
103526,Electronics,Credit Card,258.64,57.07,2319,0,13,3,26,333.1,4.3,0
103527,Electronics,COD,2102.28,60.17,1664,0,12,2,61,1674.68,2.8,0
103528,Grocery,UPI,2734.77,34.2,1218,1,4,3,19,5398.44,1.2,0
103529,Home,COD,4242.34,51.26,283,0,14,4,26,8270.87,2.8,1
103530,Electronics,Credit Card,746.5,17.29,945,0,9,3,59,1852.29,1.4,0
103531,Electronics,Debit Card,1605.09,16.14,348,3,3,3,61,4038.09,1.6,0
103532,Home,Wallet,1633.11,41.04,104,1,2,1,23,962.88,1.5,0
103533,Electronics,Credit Card,1434.12,29.52,1114,1,8,4,53,4043.07,4.2,0
103534,Books,UPI,1468.34,11.27,1271,0,8,1,60,1302.86,2.7,1
103535,Grocery,Credit Card,1379.82,53.3,1147,1,13,1,23,644.38,1.0,0
103536,Fashion,UPI,1586.68,37.25,2182,1,8,1,21,995.64,3.0,0
103537,Beauty,COD,2422.47,36.43,2286,1,6,2,29,3079.93,1.8,0
103538,Electronics,UPI,3555.43,13.25,330,0,5,4,29,12337.34,3.9,0
103539,Fashion,COD,731.38,16.88,712,1,8,3,29,1823.77,,0
103540,Footwear,Wallet,1166.96,48.49,1267,2,4,4,59,2404.4,1.7,1
103541,Home,Wallet,955.19,59.63,1020,0,11,1,28,385.61,2.1,0
103542,Footwear,Credit Card,851.89,12.4,1106,2,2,4,45,2985.02,3.8,1
103543,Fashion,Credit Card,367.67,56.86,1777,1,12,2,35,317.23,3.5,1
103544,Fashion,Debit Card,1365.64,55.17,474,1,4,3,34,1836.65,,0
103545,Home,COD,1965.41,57.04,2072,2,3,1,65,844.34,,0
103546,Home,Debit Card,1183.13,40.72,684,2,14,3,34,2104.08,1.8,0
103547,Footwear,Debit Card,1329.87,24.63,892,1,6,3,29,3006.97,4.3,0
103548,Electronics,Credit Card,1871.98,53.97,577,2,10,3,29,2585.02,1.6,0
103549,Footwear,COD,4141.84,33.6,1588,0,6,4,66,11000.73,1.3,0
103550,Footwear,UPI,957.37,15.53,1748,0,14,1,61,808.69,4.8,0
103551,Beauty,COD,524.64,28.17,1571,3,3,4,46,1507.4,,1
103552,Fashion,Debit Card,1245.94,32.04,1249,1,7,2,46,1693.48,2.3,0
103553,Home,COD,6044.17,35.37,778,1,2,2,44,7812.69,2.0,0
103554,Fashion,COD,529.15,62.83,1728,0,8,3,48,590.06,,0
103555,Grocery,COD,2253.2,28.78,322,0,11,1,53,1604.73,3.2,0
103556,Home,Credit Card,3382.37,19.94,800,0,7,3,21,8123.78,4.5,0
103557,Footwear,Debit Card,201.86,67.36,1715,1,12,4,59,263.55,,1
103558,Beauty,Credit Card,1859.71,16.94,1739,1,11,1,57,1544.68,4.0,0
103559,Home,Debit Card,2170.53,0.78,692,0,14,3,67,6460.8,3.4,1
103560,Books,Debit Card,1081.53,59.49,872,0,14,4,40,1752.51,1.0,0
103561,Home,COD,798.59,66.81,816,2,14,3,18,795.16,2.8,1
103562,Footwear,COD,835.03,47.75,2220,1,7,4,37,1745.21,1.1,1
103563,Electronics,Debit Card,1029.83,28.54,1443,1,14,4,38,2943.67,1.3,0
103564,Footwear,Debit Card,1051.87,38.06,323,0,10,2,49,1303.06,1.7,0
103565,Grocery,Debit Card,904.5,58.24,427,1,2,2,27,755.44,4.6,0
103566,Footwear,COD,1016.8,61.97,200,1,2,3,22,1160.07,1.9,1
103567,Home,UPI,3472.51,7.18,626,1,6,2,25,6446.37,2.8,0
103568,Grocery,COD,506.97,60.76,579,2,8,2,53,397.87,4.5,0
103569,Fashion,Debit Card,330.55,43.21,1131,0,2,4,25,750.88,3.7,1
103570,Grocery,COD,3517.23,2.26,1875,1,9,1,50,3437.74,1.5,0
103571,Electronics,Debit Card,1148.7,7.59,2199,3,10,2,54,2123.03,2.8,1
103572,Fashion,Credit Card,981.83,3.19,1409,1,10,2,47,1901.02,4.1,0
103573,Home,UPI,1225.4,66.4,1937,2,14,3,20,1235.2,2.8,1
103574,Fashion,COD,1583.55,29.86,1647,1,6,4,23,4442.81,1.9,0
103575,Fashion,Debit Card,880.74,50.09,814,0,1,4,61,1758.31,3.6,0
103576,Grocery,COD,2007.7,0.12,1541,1,14,2,50,4010.58,2.6,0
103577,Fashion,Debit Card,620.29,55.52,776,0,8,2,57,551.81,3.1,1
103578,Books,COD,1052.1,33.74,792,2,9,1,66,697.12,1.5,0
103579,Electronics,COD,227.75,64.65,2468,0,8,4,39,322.04,,0
103580,Grocery,UPI,3421.35,36.46,2279,0,7,2,64,4347.85,4.7,0
103581,Grocery,COD,1163.43,55.22,1643,2,3,2,40,1041.97,,1
103582,Home,COD,2289.49,44.06,1494,0,8,2,65,2561.48,2.2,0
103583,Books,UPI,1961.1,36.44,1723,1,12,4,53,4985.9,1.7,0
103584,Footwear,UPI,2079.43,66.38,1889,1,2,4,29,2796.42,3.3,0
103585,Grocery,UPI,1331.12,34.69,166,2,6,2,18,1738.71,1.8,0
103586,Fashion,COD,1827.28,62.47,915,0,14,3,65,2057.33,,0
103587,Home,Credit Card,620.78,2.53,289,0,6,1,38,605.07,4.8,0
103588,Grocery,UPI,524.82,46.02,1337,0,3,2,62,566.6,,0
103589,Fashion,COD,1235.36,63.82,757,0,14,3,27,1340.86,1.9,0
103590,Grocery,UPI,777.57,62.95,845,1,2,3,41,864.27,,0
103591,Fashion,COD,4189.65,33.95,2109,0,4,4,27,11069.06,2.3,0
103592,Grocery,UPI,1808.25,33.05,534,0,7,3,24,3631.87,4.5,0
103593,Electronics,Debit Card,755.07,56.74,2279,1,6,4,46,1306.57,1.1,0
103594,Electronics,Credit Card,1077.9,23.45,1069,1,6,2,40,1650.26,3.5,0
103595,Footwear,Credit Card,1489.81,65.6,501,1,11,3,30,1537.48,2.5,0
103596,Footwear,COD,1268.51,17.55,383,1,8,4,35,4183.55,2.3,0
103597,Footwear,COD,1664.69,5.21,1794,0,7,4,37,6311.84,1.7,0
103598,Footwear,UPI,1415.05,54.03,2259,0,10,2,29,1301.0,4.3,0
103599,Home,Credit Card,440.31,28.33,2189,0,9,3,55,946.71,4.3,0
103600,Fashion,Credit Card,239.67,24.9,450,0,9,3,33,539.98,1.2,0
103601,Electronics,COD,993.38,22.46,2200,0,7,4,50,3081.07,3.3,0
103602,Home,Debit Card,2097.28,68.63,587,1,8,1,56,657.92,2.7,0
103603,Fashion,Credit Card,1002.35,40.02,1163,1,4,1,35,601.21,,0
103604,Footwear,COD,3602.02,69.43,43,1,6,1,21,1101.14,2.2,0
103605,Electronics,UPI,1290.12,24.05,669,0,3,1,20,979.85,1.8,0
103606,Electronics,Credit Card,3966.97,28.98,820,1,2,2,48,5634.68,4.1,0
103607,Fashion,Credit Card,3366.14,14.82,2392,2,12,2,19,5734.56,2.8,0
103608,Electronics,Wallet,3105.81,30.13,717,2,12,1,24,2170.03,4.2,0
103609,Fashion,Credit Card,511.42,4.34,713,1,4,4,43,1956.9,4.9,0
103610,Books,UPI,1357.92,0.04,705,2,7,4,32,5429.51,2.6,0
103611,Fashion,Debit Card,3562.5,31.72,654,2,14,1,39,2432.48,3.2,0
103612,Beauty,Debit Card,1665.49,52.22,1363,0,8,2,54,1591.54,4.9,0
103613,Footwear,COD,2087.01,30.59,538,1,1,2,59,2897.19,1.7,0
103614,Beauty,COD,441.28,36.26,747,0,9,4,38,1125.09,,1
103615,Books,Credit Card,6216.93,31.19,1345,2,13,1,22,4277.87,2.9,0
103616,Fashion,COD,711.16,36.88,1898,2,4,4,28,1795.54,3.0,0
103617,Electronics,COD,271.64,54.29,294,0,14,1,62,124.17,4.7,1
103618,Fashion,Debit Card,1011.41,56.27,890,2,11,3,18,1326.87,2.8,0
103619,Footwear,UPI,189.05,58.66,1439,0,1,3,29,234.46,2.8,0
103620,Beauty,COD,562.22,14.87,2294,0,14,1,68,478.62,3.0,0
103621,Fashion,UPI,10371.42,32.05,2360,1,9,1,36,7047.38,2.8,0
103622,Home,UPI,988.28,58.17,2184,3,4,2,19,826.8,4.6,0
103623,Grocery,UPI,427.42,65.93,1277,2,11,4,62,582.49,3.5,0
103624,Books,UPI,1366.81,38.01,272,0,12,3,56,2541.86,4.2,0
103625,Beauty,UPI,653.12,34.51,2414,0,9,4,61,1710.91,1.6,0
103626,Footwear,COD,2674.76,53.52,1565,0,14,2,53,2486.46,,1
103627,Books,Credit Card,657.45,69.42,2267,0,13,3,44,603.14,4.9,0
103628,Beauty,UPI,1663.35,29.82,2304,0,5,4,54,4669.36,4.8,0
103629,Electronics,Debit Card,535.05,11.56,1986,1,2,2,22,946.4,4.9,0
103630,Electronics,UPI,10713.1,58.4,1067,0,12,4,23,17826.6,3.8,0
103631,Footwear,Wallet,2004.0,49.73,1531,3,14,4,48,4029.64,3.7,1
103632,Beauty,COD,1192.25,10.16,1736,1,5,3,42,3213.35,1.3,0
103633,Home,COD,1059.59,22.65,2205,1,8,2,57,1639.19,2.1,1
103634,Beauty,Debit Card,860.16,38.73,588,1,8,1,66,527.02,4.1,0
103635,Electronics,COD,728.71,51.2,1400,1,5,1,31,355.61,,0
103636,Grocery,Debit Card,712.86,54.65,1501,1,8,4,35,1293.13,3.5,0
103637,Fashion,UPI,5128.99,10.9,541,2,8,2,27,9139.86,3.3,0
103638,Grocery,Debit Card,860.84,15.17,1022,1,14,4,59,2921.0,3.3,0
103639,Home,COD,243.83,52.09,2315,0,5,2,43,233.64,2.5,0
103640,Fashion,UPI,527.01,8.13,69,0,3,2,35,968.33,4.5,0
103641,Electronics,COD,2813.49,34.87,1270,1,7,3,56,5497.28,,0
103642,Grocery,UPI,1094.6,38.22,1534,2,2,2,42,1352.49,4.1,0
103643,Electronics,COD,1203.19,23.75,2272,0,3,2,44,1834.86,1.1,0
103644,Electronics,UPI,3414.72,55.74,730,0,9,2,61,3022.71,4.4,0
103645,Grocery,Credit Card,719.29,3.88,1001,0,12,4,30,2765.53,4.0,0
103646,Fashion,Credit Card,2221.49,54.42,228,1,2,4,52,4050.22,,0
103647,Fashion,Credit Card,785.01,45.22,859,2,6,3,63,1290.09,1.5,0
103648,Fashion,COD,2123.25,35.51,2493,2,3,4,63,5477.14,4.2,0
103649,Footwear,Credit Card,979.55,61.07,1921,0,7,2,63,762.68,2.2,0
103650,Fashion,UPI,1104.07,14.16,1088,3,9,3,29,2843.2,2.0,0
103651,Fashion,UPI,2581.45,56.05,1597,2,13,2,52,2269.09,1.8,1
103652,Fashion,COD,2436.75,13.14,2412,1,13,2,47,4233.12,,0
103653,Fashion,Debit Card,1173.4,69.33,1116,1,13,3,21,1079.65,4.8,1
103654,Fashion,UPI,918.46,2.29,757,2,6,2,45,1794.85,3.6,0
103655,Electronics,UPI,4814.17,38.72,2200,0,12,1,30,2950.12,2.1,1
103656,Electronics,Credit Card,2146.22,11.76,2130,1,5,2,44,3787.65,2.6,0
103657,Home,COD,979.54,28.56,1305,0,1,1,50,699.78,2.0,0
103658,Footwear,UPI,794.36,10.36,59,3,14,3,54,2136.19,1.3,0
103659,Electronics,Credit Card,3040.93,13.57,61,1,13,3,58,7884.83,4.1,0
103660,Fashion,Credit Card,1468.97,4.27,320,0,3,1,48,1406.24,1.4,0
103661,Footwear,UPI,1175.16,0.56,1742,2,3,2,42,2337.16,,0
103662,Footwear,COD,1468.48,50.35,463,0,13,2,68,1458.2,2.7,1
103663,Books,UPI,1755.02,31.74,185,0,7,1,33,1197.98,,0
103664,Fashion,COD,1280.04,3.19,1714,0,12,1,33,1239.21,2.2,1
103665,Home,UPI,3508.52,65.73,1218,1,13,2,63,2404.74,1.3,0
103666,Fashion,Wallet,3668.25,46.59,1340,0,8,3,68,5877.64,3.5,0
103667,Electronics,Wallet,2049.83,18.5,504,1,2,3,37,5011.83,3.7,0
103668,Fashion,UPI,4022.97,30.71,560,0,9,1,62,2787.52,4.6,0
103669,Beauty,UPI,1348.57,34.25,627,1,2,1,65,886.68,2.1,0
103670,Fashion,COD,2326.84,39.89,1620,2,10,1,62,1398.66,1.7,0
103671,Beauty,Wallet,2991.6,60.02,2450,0,9,4,45,4784.17,2.9,0
103672,Fashion,UPI,3026.71,41.29,2292,1,7,3,57,5330.94,4.3,0
103673,Fashion,Credit Card,2787.22,68.51,310,1,7,2,49,1755.39,3.3,1
103674,Grocery,Credit Card,2219.31,50.88,1708,1,14,1,19,1090.13,,1
103675,Footwear,COD,6410.56,69.2,1901,0,6,1,24,1974.45,1.4,0
103676,Fashion,Debit Card,869.78,38.55,130,1,12,2,66,1068.96,3.9,0
103677,Beauty,UPI,1183.02,47.49,1604,0,12,4,31,2484.82,3.7,0
103678,Fashion,Credit Card,1128.21,51.65,1127,0,14,1,27,545.49,2.0,0
103679,Electronics,Credit Card,997.79,52.83,511,0,13,3,68,1411.97,1.8,0
103680,Books,Debit Card,272.87,1.71,1980,1,9,3,35,804.61,2.5,0
103681,Electronics,COD,4023.44,8.92,2340,0,14,4,55,14658.2,2.3,1
103682,Home,Wallet,589.44,15.94,1507,0,10,2,58,990.97,2.3,0
103683,Home,COD,1534.33,19.0,527,2,2,2,42,2485.61,3.9,1
103684,Electronics,COD,429.45,63.38,1089,3,2,3,50,471.79,1.4,0
103685,Electronics,COD,2200.79,50.58,1303,1,10,2,45,2175.26,4.0,0
103686,Fashion,UPI,714.57,10.03,2258,2,8,1,41,642.9,,0
103687,Footwear,UPI,539.82,29.84,1982,1,13,3,22,1136.21,1.7,0
103688,Beauty,COD,1564.74,17.02,1686,1,8,4,23,5193.69,,0
103689,Fashion,COD,764.65,58.09,1916,1,4,4,58,1281.86,2.5,0
103690,Electronics,Credit Card,846.13,64.25,1744,0,12,1,62,302.49,1.5,0
103691,Beauty,COD,1536.76,11.5,819,1,7,4,21,5440.13,3.4,0
103692,Electronics,UPI,2540.18,29.16,359,0,14,3,34,5398.39,,0
103693,Home,COD,695.95,66.7,2103,0,1,3,38,695.25,2.1,0
103694,Grocery,Credit Card,606.1,46.0,1398,0,1,2,20,654.59,,0
103695,Home,Credit Card,1364.83,60.77,2406,1,2,4,39,2141.69,3.1,1
103696,Fashion,Credit Card,2061.94,25.04,1712,0,14,3,67,4636.89,3.8,1
103697,Electronics,Credit Card,4316.52,14.68,1200,0,2,1,49,3682.85,3.0,1
103698,Electronics,COD,568.46,48.39,1627,0,10,1,65,293.38,3.1,0
103699,Home,COD,1038.6,9.62,1641,2,10,3,39,2816.06,3.3,0
103700,Footwear,COD,3431.07,58.79,2454,1,13,2,57,2827.89,4.7,1
103701,Fashion,COD,6492.97,52.84,930,1,9,3,67,9186.25,,1
103702,Beauty,Wallet,605.18,21.34,969,1,1,4,46,1904.14,3.7,0
103703,Books,COD,741.7,34.91,904,0,1,2,59,965.55,1.1,1
103704,Electronics,COD,1816.89,55.94,296,1,1,4,28,3202.09,,0
103705,Electronics,COD,843.71,65.44,1190,0,9,1,67,291.59,4.2,1
103706,Fashion,UPI,729.69,24.65,1129,0,7,2,69,1099.64,2.4,0
103707,Books,UPI,1628.76,55.3,516,1,1,2,44,1456.11,,0
103708,Home,UPI,4626.41,13.61,2043,0,1,3,23,11990.27,3.1,0
103709,Books,Debit Card,469.85,63.25,1732,0,3,1,33,172.67,2.8,0
103710,Footwear,UPI,4441.14,48.04,626,0,7,2,33,4615.23,4.7,0
103711,Grocery,Credit Card,845.72,10.69,438,1,13,2,69,1510.63,4.8,0
103712,Footwear,UPI,1766.28,51.79,1556,1,12,3,21,2554.57,2.1,0
103713,Grocery,UPI,4782.32,50.68,42,2,7,1,22,2358.64,4.3,0
103714,Footwear,COD,1737.6,51.96,403,0,5,3,61,2504.23,3.1,0
103715,Grocery,Credit Card,1055.75,24.14,1115,2,11,3,66,2402.68,3.2,0
103716,Books,COD,2379.25,51.79,2476,0,14,3,31,3441.11,1.5,0
103717,Grocery,COD,1166.15,57.86,218,1,5,3,22,1474.25,4.3,0
103718,Footwear,UPI,2032.62,24.3,1335,0,7,3,67,4616.08,3.4,0
103719,Home,COD,1137.12,14.56,1419,0,2,1,59,971.56,4.8,1
103720,Beauty,UPI,2667.57,62.15,652,1,2,3,55,3029.03,,1
103721,Home,Wallet,439.05,43.45,1315,0,13,3,58,744.85,2.9,0
103722,Footwear,Credit Card,595.37,32.23,1596,0,4,1,67,403.48,4.4,0
103723,Home,Credit Card,433.92,61.58,369,1,3,1,52,166.71,2.3,0
103724,Grocery,Debit Card,1280.31,9.52,2386,1,5,2,23,2316.85,4.5,0
103725,Grocery,UPI,394.01,56.74,637,1,5,2,58,340.9,1.5,0
103726,Footwear,COD,770.11,34.36,940,2,3,1,22,505.5,,1
103727,Fashion,COD,552.25,2.98,90,1,10,4,22,2143.17,4.5,1
103728,Books,Debit Card,4375.35,68.08,1495,0,9,3,43,4189.84,1.1,1
103729,Grocery,UPI,606.35,54.46,1497,0,9,4,37,1104.53,4.5,0
103730,Footwear,COD,478.55,15.03,316,3,14,4,47,1626.5,1.2,0
103731,Footwear,Credit Card,1633.81,64.66,753,0,13,3,35,1732.17,3.6,0
103732,Beauty,Wallet,5163.95,65.47,1923,1,4,4,61,7132.45,,0
103733,Beauty,COD,1220.66,56.03,1791,1,14,3,69,1610.17,1.2,1
103734,Electronics,COD,1298.58,8.9,789,0,10,4,68,4732.03,4.4,0
103735,Footwear,Debit Card,3761.62,13.05,1585,1,3,1,42,3270.73,1.3,1
103736,Fashion,COD,2704.26,52.78,1875,0,5,4,45,5107.81,4.4,0
103737,Books,COD,1882.45,63.97,952,2,4,2,20,1356.49,4.9,0
103738,Grocery,Debit Card,840.61,15.05,464,1,12,2,63,1428.2,3.7,1
103739,Home,Debit Card,1929.02,32.26,83,0,9,2,31,2613.44,4.7,0
103740,Fashion,Credit Card,450.96,10.84,2388,0,11,2,30,804.15,3.5,0
103741,Electronics,Credit Card,813.27,33.46,820,2,3,2,61,1082.3,4.9,1
103742,Footwear,Debit Card,4209.8,44.98,2021,1,8,2,68,4632.46,4.2,0
103743,Home,Debit Card,3795.59,1.3,832,2,8,4,64,14984.99,3.7,0
103744,Electronics,UPI,1900.72,45.0,1789,0,10,3,19,3136.19,5.0,0
103745,Books,UPI,286.15,44.78,851,2,6,4,66,632.05,2.9,1
103746,Fashion,Debit Card,509.5,31.85,1530,1,1,4,39,1388.9,2.9,0
103747,Footwear,UPI,777.76,62.68,2385,1,13,3,25,870.78,,0
103748,Fashion,UPI,1167.52,9.44,1891,0,6,2,25,2114.61,3.7,1
103749,Fashion,COD,492.59,3.59,436,0,13,3,53,1424.72,1.6,0
103750,Electronics,Wallet,1099.87,34.71,1323,1,6,1,60,718.11,2.2,0
103751,Home,UPI,5507.34,37.31,697,1,4,3,38,10357.65,3.3,0
103752,Home,COD,1845.8,18.67,571,1,7,1,49,1501.19,,0
103753,Grocery,COD,1595.69,67.31,2086,1,2,2,56,1043.26,,1
103754,Home,Debit Card,593.45,17.76,2457,1,8,2,39,976.11,1.9,0
103755,Fashion,Credit Card,360.98,18.91,2315,0,14,4,60,1170.87,1.9,0
103756,Fashion,UPI,501.42,56.77,2102,0,4,3,33,650.29,4.6,0
103757,Fashion,Credit Card,349.49,64.6,1186,1,3,3,31,371.16,2.1,0
103758,Footwear,COD,1422.3,37.53,1329,2,2,3,42,2665.53,4.6,0
103759,Electronics,COD,1820.94,1.33,1363,0,3,3,44,5390.16,,0
103760,Footwear,UPI,618.79,24.88,1848,0,6,1,34,464.84,4.7,0
103761,Fashion,COD,1507.69,15.68,160,1,4,1,35,1271.28,3.9,0
103762,Electronics,UPI,4338.11,35.77,2072,2,10,4,33,11145.47,2.7,0
103763,Fashion,COD,6413.48,47.78,2025,0,5,3,41,10047.36,1.1,0
103764,Electronics,Credit Card,2480.78,27.47,2488,1,6,3,54,5397.93,4.6,0
103765,Grocery,Credit Card,1164.59,37.62,1498,2,3,2,33,1452.94,3.8,1
103766,Home,COD,2417.49,53.19,1159,0,9,4,53,4526.51,1.5,1
103767,Fashion,Debit Card,3949.91,17.23,1213,0,5,1,35,3269.34,4.7,0
103768,Books,Debit Card,268.87,13.72,1561,0,10,2,27,463.96,3.0,0
103769,Beauty,COD,4383.73,56.39,777,1,1,3,32,5735.23,1.1,1
103770,Footwear,Credit Card,866.39,2.59,1948,1,9,2,60,1687.9,2.2,0
103771,Footwear,UPI,873.08,10.54,1126,0,12,4,33,3124.23,4.4,1
103772,Books,UPI,1008.34,0.86,725,1,10,1,51,999.67,2.7,0
103773,Grocery,Credit Card,1730.33,38.88,1846,1,4,3,48,3172.73,4.2,0
103774,Grocery,UPI,550.59,42.01,861,0,10,4,53,1277.15,2.6,0
103775,Home,COD,1066.51,37.17,229,3,12,1,49,670.09,1.5,0
103776,Books,COD,2039.01,29.0,1319,2,8,3,69,4343.09,1.8,0
103777,Electronics,Debit Card,1595.36,37.03,1281,0,10,1,65,1004.6,4.5,0
103778,Grocery,Debit Card,1816.47,13.58,749,0,12,3,34,4709.38,1.7,1
103779,Footwear,UPI,1033.62,57.84,115,3,7,2,38,871.55,,0
103780,Electronics,COD,2333.13,68.65,1205,1,3,4,37,2925.75,2.2,0
103781,Grocery,Credit Card,3118.58,37.84,1937,0,14,1,52,1938.51,4.9,0
103782,Footwear,Debit Card,2972.48,26.2,2009,1,5,2,43,4387.38,1.4,0
103783,Fashion,COD,1885.76,55.42,551,0,6,1,68,840.67,3.2,0
103784,Home,Credit Card,2838.74,13.52,1092,1,9,3,55,7364.83,1.1,0
103785,Footwear,Debit Card,2688.8,22.45,2261,0,3,1,42,2085.16,,0
103786,Footwear,COD,11398.15,65.8,880,0,5,3,34,11694.5,4.4,0
103787,Electronics,Credit Card,3549.12,13.04,1205,3,9,2,58,6172.63,1.7,0
103788,Fashion,COD,1247.63,7.85,1708,2,11,4,61,4598.76,,0
103789,Books,UPI,645.91,38.24,1159,1,2,1,68,398.91,3.4,0
103790,Fashion,COD,1086.9,41.12,2108,1,12,3,46,1919.9,3.9,0
103791,Fashion,COD,1027.18,41.8,920,0,4,1,59,597.82,2.4,1
103792,Electronics,COD,2016.54,11.51,1245,0,13,1,63,1784.44,4.9,0
103793,Electronics,COD,764.94,50.48,1305,0,13,4,22,1515.19,4.3,0
103794,Beauty,COD,3476.36,16.96,1868,0,10,4,25,11547.08,,0
103795,Books,Debit Card,440.69,66.37,864,0,13,4,28,592.82,1.6,0
103796,Beauty,COD,362.85,15.96,710,1,3,1,29,304.94,2.1,0
103797,Grocery,COD,1202.2,1.21,919,0,7,4,33,4750.61,4.4,0
103798,Home,COD,682.63,39.75,604,0,2,2,18,822.57,3.7,1
103799,Fashion,Credit Card,489.51,14.2,513,1,7,1,53,420.0,2.5,0
103800,Electronics,COD,804.6,44.0,2053,1,9,2,49,901.15,,1
103801,Fashion,Debit Card,728.37,16.04,882,0,8,1,52,611.54,2.8,0
103802,Fashion,Debit Card,1350.33,29.97,696,2,2,3,58,2836.91,,1
103803,Electronics,UPI,815.35,12.57,2034,0,2,3,25,2138.58,3.0,0
103804,Electronics,COD,870.17,30.02,1977,0,14,1,34,608.94,2.8,0
103805,Electronics,UPI,1334.23,9.56,636,0,4,4,41,4826.71,2.3,0
103806,Books,Debit Card,3015.12,23.66,782,0,7,3,31,6905.23,2.8,0
103807,Beauty,COD,4344.2,13.93,2058,1,9,3,39,11217.16,,0
103808,Footwear,Credit Card,1507.51,57.13,716,0,3,1,42,646.27,1.8,0
103809,Grocery,UPI,1604.29,51.05,2157,0,5,4,53,3141.2,3.8,0
103810,Beauty,COD,1156.84,11.68,1555,0,9,2,29,2043.44,4.9,0
103811,Electronics,Credit Card,1968.44,5.8,1675,0,3,2,31,3708.54,,0
103812,Beauty,Debit Card,1830.19,1.8,1348,0,12,1,32,1797.25,,0
103813,Electronics,COD,3868.72,15.87,105,2,10,4,30,13019.02,3.5,1
103814,Home,Wallet,295.61,33.61,2066,0,14,3,60,588.77,4.8,0
103815,Fashion,COD,1110.32,27.99,1415,1,8,4,49,3198.17,,0
103816,Home,COD,1756.98,68.0,456,2,12,3,59,1686.7,,0
103817,Fashion,COD,1311.56,55.46,2087,1,5,1,22,584.17,3.2,0
103818,Books,Credit Card,631.86,5.47,754,0,10,3,54,1791.89,4.9,0
103819,Grocery,UPI,473.67,11.13,933,1,14,2,52,841.9,1.2,1
103820,Grocery,UPI,2553.09,1.86,1608,0,12,3,58,7516.81,1.2,0
103821,Beauty,UPI,731.03,9.68,728,2,11,3,40,1980.8,4.5,0
103822,Home,Credit Card,329.01,37.06,45,1,7,4,56,828.32,1.2,0
103823,Electronics,Credit Card,2657.81,5.37,823,1,9,1,45,2515.09,4.6,0
103824,Books,Credit Card,1933.69,4.19,1717,1,9,4,59,7410.67,1.4,0
103825,Home,COD,1220.85,8.27,1074,0,3,2,59,2239.77,,0
103826,Fashion,UPI,644.43,46.86,1789,1,4,3,61,1027.35,2.3,1
103827,Fashion,Credit Card,1223.23,1.36,203,1,10,3,27,3619.78,,0
103828,Footwear,Credit Card,3542.08,67.87,666,0,9,3,55,3414.21,3.3,0
103829,Beauty,Credit Card,368.06,26.66,617,0,10,3,28,809.81,4.6,0
103830,Home,UPI,383.3,23.56,188,0,9,3,42,878.98,3.5,0
103831,Beauty,COD,810.61,33.24,1627,1,9,4,64,2164.65,3.4,1
103832,Home,UPI,1311.18,36.25,549,1,8,2,24,1671.75,3.3,0
103833,Home,UPI,900.51,29.4,1197,1,9,2,56,1271.52,2.6,0
103834,Fashion,UPI,2240.05,34.04,2476,2,6,4,33,5910.15,3.6,0
103835,Home,COD,3200.52,23.78,640,0,3,4,31,9757.75,4.9,0
103836,Books,COD,1674.07,22.54,510,0,10,2,20,2593.47,4.9,0
103837,Electronics,Credit Card,2097.17,1.91,2329,0,5,2,55,4114.23,1.4,0
103838,Grocery,UPI,1665.17,47.03,912,1,11,3,61,2646.12,2.8,1
103839,Fashion,Wallet,1349.66,43.21,759,1,13,4,41,3065.89,3.4,0
103840,Books,Debit Card,475.87,46.82,1807,0,6,4,28,1012.27,3.9,0
103841,Beauty,COD,588.52,65.87,349,0,2,1,50,200.86,2.2,0
103842,Books,COD,454.53,33.12,964,0,1,1,68,303.99,4.9,0
103843,Beauty,Debit Card,1189.39,61.72,522,2,9,3,58,1365.9,2.7,0
103844,Footwear,COD,1612.95,31.08,2232,0,13,1,57,1111.65,2.1,1
103845,Home,Debit Card,420.14,33.43,762,2,13,4,20,1118.75,4.1,0
103846,Books,UPI,1419.52,44.31,1430,0,13,2,64,1581.06,3.4,0
103847,Books,Credit Card,665.03,15.11,1320,1,1,2,49,1129.09,4.6,0
103848,Fashion,Credit Card,569.43,15.21,1247,0,1,4,51,1931.28,1.4,0
103849,Fashion,COD,812.18,35.69,193,1,14,4,35,2089.25,1.2,1
103850,Home,COD,546.55,4.8,678,0,10,4,63,2081.26,4.8,0
103851,Fashion,Debit Card,2176.18,16.57,2141,0,13,3,44,5446.76,2.8,0
103852,Fashion,Credit Card,1170.98,55.54,1383,0,14,4,30,2082.47,1.9,0
103853,Fashion,COD,2571.31,32.46,2197,1,11,2,36,3473.33,4.0,1
103854,Beauty,COD,939.36,1.86,1411,1,6,1,29,921.89,,0
103855,Fashion,COD,968.21,4.25,816,0,10,3,66,2781.18,5.0,1
103856,Grocery,Debit Card,5995.15,64.37,883,0,9,1,59,2136.07,,0
103857,Home,Debit Card,365.6,66.97,1945,0,13,1,49,120.76,1.6,0
103858,Books,Credit Card,3742.78,44.88,617,0,13,2,58,4126.04,4.4,0
103859,Electronics,Credit Card,5032.23,12.95,1511,0,3,3,62,13141.67,1.5,0
103860,Home,COD,2471.68,25.77,2341,1,13,4,36,7338.91,,0
103861,Electronics,Credit Card,1028.26,21.38,2118,2,10,1,31,808.42,1.7,0
103862,Books,COD,4194.47,54.96,986,0,11,3,65,5667.57,,0
103863,Fashion,UPI,1035.45,37.6,714,0,5,3,36,1938.36,2.0,0
103864,Footwear,COD,761.56,54.58,1565,0,7,3,20,1037.7,4.6,0
103865,Fashion,Credit Card,981.8,25.24,1537,0,13,3,58,2201.98,5.0,0
103866,Beauty,COD,848.82,60.87,1814,1,2,2,29,664.29,1.7,0
103867,Fashion,UPI,628.1,30.04,209,0,8,1,30,439.42,1.5,0
103868,Beauty,COD,3255.19,29.22,1363,0,14,1,54,2304.02,1.7,0
103869,Home,UPI,721.43,34.24,53,1,11,1,69,474.41,3.3,0
103870,Fashion,COD,1308.04,41.43,2477,1,3,2,22,1532.24,4.5,0
103871,Fashion,UPI,421.99,62.59,2190,0,3,3,52,473.6,4.0,1
103872,Electronics,Debit Card,1372.86,32.04,1857,1,8,1,35,933.0,2.7,0
103873,Electronics,COD,531.26,65.11,757,1,4,1,64,185.36,4.8,0
103874,Footwear,COD,520.93,27.56,1873,1,13,3,64,1132.09,3.2,0
103875,Home,Credit Card,1227.3,22.72,1130,1,12,3,23,2845.37,4.1,0
103876,Electronics,UPI,3119.97,20.65,1632,0,14,4,20,9902.78,3.0,0
103877,Footwear,UPI,1905.18,1.48,602,1,6,4,39,7507.93,3.7,0
103878,Electronics,COD,2012.83,59.44,1202,0,4,4,21,3265.62,2.5,0
103879,Home,Credit Card,1207.21,5.55,2195,0,8,1,35,1140.21,1.2,1
103880,Books,COD,1024.02,23.4,498,1,2,2,27,1568.8,3.5,0
103881,Footwear,COD,2522.26,17.53,979,1,11,2,68,4160.22,2.2,0
103882,Books,Debit Card,853.6,52.11,750,2,13,3,54,1226.37,,0
103883,Home,COD,2611.15,65.28,472,1,3,4,25,3626.37,3.6,0
103884,Footwear,COD,3600.25,57.17,1011,0,3,4,50,6167.95,,0
103885,Electronics,UPI,683.27,22.4,1531,1,5,4,56,2120.87,1.6,0
103886,Footwear,UPI,768.5,31.9,165,3,12,1,60,523.35,4.2,0
103887,Grocery,UPI,865.62,17.29,537,1,5,1,50,715.95,1.7,1
103888,Footwear,COD,414.23,64.68,2048,0,11,2,48,292.61,1.5,1
103889,Fashion,UPI,920.1,8.31,673,1,13,4,62,3374.56,2.3,0
103890,Electronics,Debit Card,3793.94,66.64,859,2,7,2,31,2531.32,1.2,0
103891,Books,Credit Card,580.3,56.96,1691,1,2,1,68,249.76,2.4,0
103892,Home,COD,3866.7,49.81,1873,0,13,1,29,1940.7,,1
103893,Home,UPI,946.95,54.18,2399,1,6,3,59,1301.68,4.2,0
103894,Footwear,Credit Card,7267.94,23.75,422,1,9,4,68,22167.22,2.8,0
103895,Beauty,UPI,776.31,20.71,1894,0,14,2,31,1231.07,1.7,0
103896,Fashion,Debit Card,1193.7,26.7,1817,1,13,1,51,874.98,4.9,0
103897,Home,UPI,646.68,12.71,336,1,12,1,61,564.49,4.3,0
103898,Electronics,Debit Card,772.66,52.25,2195,2,5,2,33,737.89,1.0,0
103899,Electronics,UPI,3907.07,33.25,802,0,10,2,45,5215.94,3.4,0
103900,Electronics,COD,1957.9,62.01,1075,3,5,2,59,1487.61,4.8,1
103901,Grocery,COD,3050.48,61.49,1997,0,8,1,51,1174.74,,1
103902,Books,UPI,467.56,10.91,1324,0,5,4,60,1666.2,2.6,0
103903,Home,Credit Card,2261.68,15.32,709,2,12,2,32,3830.38,3.4,1
103904,Fashion,Debit Card,615.75,28.74,825,1,11,1,44,438.78,3.5,1
103905,Books,UPI,459.5,8.32,1857,1,14,2,60,842.54,3.9,0
103906,Grocery,Credit Card,1621.35,48.26,482,1,4,3,29,2516.66,4.8,0
103907,Footwear,UPI,1608.14,51.63,1195,0,13,4,41,3111.43,2.9,0
103908,Home,COD,1397.83,50.49,1876,1,4,2,45,1384.13,1.2,1
103909,Grocery,UPI,2378.08,32.91,2214,0,9,3,60,4786.36,3.9,0
103910,Home,COD,2694.19,59.03,2070,1,3,2,57,2207.62,4.8,0
103911,Home,Debit Card,4340.67,42.41,917,1,11,3,40,7499.38,4.5,0
103912,Footwear,UPI,516.84,69.55,520,0,11,3,67,472.13,1.1,1
103913,Fashion,COD,4454.25,57.08,2338,0,11,1,50,1911.76,4.5,1
103914,Fashion,COD,6038.13,50.56,1505,1,4,3,50,8955.75,1.6,0
103915,Fashion,COD,999.26,8.63,1036,0,12,4,23,3652.1,,0
103916,Home,Debit Card,352.56,58.28,2257,0,3,1,29,147.09,4.0,0
103917,Home,Credit Card,442.84,21.39,1823,0,11,2,22,696.23,1.5,0
103918,Books,COD,925.67,29.32,1206,1,7,3,18,1962.79,1.4,0
103919,Home,UPI,6709.73,32.39,512,0,3,1,67,4536.45,2.1,0
103920,Fashion,COD,1357.86,23.19,231,0,14,3,32,3128.92,1.9,0
103921,Footwear,Credit Card,817.5,7.59,1341,1,11,3,55,2266.36,1.0,0
103922,Fashion,Debit Card,774.08,13.96,312,1,3,3,45,1998.06,4.6,0
103923,Footwear,COD,464.9,56.24,796,1,6,2,26,406.88,1.5,0
103924,Fashion,COD,2696.37,45.66,1712,1,11,4,60,5860.83,5.0,1
103925,Beauty,Wallet,1244.32,66.0,61,1,3,2,49,846.14,2.1,1
103926,Home,Debit Card,7185.81,57.47,2473,1,7,3,57,9168.37,3.3,1
103927,Grocery,COD,2214.03,28.16,1110,1,2,2,58,3181.12,3.8,0
103928,Electronics,UPI,2601.77,55.03,2179,1,1,4,60,4680.06,2.2,0
103929,Footwear,Credit Card,1103.58,40.35,456,1,4,2,49,1316.57,2.8,0
103930,Home,COD,559.57,20.04,1168,0,10,2,26,894.86,,0
103931,Beauty,Debit Card,665.9,68.26,2397,0,8,2,41,422.71,1.3,0
103932,Home,Credit Card,447.91,64.99,1591,1,5,3,56,470.44,2.4,0
103933,Electronics,COD,2774.75,7.85,2027,1,4,4,61,10227.73,,1
103934,Home,UPI,984.43,58.76,1722,2,12,3,45,1217.94,2.3,0
103935,Fashion,COD,2869.81,5.44,1856,2,10,1,20,2713.69,,0
103936,Fashion,COD,1493.28,65.02,929,0,13,1,69,522.35,1.8,1
103937,Beauty,COD,1059.7,43.69,1149,1,14,1,50,596.72,3.7,0
103938,Home,UPI,525.48,11.66,152,0,9,4,47,1856.84,4.9,0
103939,Electronics,UPI,1704.98,57.21,669,0,1,1,42,729.56,1.9,0
103940,Electronics,UPI,1124.5,36.1,189,0,14,1,40,718.56,3.1,0
103941,Electronics,COD,2756.58,4.17,831,0,2,2,51,5283.26,2.0,0
103942,Electronics,UPI,755.72,55.89,1822,0,10,1,50,333.35,4.7,1
103943,Beauty,Debit Card,2192.69,55.18,534,0,4,1,33,982.76,4.6,0
103944,Electronics,COD,4977.48,33.74,1211,1,11,1,38,3298.08,2.6,0
103945,Footwear,COD,1665.77,51.18,1393,0,12,1,26,813.23,1.1,1
103946,Fashion,UPI,2510.49,2.81,434,2,12,3,34,7319.84,,0
103947,Electronics,COD,2116.49,22.27,2033,3,4,2,68,3290.3,3.5,0
103948,Footwear,Debit Card,6114.84,47.13,1934,1,9,2,31,6465.83,3.5,1
103949,Fashion,Credit Card,1803.07,16.14,492,1,3,4,62,6048.22,2.2,0
103950,Home,COD,2344.83,31.53,119,1,13,4,40,6422.02,,0
103951,Footwear,Wallet,1301.12,65.24,41,3,3,1,65,452.27,1.1,0
103952,Footwear,UPI,720.89,57.87,753,0,12,4,47,1214.84,4.1,0
103953,Books,Credit Card,509.52,39.06,340,1,3,1,57,310.5,3.1,1
103954,Electronics,Debit Card,3690.58,40.37,73,0,5,3,38,6602.08,2.1,0
103955,Beauty,Credit Card,597.83,62.09,1168,2,11,3,21,679.91,4.7,0
103956,Footwear,UPI,2432.54,60.41,1326,0,14,3,36,2889.13,,0
103957,Footwear,COD,1868.35,6.18,75,1,10,2,50,3505.77,4.3,0
103958,Electronics,Credit Card,2791.2,32.59,1508,2,5,3,30,5644.64,,0
103959,Fashion,COD,887.34,13.36,1026,2,5,1,37,768.79,,0
103960,Fashion,Credit Card,711.53,5.83,524,0,9,2,20,1340.1,3.1,0
103961,Electronics,Credit Card,1812.93,20.47,304,1,7,4,35,5767.29,1.7,0
103962,Books,COD,1060.11,42.75,1905,1,3,3,23,1820.74,3.9,0
103963,Fashion,Wallet,500.28,55.61,296,0,9,3,30,666.22,3.1,0
103964,Fashion,COD,6315.87,63.87,525,1,7,1,37,2281.92,3.2,0
103965,Electronics,COD,711.14,29.61,1790,0,14,2,27,1001.14,3.8,1
103966,Home,Credit Card,604.92,29.56,1585,0,1,1,22,426.11,2.5,0
103967,Electronics,Debit Card,1103.55,10.73,2498,2,11,3,25,2955.42,3.8,0
103968,Home,COD,3649.29,13.64,129,2,12,2,52,6303.05,,1
103969,Electronics,Credit Card,236.66,7.17,510,0,12,4,24,878.77,4.5,0
103970,Footwear,UPI,3414.91,68.31,1664,1,10,4,19,4328.74,4.9,0
103971,Electronics,COD,646.01,8.93,597,1,14,1,55,588.32,3.4,0
103972,Home,Wallet,1655.11,52.96,970,1,5,2,42,1557.13,2.5,0
103973,Electronics,COD,779.92,22.24,762,0,6,4,66,2425.86,2.2,0
103974,Electronics,Debit Card,6591.48,37.6,2026,0,14,1,37,4113.08,4.6,0
103975,Fashion,COD,1479.85,61.09,1969,1,1,1,37,575.81,2.3,0
103976,Electronics,UPI,760.16,65.53,2020,0,12,4,20,1048.11,4.3,1
103977,Electronics,UPI,1052.71,16.82,1279,0,11,2,23,1751.29,,0
103978,Home,COD,1439.01,63.79,1234,0,9,3,61,1563.2,4.5,0
103979,Books,COD,1544.01,17.64,1439,1,2,1,29,1271.65,2.7,0
103980,Electronics,COD,1902.66,56.34,196,1,9,2,21,1661.4,3.3,0
103981,Home,COD,1337.93,1.07,1379,2,7,3,56,3970.84,1.5,0
103982,Beauty,Wallet,445.09,37.47,713,4,2,2,69,556.63,4.9,0
103983,Fashion,Debit Card,1020.23,50.81,2345,1,11,4,36,2007.4,3.3,0
103984,Fashion,Debit Card,2176.18,58.73,484,2,12,4,38,3592.44,3.5,0
103985,Electronics,Wallet,783.75,58.88,116,1,8,3,52,966.83,1.5,0
103986,Fashion,UPI,2294.4,20.92,2409,0,3,2,23,3628.82,3.8,0
103987,Home,UPI,1373.85,59.72,420,0,6,1,28,553.39,2.7,0
103988,Footwear,COD,1125.3,22.66,1308,0,8,1,63,870.31,,1
103989,Footwear,COD,3481.84,16.36,973,1,8,4,57,11648.84,2.9,0
103990,Footwear,COD,333.45,0.1,695,1,9,4,25,1332.47,3.1,0
103991,Home,COD,780.35,16.5,1235,1,4,4,52,2606.37,4.2,1
103992,Electronics,Credit Card,3590.13,8.29,1839,0,12,4,67,13170.03,,0
103993,Fashion,COD,5790.88,47.25,311,2,2,1,29,3054.69,4.5,1
103994,Fashion,Credit Card,8339.8,10.14,1664,1,14,3,29,22482.43,1.4,0
103995,Electronics,Credit Card,1394.49,40.98,2236,0,6,2,66,1646.06,3.1,0
103996,Electronics,COD,1932.01,8.85,746,0,12,1,67,1761.03,,0
103997,Home,COD,2575.87,49.31,1704,2,1,3,45,3917.13,4.9,1
103998,Fashion,Credit Card,3714.73,19.99,2303,1,10,3,42,8916.47,2.6,0
103999,Electronics,Credit Card,1720.68,21.61,2332,2,14,3,29,4046.52,3.7,0
104000,Books,UPI,2809.94,44.83,1630,2,14,2,20,3100.49,,0
104001,Fashion,UPI,1934.92,65.73,2353,2,7,1,47,663.1,4.3,0
104002,Footwear,COD,2034.04,69.41,1949,0,6,1,25,622.21,4.7,0
104003,Fashion,COD,642.46,25.01,1295,0,13,1,39,481.78,2.4,0
104004,Home,COD,1029.29,66.24,340,1,9,4,66,1389.95,4.4,1
104005,Electronics,COD,881.64,42.86,2136,1,14,3,65,1511.31,,0
104006,Home,Credit Card,517.43,63.45,737,0,4,2,42,378.24,2.9,1
104007,Electronics,Wallet,357.35,1.95,1849,0,7,4,34,1401.53,3.8,1
104008,Electronics,COD,954.41,2.32,1622,0,5,2,68,1864.54,2.3,0
104009,Beauty,COD,1084.52,5.22,920,0,6,2,64,2055.82,2.0,1
104010,Fashion,UPI,1456.85,56.31,1943,1,13,4,49,2545.99,2.1,0
104011,Electronics,Credit Card,2089.31,9.66,1653,0,13,3,56,5662.45,1.2,0
104012,Footwear,COD,1556.97,12.36,1871,2,9,3,40,4093.59,3.3,0
104013,Electronics,COD,1090.59,40.98,2383,0,1,4,53,2574.66,,0
104014,Beauty,UPI,644.13,67.02,708,1,7,2,46,424.87,2.1,1
104015,Home,COD,2701.75,39.7,1917,1,7,1,27,1629.16,1.1,0
104016,Fashion,Debit Card,1234.65,51.28,128,2,10,3,21,1804.56,2.1,0
104017,Home,UPI,946.69,13.14,1782,2,4,2,22,1644.59,4.1,1
104018,Electronics,COD,1153.82,63.99,414,1,9,4,59,1661.96,,1
104019,Books,UPI,745.31,3.91,578,0,11,2,62,1432.34,4.1,1
104020,Fashion,COD,876.08,19.8,513,0,8,4,44,2810.46,1.9,0
104021,Electronics,COD,854.09,31.76,2082,0,12,3,47,1748.49,,0
104022,Fashion,COD,1064.36,15.83,953,3,4,3,65,2687.62,3.9,0
104023,Footwear,Wallet,2263.36,46.46,992,2,9,3,68,3635.41,,0
104024,Grocery,COD,1855.09,47.52,922,0,7,1,55,973.55,,1
104025,Footwear,COD,4616.49,14.83,1571,2,6,4,44,15727.46,4.6,0
104026,Books,UPI,3531.17,0.6,2292,2,6,2,41,7019.97,1.5,1
104027,Books,COD,6406.94,5.2,1703,0,8,3,48,18221.34,3.2,0
104028,Home,UPI,2095.04,0.03,280,0,8,2,56,4188.82,2.8,0
104029,Footwear,Debit Card,2068.3,63.38,1302,1,9,1,69,757.41,5.0,0
104030,Home,Debit Card,906.93,43.52,295,0,14,2,52,1024.47,3.2,0
104031,Fashion,UPI,2593.63,9.69,438,1,9,2,55,4684.61,3.7,0
104032,Beauty,UPI,792.43,6.48,515,0,8,4,19,2964.32,4.7,0
104033,Home,COD,413.08,57.23,1752,1,13,2,36,353.35,1.6,1
104034,Electronics,Wallet,4541.71,56.77,2192,1,4,4,32,7853.52,2.4,1
104035,Fashion,UPI,493.07,64.92,640,0,4,3,61,518.91,2.3,0
104036,Fashion,UPI,1902.8,11.15,2357,2,2,3,31,5071.91,1.5,0
104037,Grocery,Debit Card,662.31,36.56,685,2,3,4,33,1680.68,3.2,0
104038,Fashion,Credit Card,3298.87,8.5,788,0,2,4,51,12073.86,2.2,0
104039,Grocery,Credit Card,3678.87,55.69,343,0,3,2,45,3260.21,1.7,0
104040,Home,COD,2045.39,28.87,145,0,10,2,39,2909.77,1.1,0
104041,Grocery,Credit Card,3630.38,48.71,1561,0,10,3,30,5586.07,,1
104042,Electronics,Debit Card,1347.32,2.12,1036,2,10,1,64,1318.76,2.6,1
104043,Footwear,Debit Card,8001.14,54.46,319,2,13,1,69,3643.72,3.4,0
104044,Home,COD,2433.13,16.06,1424,1,13,2,21,4084.74,1.9,0
104045,Fashion,Credit Card,651.68,59.0,882,1,5,3,66,801.57,4.6,0
104046,Fashion,Debit Card,1416.13,13.01,1000,0,3,4,60,4927.57,1.8,0
104047,Fashion,Credit Card,1185.59,55.31,2227,1,6,3,63,1589.52,2.1,0
104048,Fashion,Wallet,1096.26,9.39,1026,0,13,2,40,1986.64,2.2,0
104049,Books,UPI,355.77,46.44,1149,0,14,4,38,762.2,1.6,1
104050,Footwear,COD,1825.29,54.55,1727,0,3,3,49,2488.78,5.0,0
104051,Books,COD,442.04,27.04,2239,0,3,4,55,1290.05,,0
104052,Home,Debit Card,177.62,17.1,1853,0,11,3,66,441.74,2.2,1
104053,Home,Credit Card,1017.18,24.12,1247,0,13,4,31,3087.34,,0
104054,Grocery,UPI,731.64,20.76,784,1,14,4,68,2319.01,3.5,0
104055,Grocery,COD,672.34,44.31,471,4,14,3,38,1123.28,4.1,0
104056,Fashion,COD,111.89,3.12,335,0,4,4,52,433.6,2.4,0
104057,Footwear,Credit Card,678.12,2.9,1904,3,12,4,59,2633.82,1.9,0
104058,Fashion,UPI,1165.71,20.14,1850,0,10,1,52,930.94,2.8,0
104059,Grocery,Wallet,806.48,19.39,903,0,5,3,20,1950.31,2.7,0
104060,Footwear,UPI,1825.99,12.39,2348,1,1,4,63,6399.0,4.9,0
104061,Books,Credit Card,4081.13,50.18,2417,1,10,3,20,6099.66,1.6,0
104062,Electronics,UPI,2024.53,1.66,1563,2,6,2,45,3981.85,1.5,1
104063,Beauty,COD,3044.57,64.7,677,0,5,1,52,1074.73,3.5,0
104064,Electronics,Debit Card,3252.9,53.02,1281,1,1,3,31,4584.64,3.2,1
104065,Grocery,UPI,592.83,28.21,2060,1,2,4,58,1702.37,3.2,0
104066,Fashion,Credit Card,1903.2,60.13,1282,0,3,3,49,2276.42,2.6,0
104067,Books,Wallet,2969.43,43.27,1249,0,2,4,37,6738.23,2.4,0
104068,Footwear,COD,945.04,39.92,1345,1,14,1,26,567.78,,0
104069,Electronics,COD,711.59,21.91,2110,0,1,3,53,1667.04,4.2,0
104070,Fashion,Credit Card,2047.4,46.42,1044,0,6,4,23,4387.99,2.8,0
104071,Beauty,UPI,409.4,9.78,482,0,14,2,64,738.72,4.6,0
104072,Home,COD,560.93,36.74,1299,1,2,4,23,1419.38,3.0,0
104073,Electronics,UPI,785.72,8.13,1595,2,10,1,23,721.84,4.6,1
104074,Electronics,COD,1920.64,31.16,2338,0,4,4,28,5288.67,4.7,0
104075,Home,UPI,1595.8,43.14,309,0,5,1,61,907.37,3.2,0
104076,Beauty,Debit Card,3059.16,10.89,2358,0,7,1,61,2726.02,4.2,0
104077,Beauty,COD,640.66,15.55,2019,2,9,4,48,2164.15,1.4,1
104078,Electronics,UPI,613.77,56.93,1784,0,11,4,59,1057.4,1.5,1
104079,Home,UPI,2036.79,17.9,612,1,9,2,39,3344.41,,0
104080,Fashion,Credit Card,707.03,6.69,539,0,1,1,69,659.73,1.2,0
104081,Fashion,COD,826.5,23.15,1086,1,3,3,20,1905.5,3.8,0
104082,Books,COD,303.26,65.46,480,0,9,2,49,209.49,1.9,1
104083,Fashion,Wallet,1690.33,48.56,1650,2,5,2,37,1739.01,1.9,0
104084,Home,Debit Card,4596.42,40.28,1888,1,1,1,36,2744.98,,0
104085,Footwear,UPI,587.91,58.83,1211,0,8,3,59,726.13,4.7,0
104086,Home,Debit Card,3033.17,46.21,1738,3,5,1,57,1631.54,3.8,0
104087,Beauty,UPI,1277.27,56.78,1953,0,12,4,46,2208.14,4.0,0
104088,Electronics,COD,326.25,46.0,2284,1,13,1,63,176.18,4.1,0
104089,Electronics,Credit Card,654.73,60.5,1729,2,2,4,27,1034.47,4.3,0
104090,Electronics,Debit Card,623.17,43.68,607,3,11,3,21,1052.91,1.7,0
104091,Grocery,COD,1039.79,18.54,352,1,13,2,30,1694.03,4.8,0
104092,Grocery,COD,1873.59,2.88,2352,0,9,2,22,3639.26,,0
104093,Electronics,Debit Card,5878.98,7.37,1940,2,9,2,62,10891.4,3.2,0
104094,Fashion,UPI,426.27,35.87,2127,2,7,1,44,273.37,4.2,0
104095,Fashion,Debit Card,908.85,68.02,1076,0,7,1,40,290.65,4.4,0
104096,Beauty,COD,654.07,53.16,419,0,2,3,43,919.1,3.0,0
104097,Beauty,Wallet,485.71,54.28,1506,2,3,4,22,888.27,3.2,0
104098,Books,COD,1445.71,46.47,1610,0,10,3,51,2321.67,2.6,1
104099,Footwear,COD,1341.02,63.24,564,4,8,4,68,1971.84,1.2,1
104100,Fashion,Wallet,313.86,51.48,1190,2,3,3,25,456.85,,0
104101,Books,UPI,1359.02,18.09,1075,0,5,2,31,2226.35,3.7,0
104102,Beauty,UPI,510.65,34.96,671,1,10,4,58,1328.51,2.9,0
104103,Fashion,UPI,1352.16,28.3,2048,1,3,1,59,969.5,1.2,0
104104,Footwear,Debit Card,3698.18,11.58,1229,0,3,2,32,6539.86,3.3,0
104105,Electronics,COD,1940.02,15.57,2317,3,13,3,18,4913.88,1.4,0
104106,Books,COD,1543.82,19.96,33,0,7,1,55,1235.67,,1
104107,Books,UPI,877.42,12.16,2348,0,7,4,31,3082.9,4.2,0
104108,Footwear,UPI,1413.03,15.21,1664,2,2,2,60,2396.22,1.9,1
104109,Home,Credit Card,2101.91,64.15,1759,0,2,3,35,2260.6,4.7,0
104110,Fashion,Credit Card,1941.73,24.03,740,0,10,3,68,4425.4,3.8,1
104111,Grocery,COD,1237.22,57.93,224,1,5,1,62,520.5,2.0,0
104112,Grocery,COD,1593.84,4.51,601,0,4,2,21,3043.92,1.9,0
104113,Home,UPI,467.2,68.73,1123,0,3,4,56,584.37,1.3,0
104114,Grocery,COD,744.36,53.54,864,1,11,4,55,1383.32,4.5,0
104115,Fashion,Credit Card,2359.13,63.47,506,0,14,3,34,2585.37,1.3,1
104116,Beauty,UPI,2627.08,36.81,61,0,4,2,65,3320.1,3.5,0
104117,Footwear,Credit Card,1443.58,44.42,1753,0,4,3,58,2407.03,4.0,0
104118,Fashion,Credit Card,4372.86,25.26,1677,1,11,3,31,9804.83,2.0,0
104119,Home,COD,2011.06,30.24,428,1,8,1,60,1402.92,2.5,0
104120,Footwear,COD,1111.54,52.55,1964,1,12,2,54,1054.85,,0
104121,Grocery,COD,504.82,3.5,2444,1,11,1,44,487.15,4.2,1
104122,Footwear,COD,4234.36,2.56,2499,0,12,3,64,12377.88,5.0,1
104123,Fashion,COD,2480.6,61.24,510,0,3,1,44,961.48,4.9,1
104124,Footwear,COD,5645.7,7.7,1085,0,8,4,32,20843.92,1.3,0
104125,Electronics,COD,7581.59,50.47,160,2,7,2,44,7510.32,3.7,1
104126,Home,COD,478.4,13.97,60,1,13,4,43,1646.27,3.3,0
104127,Home,Wallet,479.4,25.63,2113,1,10,4,26,1426.12,4.7,1
104128,Grocery,COD,135.56,20.55,2421,0,11,2,47,215.4,,0
104129,Footwear,Credit Card,2792.49,34.32,529,0,13,3,60,5502.32,,0
104130,Books,UPI,2264.67,57.87,1175,0,10,1,63,954.11,2.8,0
104131,Beauty,COD,1448.41,61.29,89,0,10,4,55,2242.72,4.4,0
104132,Home,Credit Card,502.25,15.54,2044,1,8,4,43,1696.8,,0
104133,Home,UPI,1247.35,23.64,1383,0,2,3,62,2857.43,1.3,0
104134,Home,Debit Card,1552.72,58.58,751,0,11,3,66,1929.41,4.7,1
104135,Electronics,COD,2505.34,6.27,2424,0,5,1,60,2348.26,,0
104136,Home,UPI,1666.35,8.18,365,0,2,2,59,3060.09,1.6,0
104137,Footwear,Debit Card,2277.97,33.57,690,0,5,3,58,4539.77,2.9,0
104138,Books,Credit Card,1212.81,55.31,1876,0,5,1,43,542.0,2.0,0
104139,Grocery,COD,3446.74,23.52,1039,0,6,3,58,7908.2,3.4,0
104140,Fashion,COD,2220.27,4.86,1760,1,4,4,37,8449.46,3.2,0
104141,Home,UPI,518.25,67.75,615,1,14,4,67,668.54,4.9,0
104142,Electronics,COD,4069.91,65.72,1656,0,13,1,63,1395.17,1.2,0
104143,Fashion,COD,3570.49,45.63,1408,1,1,3,49,5823.83,2.8,0
104144,Home,Credit Card,1943.76,47.73,146,0,7,1,55,1016.0,1.7,0
104145,Fashion,UPI,1676.69,65.36,827,0,5,1,61,580.81,1.1,1
104146,Electronics,COD,5048.72,45.07,764,0,12,4,48,11093.05,4.1,0
104147,Books,COD,362.62,55.19,1490,1,7,3,59,487.47,4.0,0
104148,Home,Credit Card,3615.48,32.45,1112,0,9,3,56,7326.77,4.7,0
104149,Home,Debit Card,915.1,15.96,1210,1,2,4,32,3076.2,3.4,0
104150,Fashion,Credit Card,3216.8,58.28,448,1,10,1,25,1342.05,2.0,0
104151,Home,UPI,1474.83,47.91,2324,1,7,3,47,2304.72,2.5,1
104152,Home,COD,495.55,20.27,1881,0,13,1,18,395.1,3.4,0
104153,Home,COD,900.35,43.63,1684,1,2,1,55,507.53,3.5,0
104154,Beauty,Credit Card,3033.23,57.15,710,2,5,4,53,5198.96,1.2,1
104155,Electronics,COD,1132.1,18.92,1716,1,12,2,23,1835.81,4.6,0
104156,Footwear,Credit Card,814.69,53.77,610,0,4,1,34,376.63,4.7,0
104157,Electronics,UPI,810.35,5.06,1231,2,4,4,45,3077.39,4.2,0
104158,Home,COD,2239.03,43.75,692,1,5,3,55,3778.36,2.0,0
104159,Fashion,UPI,5434.42,69.93,778,3,8,2,18,3268.26,2.4,1
104160,Home,COD,241.6,60.65,1634,0,1,4,46,380.28,,0
104161,Fashion,Debit Card,12588.61,61.3,805,1,9,3,30,14615.38,2.2,0
104162,Footwear,Credit Card,1576.55,47.63,1833,1,12,2,38,1651.28,2.6,0
104163,Fashion,Credit Card,2130.64,32.28,1274,0,5,2,43,2885.74,3.7,1
104164,Beauty,COD,944.82,47.41,2453,0,3,1,28,496.88,,0
104165,Fashion,Wallet,1335.67,22.48,504,1,5,2,33,2070.82,1.6,0
104166,Electronics,UPI,1562.45,38.69,2363,0,10,2,39,1915.88,,1
104167,Home,UPI,578.66,37.78,357,1,8,2,58,720.08,2.1,0
104168,Home,UPI,703.07,38.06,1387,1,9,1,32,435.48,2.9,0
104169,Home,COD,3455.26,28.84,949,1,12,1,51,2458.76,4.4,0
104170,Footwear,Credit Card,386.88,24.7,1888,1,14,3,36,873.96,1.7,0
104171,Books,COD,1906.13,23.12,352,1,7,2,31,2930.87,2.4,0
104172,Footwear,UPI,995.84,15.73,659,1,11,1,23,839.19,1.0,1
104173,Fashion,COD,621.06,30.7,599,1,7,3,18,1291.18,2.9,0
104174,Grocery,COD,6486.94,8.24,2304,1,2,1,35,5952.42,,0
104175,Beauty,Debit Card,624.15,63.11,1351,1,9,2,31,460.5,2.3,0
104176,Beauty,COD,542.35,4.88,435,2,14,4,57,2063.53,4.3,0
104177,Footwear,UPI,1153.35,58.62,1981,0,6,2,44,954.51,4.7,0
104178,Books,COD,724.26,16.89,735,1,8,1,20,601.93,2.5,1
104179,Footwear,Debit Card,1346.29,59.73,585,1,11,3,57,1626.45,2.1,1
104180,Books,UPI,1516.74,50.42,1251,0,12,1,38,752.0,4.0,0
104181,Electronics,Debit Card,1616.03,64.47,1985,1,1,3,49,1722.53,3.8,0
104182,Books,COD,1213.04,60.92,2103,1,1,4,24,1896.22,2.5,1
104183,Home,COD,763.77,49.08,68,0,7,2,20,777.82,4.6,0
104184,Footwear,COD,2241.1,10.62,2248,2,2,1,23,2003.1,2.8,0
104185,Grocery,COD,1224.94,38.43,2492,0,13,4,42,3016.78,4.7,0
104186,Electronics,Debit Card,901.0,23.79,822,0,10,3,63,2059.96,4.5,0
104187,Electronics,COD,4376.46,62.0,1306,0,9,2,67,3326.11,,0
104188,Electronics,COD,1215.55,61.06,959,1,9,1,59,473.34,1.4,0
104189,Home,COD,3208.6,21.98,1205,2,7,3,65,7510.05,2.1,0
104190,Electronics,UPI,3574.11,47.02,1641,2,1,4,57,7574.25,2.5,1
104191,Books,COD,3752.35,23.68,1636,0,11,1,56,2863.79,4.0,1
104192,Beauty,COD,2328.38,47.47,1202,1,7,2,39,2446.2,,0
104193,Grocery,Credit Card,1338.75,42.97,1203,0,6,2,32,1526.98,1.8,1
104194,Fashion,COD,1272.54,35.77,1236,0,7,2,50,1634.7,2.4,1
104195,Home,UPI,1101.8,61.49,1037,2,7,1,19,424.3,2.2,1
104196,Electronics,COD,236.63,17.22,334,1,14,3,27,587.65,4.3,1
104197,Footwear,Debit Card,2380.45,55.82,946,1,3,4,41,4206.73,,0
104198,Electronics,Debit Card,1628.76,48.27,1797,2,3,1,50,842.56,2.2,1
104199,Electronics,UPI,2592.61,19.69,2445,1,2,1,37,2082.13,1.2,0
104200,Fashion,Debit Card,1219.75,29.52,2037,0,9,2,58,1719.36,3.9,1
104201,Grocery,UPI,2279.84,4.83,2157,1,1,3,53,6509.17,2.9,0
104202,Electronics,Credit Card,444.96,41.83,1964,0,12,1,31,258.83,2.7,0
104203,Beauty,Credit Card,525.62,62.15,1270,1,11,4,21,795.79,2.4,0
104204,Books,UPI,184.76,8.25,1714,0,10,3,32,508.55,,0
104205,Grocery,Debit Card,1202.94,9.24,2096,0,7,2,66,2183.58,1.5,0
104206,Electronics,Credit Card,721.97,33.22,580,0,6,2,29,964.26,,0
104207,Electronics,COD,650.21,19.69,398,0,14,2,56,1044.37,4.7,0
104208,Home,COD,1750.61,19.39,687,0,12,3,53,4233.5,4.7,0
104209,Fashion,Credit Card,952.98,44.71,1337,1,3,1,68,526.9,4.0,1
104210,Books,COD,425.61,28.72,1971,1,4,2,66,606.75,2.6,1
104211,Fashion,Credit Card,10258.0,59.13,1141,1,4,2,62,8384.89,4.7,0
104212,Home,COD,1300.35,30.02,2457,1,7,2,34,1819.97,,1
104213,Electronics,Debit Card,563.11,43.07,832,0,9,4,40,1282.31,3.0,0
104214,Beauty,UPI,783.78,27.85,1171,1,4,1,43,565.5,,1
104215,Electronics,Debit Card,1166.18,17.92,2298,1,1,1,52,957.2,4.0,0
104216,Books,Debit Card,1164.22,32.99,451,1,6,2,25,1560.29,4.2,0
104217,Electronics,COD,3796.11,50.43,2086,1,8,2,61,3763.46,3.2,0
104218,Footwear,COD,1256.97,66.7,402,1,10,4,51,1674.28,,1
104219,Books,Debit Card,5908.61,2.95,2270,2,2,2,28,11468.61,2.6,0
104220,Electronics,UPI,947.72,37.23,828,0,10,3,20,1784.65,3.5,0
104221,Electronics,UPI,1883.99,44.52,1598,1,3,3,18,3135.71,1.9,0
104222,Fashion,Debit Card,3033.84,6.0,1787,0,5,3,36,8555.43,,1
104223,Electronics,UPI,3484.65,58.04,959,0,8,2,33,2924.32,1.2,1
104224,Fashion,UPI,3825.7,19.32,1389,0,2,4,25,12346.3,4.2,0
104225,Footwear,UPI,1077.49,61.24,1899,1,8,2,40,835.27,2.5,0
104226,Beauty,UPI,1333.56,38.68,2193,1,1,2,19,1635.48,2.8,0
104227,Electronics,COD,184.28,10.65,298,1,3,1,50,164.65,4.5,0
104228,Beauty,COD,1145.04,51.75,1253,1,8,4,40,2209.93,,1
104229,Fashion,Credit Card,3206.72,11.01,2137,3,4,4,31,11414.64,2.9,0
104230,Footwear,Credit Card,2744.82,50.43,1403,1,7,1,41,1360.61,2.2,0
104231,Electronics,UPI,1249.89,56.57,101,3,4,3,40,1628.48,4.2,0
104232,Books,COD,5215.09,40.29,339,1,8,4,61,12455.72,2.7,0
104233,Grocery,COD,985.15,18.98,2050,0,2,1,51,798.17,2.9,1
104234,Electronics,UPI,755.28,30.61,1075,4,3,3,30,1572.27,3.0,0
104235,Electronics,COD,921.01,36.96,1768,2,14,4,60,2322.42,3.7,0
104236,Fashion,UPI,545.68,46.6,2234,0,5,3,35,874.18,,0
104237,Footwear,COD,2203.75,44.37,248,1,10,4,29,4903.78,2.7,0
104238,Home,Credit Card,1687.13,28.03,1154,3,1,1,55,1214.23,3.6,0
104239,Books,Credit Card,2181.97,53.07,393,1,2,2,59,2048.0,3.5,0
104240,Grocery,COD,961.51,54.0,2110,1,12,3,18,1326.88,3.8,0
104241,Grocery,COD,1278.63,48.74,1147,2,6,4,66,2621.7,2.9,0
104242,Home,COD,234.46,19.05,2195,4,5,1,50,189.8,4.9,0
104243,Home,COD,1809.82,32.86,770,1,3,1,39,1215.11,3.3,1
104244,Books,COD,1449.64,30.29,388,0,4,2,57,2021.09,4.2,0
104245,Fashion,UPI,555.34,57.18,2172,0,4,4,46,951.19,2.9,0
104246,Footwear,COD,1231.85,56.57,1544,1,12,4,67,2139.97,,0
104247,Electronics,Credit Card,1089.77,60.63,506,0,14,4,18,1716.17,3.1,0
104248,Electronics,COD,5494.21,16.18,1744,1,1,3,45,13815.74,,0
104249,Grocery,UPI,573.12,52.39,1060,0,2,3,54,818.59,2.2,1
104250,Fashion,UPI,1746.1,60.93,145,1,9,2,19,1364.4,4.0,0
104251,Electronics,Wallet,559.69,11.65,673,1,13,3,63,1483.46,2.7,0
104252,Electronics,UPI,857.23,2.8,1882,2,5,1,36,833.23,3.6,1
104253,Home,COD,1671.46,7.39,344,0,12,1,19,1547.94,,0
104254,Grocery,Debit Card,1131.06,42.43,864,1,1,1,38,651.15,2.9,0
104255,Electronics,COD,1333.03,29.52,671,1,11,1,61,939.52,2.4,0
104256,Electronics,UPI,1747.91,13.65,1840,0,14,2,67,3018.64,,0
104257,Home,Credit Card,902.39,36.98,2154,0,7,2,25,1137.37,3.7,0
104258,Footwear,Credit Card,2717.09,54.99,1975,0,9,4,38,4891.85,,1
104259,Fashion,UPI,1049.02,59.91,1797,0,4,4,61,1682.21,2.0,0
104260,Footwear,UPI,1238.87,52.62,251,0,11,4,19,2347.91,,0
104261,Footwear,Wallet,1788.35,61.99,2288,2,12,1,46,679.75,2.1,0
104262,Fashion,COD,1606.16,42.29,429,0,12,3,46,2780.74,1.7,0
104263,Grocery,COD,2242.58,58.6,1031,0,12,2,37,1856.86,4.3,1
104264,Books,COD,1726.02,29.2,2074,1,2,3,34,3666.07,1.6,0
104265,Home,Credit Card,1949.3,59.67,623,2,8,1,66,786.15,3.6,1
104266,Home,Credit Card,1032.46,62.71,565,3,8,1,36,385.0,2.8,0
104267,Grocery,COD,569.63,48.05,95,0,1,2,49,591.85,,1
104268,Grocery,UPI,427.47,30.17,914,1,12,1,57,298.5,2.2,0
104269,Grocery,COD,351.93,19.72,1253,0,3,2,20,565.06,1.4,0
104270,Footwear,Debit Card,5487.24,22.76,1184,1,6,2,61,8476.69,1.4,0
104271,Home,UPI,228.1,9.26,128,2,1,4,57,827.91,2.4,0
104272,Grocery,Debit Card,3480.67,3.3,536,0,12,3,28,10097.42,4.0,0
104273,Footwear,Credit Card,694.58,29.01,40,1,3,1,27,493.08,2.6,0
104274,Fashion,COD,3460.45,2.99,585,0,8,3,47,10070.95,,0
104275,Electronics,COD,229.97,61.64,1523,1,8,1,66,88.22,,0
104276,Home,UPI,1109.79,45.5,51,0,2,4,64,2419.34,4.5,0
104277,Footwear,Credit Card,4286.47,59.06,437,0,12,1,26,1754.88,2.3,1
104278,Fashion,COD,2369.82,31.11,1373,0,1,1,49,1632.57,,0
104279,Books,Wallet,1022.69,15.68,1412,2,10,3,43,2587.0,2.4,1
104280,Electronics,Debit Card,283.05,20.32,2243,0,3,3,53,676.6,4.9,1
104281,Fashion,UPI,464.99,59.83,1446,2,9,3,45,560.36,3.5,0
104282,Beauty,Credit Card,4069.67,8.53,2316,0,4,4,47,14890.11,1.5,0
104283,Electronics,Wallet,1013.75,48.88,1817,1,11,1,47,518.23,1.6,1
104284,Footwear,COD,1264.64,15.8,1389,1,8,4,18,4259.31,4.1,0
104285,Electronics,COD,1680.47,24.72,976,0,9,1,45,1265.06,4.4,0
104286,Footwear,UPI,472.35,0.21,304,2,14,3,25,1414.07,1.3,0
104287,Fashion,UPI,1855.36,33.54,1771,1,7,2,40,2466.14,2.2,1
104288,Footwear,Credit Card,957.48,8.98,2347,2,11,3,46,2614.49,1.2,1
104289,Beauty,COD,1694.19,60.18,933,3,12,1,55,674.63,,0
104290,Electronics,COD,843.5,6.84,908,1,5,3,62,2357.41,1.6,0
104291,Electronics,UPI,380.51,17.53,271,0,5,4,26,1255.23,2.7,0
104292,Electronics,UPI,951.56,1.04,1506,0,10,2,48,1883.33,1.1,0
104293,Beauty,COD,2236.4,69.5,795,1,13,4,58,2728.41,,1
104294,Grocery,COD,1835.82,44.9,55,1,1,3,35,3034.61,2.6,1
104295,Home,Debit Card,1372.99,45.05,48,0,2,2,19,1508.92,2.6,0
104296,Home,UPI,2747.66,36.32,858,1,3,3,66,5249.13,4.8,0
104297,Beauty,Credit Card,1138.11,60.76,1172,0,9,3,61,1339.78,2.3,1
104298,Home,Debit Card,1401.11,10.09,1159,0,6,2,54,2519.48,1.2,1
104299,Books,Wallet,912.5,55.5,1858,0,8,2,56,812.12,2.6,1
104300,Home,COD,2879.28,56.5,1334,1,5,2,33,2504.97,2.9,0
104301,Books,Debit Card,1691.25,2.53,1968,1,6,1,59,1648.46,2.9,0
104302,Footwear,Debit Card,857.85,9.29,763,0,11,3,69,2334.47,2.9,0
104303,Fashion,Credit Card,406.98,38.3,603,0,7,3,33,753.32,2.3,0
104304,Electronics,UPI,3242.08,6.31,1362,0,6,3,42,9112.51,3.2,1
104305,Electronics,Debit Card,738.59,19.77,290,0,1,3,62,1777.71,4.5,0
104306,Beauty,Credit Card,1418.92,28.26,1918,1,6,2,29,2035.87,2.4,0
104307,Fashion,COD,8796.24,11.01,488,0,11,2,53,15655.55,,1
104308,Footwear,UPI,2543.27,49.29,2290,0,2,4,19,5158.77,4.4,0
104309,Beauty,COD,4860.61,34.65,2459,0,5,1,68,3176.41,2.6,0
104310,Home,COD,870.88,44.79,1357,1,4,1,21,480.81,1.5,1
104311,Grocery,Credit Card,3155.12,33.2,800,0,7,2,19,4215.24,2.7,0
104312,Fashion,Debit Card,1368.31,28.87,866,1,12,3,39,2919.84,3.0,0
104313,Grocery,Wallet,1795.1,34.47,1090,0,12,2,59,2352.66,4.5,0
104314,Electronics,UPI,6745.79,62.97,1213,1,6,1,28,2497.97,4.4,0
104315,Beauty,UPI,1071.79,27.72,216,2,9,2,50,1549.38,,0
104316,Footwear,COD,1360.22,44.96,517,1,12,1,35,748.67,2.5,1
104317,Grocery,Credit Card,650.3,58.38,1979,1,12,4,69,1082.62,2.1,0
104318,Footwear,Wallet,2726.5,43.48,160,1,9,1,42,1541.02,2.8,0
104319,Fashion,Credit Card,855.34,15.82,1137,2,2,1,41,720.03,2.3,0
104320,Grocery,UPI,3035.61,8.54,2191,0,6,4,19,11105.48,4.9,0
104321,Beauty,Credit Card,357.83,41.36,245,1,4,3,32,629.49,1.3,0
104322,Beauty,COD,2077.48,50.92,2316,0,10,1,18,1019.63,3.0,0
104323,Electronics,Debit Card,800.35,53.81,1198,1,4,4,63,1478.73,2.5,0
104324,Fashion,COD,2402.86,48.57,1075,2,1,1,42,1235.79,4.1,1
104325,Beauty,COD,1324.98,0.24,1791,0,13,1,34,1321.8,3.4,0
104326,Electronics,COD,872.82,54.17,1949,0,2,1,30,400.01,1.2,1
104327,Books,COD,983.14,42.32,1198,1,11,3,54,1701.23,,0
104328,Grocery,Credit Card,678.37,69.17,235,1,14,3,51,627.42,3.0,1
104329,Footwear,UPI,2618.17,53.52,2422,0,12,2,35,2433.85,3.5,0
104330,Electronics,Credit Card,578.88,30.11,51,0,7,1,32,404.58,,0
104331,Footwear,UPI,1081.75,47.33,2183,1,8,3,67,1709.27,3.0,0
104332,Electronics,Debit Card,1765.5,43.12,1102,0,11,2,21,2008.43,3.1,0
104333,Home,COD,4869.74,23.62,1301,0,4,4,45,14878.03,,0
104334,Grocery,COD,1329.5,37.35,1919,0,6,1,68,832.93,3.5,1
104335,Electronics,UPI,1103.22,14.31,2353,0,6,4,34,3781.4,4.6,0
104336,Electronics,Debit Card,1667.21,6.15,401,2,4,4,21,6258.71,1.1,1
104337,Electronics,UPI,254.99,51.31,2034,1,8,2,60,248.31,2.0,0
104338,Home,COD,513.41,26.89,1663,2,6,3,65,1126.06,,1
104339,Grocery,UPI,991.98,52.9,939,0,1,4,21,1868.89,3.2,0
104340,Electronics,UPI,757.2,34.18,1081,2,2,4,37,1993.56,4.0,0
104341,Electronics,Wallet,372.16,56.69,1935,1,9,3,22,483.55,3.6,0
104342,Beauty,COD,2660.38,51.77,375,1,8,1,64,1283.1,2.8,0
104343,Fashion,Wallet,1648.8,53.49,1279,0,12,4,61,3067.43,4.8,0
104344,Books,Credit Card,1498.49,30.05,1813,0,2,1,60,1048.19,2.4,0
104345,Footwear,UPI,768.78,67.28,1361,1,5,4,34,1006.18,4.1,1
104346,Grocery,Credit Card,1427.26,28.37,1136,2,6,4,55,4089.39,4.3,1
104347,Footwear,Debit Card,2021.43,55.52,1315,2,10,3,27,2697.4,1.4,1
104348,Home,Credit Card,1083.64,34.27,1293,0,7,2,25,1424.55,,0
104349,Grocery,UPI,1911.53,16.46,2015,0,7,1,48,1596.89,4.9,0
104350,Electronics,COD,708.5,44.02,2057,2,13,2,68,793.24,2.4,0
104351,Electronics,Credit Card,1448.07,32.84,2298,0,1,1,31,972.52,3.7,0
104352,Books,Debit Card,3340.91,18.48,208,0,13,4,42,10894.04,1.1,1
104353,Electronics,UPI,3588.95,26.78,819,1,4,4,69,10511.32,4.1,0
104354,Footwear,Credit Card,3874.11,11.2,2195,1,1,1,40,3440.21,2.4,0
104355,Books,Debit Card,1683.2,69.09,1615,0,8,1,60,520.28,3.3,0
104356,Footwear,Credit Card,1373.74,45.02,960,0,3,4,53,3021.13,1.2,0
104357,Fashion,Debit Card,935.39,12.15,1582,0,11,3,64,2465.22,1.4,1
104358,Home,Debit Card,315.45,53.52,1173,0,11,3,35,439.86,4.3,0
104359,Books,UPI,456.72,42.13,2222,0,6,3,61,792.91,3.2,0
104360,Fashion,UPI,1170.93,50.58,1408,1,11,2,60,1157.35,4.1,0
104361,Home,Credit Card,1228.28,40.91,1134,2,3,4,64,2903.16,1.6,0
104362,Books,COD,4145.5,4.23,1570,1,5,1,65,3970.15,2.3,0
104363,Footwear,Debit Card,3834.67,14.23,499,0,1,4,35,13155.99,,0
104364,Books,COD,773.41,53.81,1933,0,9,4,61,1428.95,3.3,0
104365,Electronics,COD,2577.72,52.8,531,0,11,1,53,1216.68,3.7,0
104366,Home,UPI,914.47,52.77,88,2,11,4,22,1727.62,1.8,0
104367,Beauty,Credit Card,2312.52,1.07,156,2,6,3,65,6863.33,3.2,0
104368,Electronics,Credit Card,2552.46,56.36,193,2,12,4,55,4455.57,3.9,0
104369,Home,Wallet,3617.99,30.74,278,1,10,4,53,10023.28,1.7,0
104370,Fashion,COD,903.15,48.56,155,0,9,4,21,1858.32,,1
104371,Electronics,COD,3015.26,19.05,774,3,4,1,69,2440.85,,0
104372,Home,COD,299.39,53.87,2403,0,12,2,68,276.22,4.9,1
104373,Electronics,COD,3778.08,68.76,283,0,11,2,63,2360.54,4.6,0
104374,Beauty,UPI,1312.89,17.75,1699,2,13,4,35,4319.41,,0
104375,Electronics,UPI,1335.44,54.89,2181,1,5,3,21,1807.25,4.3,0
104376,Books,Debit Card,262.45,42.35,2028,0,8,3,56,453.91,3.2,0
104377,Electronics,COD,981.49,19.12,924,1,1,2,44,1587.66,4.9,1
104378,Footwear,Credit Card,3961.52,20.6,160,1,9,1,31,3145.45,3.0,0
104379,Electronics,COD,952.07,51.21,940,2,8,2,32,929.03,1.8,0
104380,Home,Debit Card,2370.3,19.9,1515,2,12,2,53,3797.22,4.4,1
104381,Fashion,Debit Card,1376.97,3.35,1901,2,11,1,63,1330.84,4.8,0
104382,Fashion,COD,3134.22,61.18,380,0,14,1,48,1216.7,,0
104383,Home,UPI,1561.19,41.23,774,0,14,4,66,3670.05,,1
104384,Grocery,UPI,635.59,53.09,1515,0,3,1,47,298.16,4.1,0
104385,Footwear,COD,1401.31,42.23,1796,0,14,1,47,809.54,1.3,1
104386,Fashion,Debit Card,4822.14,36.15,797,0,1,1,36,3078.94,4.4,0
104387,Electronics,Debit Card,1994.43,53.9,2061,0,7,2,21,1838.86,4.4,1
104388,Books,COD,1220.29,2.25,2010,1,14,1,31,1192.83,2.2,0
104389,Beauty,COD,8140.4,21.83,919,1,9,3,36,19090.05,1.0,0
104390,Fashion,Debit Card,3385.89,43.92,1354,1,14,1,50,1898.81,1.0,1
104391,Grocery,UPI,2574.44,66.08,1210,0,8,1,27,873.25,4.9,0
104392,Home,Debit Card,1726.54,27.56,1681,3,10,4,44,5002.82,4.1,1
104393,Books,Debit Card,2402.39,68.27,825,0,8,2,45,1524.56,2.4,0
104394,Fashion,Debit Card,2465.59,52.87,844,0,13,2,44,2324.07,4.6,0
104395,Home,Credit Card,233.63,33.94,1075,1,2,1,69,154.34,4.6,0
104396,Electronics,COD,1837.11,30.04,563,2,6,2,27,2570.48,,0
104397,Grocery,Credit Card,1177.74,9.06,1464,2,10,1,35,1071.04,3.0,0
104398,Electronics,UPI,898.01,43.06,2396,0,7,1,37,511.33,4.3,0
104399,Grocery,UPI,1145.56,3.66,893,0,14,2,56,2207.27,1.2,0
104400,Grocery,UPI,385.8,30.04,2156,0,9,1,52,269.91,1.6,0
104401,Books,COD,316.18,16.64,1176,1,2,2,61,527.14,3.5,0
104402,Electronics,Credit Card,3630.78,66.94,439,1,9,2,45,2400.67,1.4,0
104403,Fashion,Debit Card,1938.61,25.43,1255,0,5,2,61,2891.24,1.2,0
104404,Home,COD,194.34,34.25,1263,1,7,4,19,511.11,1.4,0
104405,Beauty,COD,844.62,26.28,90,3,2,1,25,622.65,,0
104406,Footwear,UPI,2709.29,9.6,1213,1,13,2,49,4898.4,3.0,0
104407,Fashion,Debit Card,1070.61,24.68,434,1,6,2,30,1612.77,4.7,0
104408,Footwear,Debit Card,3626.43,54.53,1992,0,12,2,33,3297.88,2.7,1
104409,Electronics,COD,3102.0,43.48,1367,1,7,1,29,1753.25,3.1,0
104410,Fashion,Credit Card,452.43,30.62,781,0,14,2,25,627.79,4.3,0
104411,Electronics,COD,1194.33,57.44,36,2,6,2,33,1016.61,4.3,0
104412,Books,COD,935.92,0.29,1440,2,2,4,65,3732.82,,0
104413,Electronics,Credit Card,440.81,57.86,1769,0,7,1,20,185.76,3.9,0
104414,Fashion,COD,418.46,4.17,1077,1,1,2,69,802.02,4.5,0
104415,Grocery,Wallet,702.88,60.92,2266,2,12,1,46,274.69,4.3,0
104416,Home,Credit Card,802.12,66.33,514,1,13,4,58,1080.3,2.3,0
104417,Electronics,COD,1680.06,57.34,1893,1,3,3,56,2150.14,,0
104418,Electronics,COD,3088.28,1.37,1254,1,1,2,21,6091.94,4.0,0
104419,Home,UPI,2020.13,36.83,805,0,11,4,31,5104.46,2.0,0
104420,Fashion,COD,2441.33,58.02,741,1,10,3,63,3074.61,3.7,0
104421,Electronics,COD,1082.15,38.15,1141,0,12,1,51,669.31,1.4,0
104422,Beauty,Credit Card,2169.82,25.2,229,2,8,3,37,4869.08,2.1,1
104423,Fashion,COD,1189.51,32.95,1637,0,9,3,46,2392.7,,0
104424,Beauty,Debit Card,940.89,5.65,1039,1,4,3,40,2663.19,1.5,0
104425,Fashion,Credit Card,6109.99,34.74,1710,0,5,1,23,3987.38,1.4,0
104426,Electronics,COD,207.6,1.95,1302,0,9,3,66,610.66,4.8,0
104427,Electronics,UPI,299.27,45.09,2444,1,14,2,30,328.66,1.7,0
104428,Fashion,Credit Card,1819.21,27.33,234,1,5,1,62,1322.02,1.3,0
104429,Electronics,Debit Card,1083.57,13.39,1247,1,6,2,30,1876.96,4.0,0
104430,Fashion,COD,424.29,1.22,1354,0,9,2,49,838.23,3.6,0
104431,Footwear,Debit Card,576.12,64.55,646,1,1,1,43,204.23,3.5,1
104432,Grocery,COD,639.36,38.94,1690,2,10,1,63,390.39,4.6,0
104433,Fashion,Credit Card,2734.95,45.29,924,2,2,3,50,4488.87,3.7,1
104434,Beauty,COD,3533.09,54.56,1915,0,10,3,48,4816.31,3.7,0
104435,Beauty,Wallet,4972.36,43.86,2308,1,13,1,33,2791.48,2.8,0
104436,Grocery,COD,375.7,28.92,2138,1,13,1,63,267.05,3.3,0
104437,Fashion,UPI,448.68,43.93,1592,1,3,4,24,1006.3,4.1,0
104438,Fashion,UPI,424.75,17.68,1803,0,9,1,44,349.65,2.4,0
104439,Fashion,Credit Card,3755.91,39.29,2164,2,7,3,31,6840.64,1.1,0
104440,Electronics,COD,1870.16,14.39,2452,1,7,2,41,3202.09,,1
104441,Fashion,Credit Card,1428.18,64.22,1818,0,10,3,20,1533.01,,1
104442,Footwear,Wallet,1609.54,35.67,2285,2,14,1,53,1035.42,1.7,0
104443,Footwear,Debit Card,1279.95,16.37,2414,2,9,1,56,1070.42,3.8,0
104444,Electronics,Credit Card,546.26,44.77,464,1,8,4,54,1206.8,4.2,0
104445,Home,COD,2019.36,6.32,1268,2,10,2,54,3783.47,1.6,0
104446,Fashion,UPI,1154.12,30.38,912,0,8,2,19,1607.0,2.9,1
104447,Home,COD,512.73,60.62,2376,0,5,3,52,605.74,2.3,0
104448,Beauty,COD,2120.54,53.75,1867,1,12,2,35,1961.5,3.3,0
104449,Electronics,COD,952.77,49.24,2218,2,10,2,50,967.25,1.4,1
104450,Grocery,Credit Card,1606.78,32.94,893,0,8,1,51,1077.51,4.7,0
104451,Footwear,UPI,1211.99,31.28,2112,1,1,3,33,2498.64,1.3,0
104452,Books,UPI,2732.86,0.79,230,0,4,1,24,2711.27,4.3,0
104453,Books,COD,1597.4,42.0,2349,0,4,2,24,1852.98,1.8,1
104454,Home,Credit Card,660.53,40.39,597,2,10,2,41,787.48,4.1,0
104455,Fashion,UPI,1732.99,0.37,1328,2,2,3,49,5179.73,2.1,0
104456,Electronics,Credit Card,1778.9,9.59,1799,0,6,3,18,4824.91,4.2,0
104457,Beauty,COD,2016.39,0.87,1864,0,7,3,56,5996.54,4.7,0
104458,Electronics,Credit Card,3067.75,17.72,554,0,11,3,30,7572.43,4.7,1
104459,Grocery,Debit Card,818.29,0.27,1401,1,3,2,60,1632.16,4.5,0
104460,Home,Wallet,2285.52,29.22,1340,0,9,2,54,3235.38,2.7,0
104461,Home,Debit Card,337.02,33.35,1947,0,8,4,55,898.5,2.7,0
104462,Fashion,COD,1216.84,30.6,822,1,11,3,28,2533.46,,0
104463,Footwear,UPI,1075.21,13.96,1916,0,3,3,52,2775.33,4.6,0
104464,Electronics,COD,4265.34,36.65,1552,3,9,4,53,10808.37,2.9,0
104465,Electronics,UPI,1181.96,56.99,1903,3,6,1,60,508.36,2.6,1
104466,Electronics,Credit Card,2178.5,20.39,2191,0,4,1,47,1734.3,1.4,0
104467,Books,COD,327.2,21.88,1088,0,2,1,57,255.61,2.4,1
104468,Footwear,Credit Card,1010.9,38.0,1097,0,6,2,42,1253.52,2.9,0
104469,Fashion,COD,680.56,16.36,1996,1,7,3,67,1707.66,4.3,0
104470,Footwear,COD,9705.12,23.65,1961,2,1,4,54,29639.44,2.3,1
104471,Fashion,Debit Card,785.69,31.67,2194,0,12,3,18,1610.59,,0
104472,Beauty,UPI,1420.3,27.04,1389,0,10,3,59,3108.75,1.1,1
104473,Electronics,UPI,1482.17,57.28,1601,0,5,4,25,2532.73,,0
104474,Home,Credit Card,375.56,59.43,176,1,1,1,21,152.36,4.2,0
104475,Books,COD,879.34,28.2,1152,0,10,3,48,1894.1,1.7,0
104476,Home,Credit Card,1851.61,31.35,638,0,1,3,43,3813.39,4.9,0
104477,Fashion,Credit Card,1434.51,66.98,2137,1,6,1,38,473.68,1.2,0
104478,Grocery,COD,212.66,35.22,332,1,3,2,39,275.52,,1
104479,Footwear,UPI,851.0,69.51,1952,0,4,1,35,259.47,1.5,0
104480,Home,Wallet,3031.03,53.4,2096,1,11,2,65,2824.92,3.5,0
104481,Beauty,COD,2144.32,18.5,1189,0,5,3,56,5242.86,4.0,1
104482,Grocery,UPI,3549.02,16.04,1680,2,4,2,59,5959.51,1.9,1
104483,Fashion,Debit Card,608.8,11.13,1462,1,5,2,45,1082.08,3.2,0
104484,Footwear,COD,3732.16,56.43,1732,0,3,3,56,4878.31,4.1,0
104485,Fashion,Debit Card,1292.68,21.48,1723,0,11,4,45,4060.05,1.7,0
104486,Grocery,COD,4787.57,47.31,655,0,7,2,65,5045.14,3.1,1
104487,Electronics,COD,1342.98,37.81,1730,0,3,3,20,2505.6,3.1,0
104488,Fashion,Wallet,260.35,57.82,2257,4,5,2,59,219.63,4.1,0
104489,Home,Debit Card,2642.3,52.56,798,0,14,4,41,5014.03,2.4,0
104490,Home,COD,939.35,4.46,787,0,9,3,34,2692.36,3.6,0
104491,Footwear,Credit Card,991.3,23.69,752,1,10,4,49,3025.84,4.8,0
104492,Footwear,Wallet,418.85,36.41,2281,0,12,2,65,532.69,3.8,1
104493,Electronics,Credit Card,4903.77,56.25,2221,1,6,3,32,6436.2,1.1,0
104494,Fashion,UPI,882.82,49.98,889,1,5,2,42,883.17,1.6,1
104495,Fashion,UPI,4722.19,38.46,2344,1,14,3,30,8718.11,2.6,0
104496,Home,COD,948.62,56.59,1910,0,8,1,60,411.8,2.6,0
104497,Home,Debit Card,637.66,30.44,1023,0,4,3,46,1330.67,2.3,0
104498,Footwear,Debit Card,3849.21,3.9,2068,1,13,1,33,3699.09,2.8,1
104499,Grocery,UPI,1263.11,60.94,2286,0,11,3,65,1480.11,4.8,0
104500,Electronics,Credit Card,1273.01,36.86,2175,0,6,2,29,1607.56,4.2,0
104501,Home,COD,480.44,56.59,1192,0,4,4,24,834.24,1.6,0
104502,Beauty,COD,928.81,27.45,565,0,10,1,31,673.85,2.8,0
104503,Home,Debit Card,1887.4,41.2,442,1,8,1,34,1109.79,3.7,0
104504,Electronics,UPI,473.74,23.18,2073,1,4,3,31,1091.78,1.7,0
104505,Fashion,UPI,870.21,28.67,1840,1,1,4,21,2482.88,1.2,0
104506,Home,Debit Card,956.85,10.32,1780,1,12,4,69,3432.41,4.8,0
104507,Electronics,COD,1412.55,51.91,143,0,12,3,34,2037.89,4.1,0
104508,Grocery,COD,4374.94,19.62,2414,0,13,2,67,7033.15,4.5,0
104509,Fashion,UPI,1053.67,21.12,311,1,6,2,54,1662.27,4.1,0
104510,Beauty,Credit Card,770.93,24.79,1463,0,10,4,59,2319.27,3.7,0
104511,Home,UPI,12053.33,30.25,2354,1,9,1,34,8407.2,4.1,0
104512,Footwear,COD,947.14,40.33,627,0,4,4,52,2260.63,3.1,0
104513,Electronics,Credit Card,1149.95,47.8,1308,0,13,2,38,1200.55,2.0,0
104514,Electronics,UPI,1005.99,47.3,2105,0,5,2,36,1060.31,1.4,0
104515,Fashion,COD,1073.4,29.66,687,1,1,3,66,2265.09,3.4,0
104516,Home,COD,1425.39,33.73,281,0,3,2,62,1889.21,1.9,0
104517,Fashion,Debit Card,2797.94,9.82,1216,2,14,1,36,2523.18,4.3,0
104518,Grocery,Debit Card,1850.46,36.51,1993,0,1,2,18,2349.71,3.1,0
104519,Fashion,Wallet,3170.6,61.39,1458,0,8,1,46,1224.17,5.0,0
104520,Electronics,UPI,3087.83,32.23,1123,1,7,3,67,6277.87,2.5,0
104521,Home,UPI,1582.63,65.66,1608,0,11,2,66,1086.95,2.7,0
104522,Grocery,COD,1809.94,10.9,157,3,12,2,42,3225.31,2.1,0
104523,Footwear,Credit Card,3251.88,51.58,890,1,7,2,44,3149.12,2.1,0
104524,Books,UPI,550.61,49.56,2198,1,9,1,62,277.73,2.9,0
104525,Beauty,Credit Card,9882.98,47.71,986,3,12,4,26,20671.24,1.3,0
104526,Books,Wallet,888.85,46.4,2413,0,12,2,32,952.85,4.3,1
104527,Books,Debit Card,1011.54,1.56,1387,1,13,3,25,2987.28,1.4,0
104528,Fashion,COD,508.0,51.95,2336,1,10,2,48,488.19,,0
104529,Beauty,Credit Card,520.23,34.98,1577,0,6,2,64,676.51,2.6,0
104530,Grocery,Debit Card,2919.67,36.69,1064,0,8,1,34,1848.44,2.8,0
104531,Fashion,COD,8235.05,3.56,2305,1,11,4,64,31767.53,4.9,0
104532,Books,COD,850.83,13.19,696,1,5,3,44,2215.82,4.0,0
104533,Home,UPI,1768.44,63.77,998,0,14,2,31,1281.41,2.1,0
104534,Home,COD,1597.4,22.09,1814,1,7,3,67,3733.6,,1
104535,Electronics,COD,2981.54,27.57,2190,1,11,4,50,8638.12,1.6,1
104536,Books,Debit Card,7902.79,13.24,507,1,8,3,46,20569.38,3.6,0
104537,Footwear,UPI,4522.31,44.25,2483,0,14,4,26,10084.75,3.6,1
104538,Electronics,Credit Card,1106.63,51.85,1093,2,10,3,46,1598.53,4.6,0
104539,Fashion,Wallet,2044.72,64.49,867,0,11,3,30,2178.24,2.1,0
104540,Electronics,UPI,2213.76,39.34,347,0,11,2,39,2685.73,1.3,0
104541,Electronics,Credit Card,1318.07,19.29,97,1,5,3,65,3191.44,1.9,0
104542,Footwear,COD,557.38,4.97,1406,0,5,3,69,1589.03,4.9,0
104543,Home,UPI,706.96,18.63,1522,1,12,4,38,2301.01,5.0,1
104544,Fashion,COD,3356.06,43.29,261,1,7,3,34,5709.66,2.4,1
104545,Fashion,UPI,3644.76,68.19,2262,3,10,2,28,2318.8,,0
104546,Footwear,Debit Card,1134.5,5.54,1373,0,8,2,28,2143.3,4.4,0
104547,Fashion,Credit Card,1650.52,27.19,161,0,1,2,45,2403.49,2.9,0
104548,Books,Debit Card,3490.54,46.71,2108,0,7,4,68,7440.44,4.8,0
104549,Fashion,Credit Card,342.61,40.22,516,1,3,1,62,204.81,4.4,0
104550,Electronics,UPI,937.22,45.62,1692,2,2,3,33,1528.98,,0
104551,Books,COD,6729.78,32.42,1700,2,4,2,61,9095.97,3.5,1
104552,Electronics,UPI,1701.81,18.69,2031,0,5,1,42,1383.74,1.8,0
104553,Books,COD,542.74,33.79,2029,0,11,1,52,359.35,,1
104554,Fashion,UPI,1471.19,26.71,2464,1,4,1,31,1078.24,4.5,0
104555,Books,UPI,3032.52,49.65,244,2,12,4,60,6107.5,2.0,0
104556,Grocery,Credit Card,174.65,12.01,931,0,3,4,42,614.7,,0
104557,Books,COD,1542.3,34.73,928,0,12,1,58,1006.66,4.4,1
104558,Electronics,UPI,994.33,67.13,959,1,8,2,30,653.67,1.2,0
104559,Books,UPI,360.11,37.23,619,0,1,2,68,452.08,3.9,0
104560,Footwear,COD,1430.16,16.6,607,1,2,1,39,1192.75,3.5,1
104561,Fashion,Credit Card,1200.89,65.51,2413,0,2,2,52,828.37,1.2,0
104562,Fashion,UPI,1313.86,17.09,2250,1,6,4,45,4357.29,1.7,0
104563,Grocery,COD,1013.73,52.58,1715,0,5,2,49,961.42,,0
104564,Electronics,Debit Card,591.66,7.67,1400,0,1,3,31,1638.84,1.9,0
104565,Books,Credit Card,418.28,59.65,1204,1,10,4,65,675.1,1.7,0
104566,Grocery,COD,770.81,12.64,1714,1,12,1,28,673.38,4.4,1
104567,Electronics,UPI,2663.51,27.59,2160,1,12,4,36,7714.59,4.7,0
104568,Beauty,COD,1613.98,67.59,1082,1,3,2,40,1046.18,1.7,1
104569,Beauty,UPI,1267.32,40.56,1358,2,13,3,43,2259.89,3.3,0
104570,Fashion,Debit Card,583.0,18.48,2282,0,6,4,29,1901.05,2.7,0
104571,Footwear,Credit Card,993.14,0.04,2280,0,3,3,62,2978.23,2.5,0
104572,Electronics,Credit Card,2415.66,0.48,597,0,2,2,50,4808.13,4.8,0
104573,Fashion,Credit Card,2005.86,19.22,619,0,11,4,68,6481.33,1.2,0
104574,Grocery,UPI,914.38,36.88,534,3,4,1,36,577.16,4.9,1
104575,Electronics,Debit Card,165.82,33.94,97,1,9,2,39,219.08,2.3,0
104576,Grocery,UPI,780.65,64.53,1745,0,8,3,47,830.69,3.3,0
104577,Electronics,Credit Card,910.36,53.49,1088,1,13,2,48,846.82,4.7,0
104578,Home,COD,648.28,64.73,108,0,11,4,26,914.59,3.6,1
104579,Electronics,COD,962.43,35.82,534,3,11,1,61,617.69,,0
104580,Books,UPI,2574.06,31.27,1344,1,7,3,69,5307.45,1.4,1
104581,Grocery,Credit Card,1300.06,39.63,2094,0,8,1,44,784.85,3.3,0
104582,Grocery,Credit Card,2956.49,26.05,1667,1,3,3,37,6558.97,,0
104583,Footwear,Credit Card,400.74,14.76,1346,0,11,4,39,1366.36,2.7,0
104584,Books,Credit Card,1049.37,58.57,490,1,11,4,21,1739.02,1.9,0
104585,Grocery,Debit Card,283.95,47.64,742,1,5,4,21,594.7,3.5,0
104586,Home,Debit Card,952.16,22.8,1961,2,2,3,37,2205.2,3.1,0
104587,Footwear,Wallet,580.26,31.24,1940,2,12,2,29,797.97,1.5,0
104588,Beauty,COD,3733.13,15.78,2174,1,11,2,33,6288.08,3.9,0
104589,Footwear,Debit Card,1858.95,39.4,1331,0,11,1,35,1126.52,2.1,0
104590,Fashion,COD,3016.53,25.09,704,0,1,3,27,6779.05,3.3,0
104591,Home,UPI,950.06,61.29,1271,0,12,3,38,1103.3,4.5,0
104592,Books,Debit Card,592.43,36.99,2243,0,6,4,19,1493.16,2.6,0
104593,Fashion,Credit Card,577.52,28.82,476,3,4,4,58,1644.31,3.6,0
104594,Fashion,UPI,1656.32,52.47,2121,0,8,1,54,787.25,4.4,0
104595,Footwear,Credit Card,5699.47,63.36,2488,0,12,4,26,8353.14,3.5,0
104596,Home,COD,1862.93,57.22,2055,0,12,2,26,1593.92,,1
104597,Electronics,Credit Card,992.46,34.64,1657,1,3,3,21,1946.02,1.3,0
104598,Fashion,COD,1151.69,24.95,1040,1,14,3,27,2593.03,2.5,0
104599,Fashion,UPI,1306.31,46.35,2141,1,11,3,48,2102.51,3.8,0
104600,Beauty,UPI,6777.16,57.18,427,0,14,2,21,5803.96,,1
104601,Footwear,UPI,3593.52,68.5,1906,0,14,1,18,1131.96,,0
104602,Footwear,UPI,1649.07,32.01,1022,0,8,3,47,3363.61,2.3,0
104603,Books,UPI,1462.33,46.78,1272,1,1,1,66,778.25,3.9,0
104604,Books,Credit Card,1701.87,20.52,1174,1,2,3,42,4057.94,4.1,0
104605,Fashion,COD,1989.07,6.12,54,3,9,2,31,3734.68,3.5,0
104606,Footwear,Credit Card,962.41,17.71,2467,2,2,1,61,791.97,4.6,0
104607,Fashion,UPI,681.8,1.01,1676,0,10,3,61,2024.74,3.1,1
104608,Electronics,UPI,3058.79,35.66,1512,0,2,1,61,1968.03,,0
104609,Footwear,UPI,1363.19,26.12,278,1,12,4,37,4028.5,,0
104610,Footwear,COD,2861.16,47.48,1953,2,4,1,20,1502.68,,0
104611,Fashion,COD,4998.67,43.07,2404,0,2,4,69,11382.97,,0
104612,Books,UPI,2031.42,11.75,2042,1,5,4,64,7170.91,4.6,0
104613,Home,COD,1784.4,47.17,645,1,13,2,44,1885.4,,0
104614,Fashion,Debit Card,17330.0,13.12,478,0,8,3,58,45168.91,4.4,0
104615,Fashion,Credit Card,1580.69,0.42,937,0,14,2,68,3148.1,,0
104616,Electronics,COD,559.79,67.91,85,2,4,1,21,179.64,4.6,0
104617,Home,Debit Card,1069.58,1.89,1392,0,10,2,42,2098.73,1.7,0
104618,Home,Wallet,4634.8,23.92,1161,1,3,2,62,7052.31,4.5,0
104619,Home,UPI,475.64,44.63,1271,0,7,3,55,790.09,3.2,0
104620,Fashion,Credit Card,733.65,25.93,2475,1,6,3,23,1630.24,2.1,0
104621,Footwear,Credit Card,3245.88,26.68,1648,0,9,4,21,9519.52,2.3,0
104622,Beauty,UPI,1077.83,50.59,1059,0,10,3,34,1597.67,2.1,0
104623,Footwear,Debit Card,1226.36,42.15,1965,1,1,4,41,2837.8,3.9,0
104624,Electronics,Credit Card,3161.17,36.29,943,0,10,4,24,8055.93,3.9,0
104625,Beauty,Debit Card,754.87,62.04,1901,1,11,4,32,1146.19,2.7,0
104626,Grocery,COD,413.69,7.57,2333,0,6,2,44,764.75,2.7,0
104627,Fashion,COD,440.93,32.88,2272,0,1,3,59,887.86,1.9,0
104628,Electronics,UPI,2133.3,16.73,1311,0,6,4,47,7105.6,2.6,0
104629,Fashion,Debit Card,1647.98,2.58,1190,1,5,3,45,4816.39,3.7,0
104630,Fashion,COD,769.66,68.53,1012,2,12,1,56,242.21,,1
104631,Home,COD,530.05,51.38,1349,1,2,4,51,1030.84,1.5,0
104632,Fashion,Wallet,1078.73,15.13,2342,0,5,4,29,3662.07,3.9,0
104633,Fashion,Debit Card,3272.19,28.17,2188,0,11,3,31,7051.24,5.0,0
104634,Beauty,Debit Card,686.32,15.82,1527,1,14,4,24,2310.98,4.2,0
104635,Electronics,COD,788.28,47.94,727,1,9,1,24,410.38,1.0,0
104636,Fashion,Wallet,516.76,24.53,960,0,1,4,61,1560.0,,1
104637,Books,UPI,998.32,64.39,637,2,10,2,53,711.0,1.1,0
104638,Electronics,Credit Card,1755.42,14.53,490,0,1,4,51,6001.43,1.5,1
104639,Fashion,COD,7274.54,24.49,52,0,1,1,40,5493.01,,1
104640,Fashion,Debit Card,1594.36,65.23,1941,1,10,3,22,1663.08,3.0,0
104641,Electronics,UPI,1283.13,61.93,1854,1,6,1,39,488.49,4.4,1
104642,Home,UPI,2671.38,20.52,472,1,1,4,25,8492.85,4.3,0
104643,Electronics,Wallet,2337.82,33.81,1728,1,6,2,68,3094.81,2.5,0
104644,Fashion,Debit Card,843.76,61.86,438,0,6,4,38,1287.24,2.9,0
104645,Footwear,COD,8447.69,46.94,713,0,9,3,24,13447.03,1.7,1
104646,Footwear,Credit Card,1313.56,44.61,668,0,14,2,32,1455.16,4.8,1
104647,Fashion,UPI,1618.25,46.24,350,1,2,1,51,869.97,2.1,0
104648,Fashion,COD,2081.99,64.47,1830,1,10,2,41,1479.46,1.8,0
104649,Home,COD,1766.4,36.2,135,0,10,2,21,2253.93,5.0,0
104650,Grocery,UPI,4538.35,12.72,1031,2,14,2,36,7922.14,1.8,0
104651,Grocery,Credit Card,835.54,33.09,1235,0,6,2,53,1118.12,1.7,0
104652,Electronics,UPI,2506.66,51.02,1455,0,3,1,45,1227.76,4.9,0
104653,Electronics,COD,1527.91,34.45,507,1,13,4,47,4006.18,1.3,1
104654,Home,COD,2940.04,21.93,1194,0,1,4,52,9181.16,,0
104655,Footwear,COD,1127.79,46.64,1989,2,7,1,55,601.79,,0
104656,Footwear,Debit Card,1011.98,31.52,954,1,10,1,40,693.0,2.2,0
104657,Electronics,UPI,2405.85,67.4,2376,1,2,1,57,784.31,4.5,0
104658,Beauty,Credit Card,1783.61,24.65,1091,3,5,2,65,2687.9,3.9,0
104659,Electronics,Credit Card,694.9,50.22,1948,2,2,3,24,1037.76,3.2,0
104660,Books,COD,3930.37,38.86,311,0,12,2,55,4806.06,1.0,0
104661,Footwear,UPI,2406.69,5.43,2133,1,4,3,32,6828.02,2.1,0
104662,Home,Wallet,1262.23,32.88,1214,1,9,2,23,1694.42,4.6,1
104663,Electronics,UPI,920.96,2.04,2477,1,4,1,31,902.17,2.0,0
104664,Beauty,COD,1792.39,55.29,1760,1,10,1,66,801.38,1.1,1
104665,Home,Debit Card,2271.94,51.42,1859,1,12,4,49,4414.83,1.9,0
104666,Grocery,COD,374.18,3.54,396,2,1,4,41,1443.74,4.0,0
104667,Fashion,COD,1809.03,34.98,1431,0,11,2,31,2352.46,4.4,0
104668,Footwear,COD,2257.57,67.31,1853,0,10,3,45,2214.0,2.1,0
104669,Fashion,COD,203.98,19.92,2030,2,2,3,44,490.04,1.9,0
104670,Electronics,COD,1567.05,63.3,959,1,4,2,39,1150.21,4.3,0
104671,Fashion,UPI,2334.81,10.58,1422,2,12,3,40,6263.36,1.8,0
104672,Electronics,COD,2131.76,0.46,458,2,7,2,55,4243.91,2.5,0
104673,Fashion,UPI,2545.19,37.14,1098,1,2,1,48,1599.91,2.5,0
104674,Books,UPI,1030.65,16.75,1205,0,9,2,19,1716.03,2.6,0
104675,Electronics,Debit Card,582.93,61.55,110,0,11,1,36,224.14,1.3,0
104676,Electronics,Credit Card,317.41,47.17,2294,1,7,2,21,335.38,4.4,0
104677,Electronics,UPI,3209.21,48.08,1618,4,2,2,66,3332.44,1.9,1
104678,Electronics,COD,2350.66,47.13,482,0,2,2,34,2485.59,,1
104679,Footwear,Credit Card,3411.1,47.53,2246,1,6,1,68,1789.8,3.5,0
104680,Footwear,Credit Card,749.86,52.3,1737,0,7,4,30,1430.73,4.2,0
104681,Electronics,UPI,2548.01,46.89,1742,0,11,1,36,1353.25,3.3,0
104682,Grocery,UPI,402.56,58.4,2334,0,10,2,39,334.93,2.4,0
104683,Books,UPI,668.08,39.07,1028,2,4,2,65,814.12,,0
104684,Footwear,Debit Card,1481.46,24.55,907,1,10,2,22,2235.52,3.0,0
104685,Fashion,Credit Card,2276.89,32.68,1553,0,2,2,59,3065.6,3.2,0
104686,Fashion,UPI,5131.79,30.82,2224,1,3,4,52,14200.69,2.4,1
104687,Home,UPI,1105.38,23.28,2038,3,12,4,29,3392.19,3.5,1
104688,Footwear,Credit Card,670.08,29.08,1973,0,13,1,61,475.22,4.2,0
104689,Books,Wallet,643.09,26.95,1917,1,10,3,47,1409.33,1.1,0
104690,Home,UPI,772.57,7.78,116,0,7,3,44,2137.39,4.2,1
104691,Fashion,Credit Card,7917.43,58.14,1243,0,13,4,37,13256.94,3.4,1
104692,Books,COD,2454.06,52.95,908,3,5,2,39,2309.27,2.3,0
104693,Footwear,COD,3261.77,23.63,923,1,9,2,59,4982.03,3.8,1
104694,Fashion,UPI,1106.34,66.16,2144,1,10,4,68,1497.54,3.8,0
104695,Books,COD,1337.67,66.46,1010,1,2,2,64,897.31,4.0,0
104696,Home,Credit Card,2343.53,59.97,2096,0,14,3,35,2814.35,,0
104697,Home,Debit Card,893.69,2.06,2272,0,9,2,50,1750.56,3.3,0
104698,Home,UPI,1060.99,25.99,1154,0,4,4,69,3140.95,2.9,0
104699,Grocery,UPI,780.74,32.01,449,1,12,1,50,530.83,2.5,1
104700,Footwear,UPI,936.37,50.31,1755,1,6,4,18,1861.13,1.5,0
104701,Home,Credit Card,1392.96,44.44,2161,2,2,1,55,773.93,4.7,0
104702,Fashion,COD,694.11,47.49,1033,1,10,3,47,1093.43,,0
104703,Fashion,Debit Card,1683.76,53.7,512,0,2,1,43,779.58,3.6,0
104704,Electronics,COD,1681.88,66.39,1315,0,9,1,19,565.28,,0
104705,Fashion,Debit Card,1160.49,38.61,2452,0,10,3,42,2137.27,4.3,0
104706,Electronics,Wallet,690.93,63.28,1307,3,3,4,59,1014.84,2.9,1
104707,Home,Debit Card,1456.76,57.04,1137,1,12,2,47,1251.65,1.7,0
104708,Electronics,Debit Card,894.33,23.65,1116,0,7,1,31,682.82,1.6,0
104709,Fashion,Debit Card,1390.3,56.96,1841,4,5,1,60,598.39,2.6,1
104710,Grocery,UPI,3224.4,8.21,872,3,2,4,41,11838.71,3.1,1
104711,Fashion,Credit Card,491.59,11.11,1831,0,11,4,51,1747.9,3.5,1
104712,Beauty,Credit Card,7621.96,69.47,2466,0,3,2,18,4653.97,4.4,0
104713,Footwear,COD,1263.93,30.01,1938,0,3,2,25,1769.25,,0
104714,Beauty,Debit Card,1862.12,32.24,2323,3,4,3,28,3785.32,4.1,0
104715,Electronics,COD,733.48,66.57,1979,1,7,4,25,980.81,1.9,0
104716,Fashion,Credit Card,3340.14,25.33,2113,1,13,3,40,7482.25,4.5,0
104717,Beauty,UPI,1211.36,16.59,126,3,11,4,39,4041.58,1.4,1
104718,Home,COD,977.21,5.45,901,0,11,4,22,3695.81,4.2,1
104719,Electronics,Debit Card,845.21,36.58,705,1,3,2,52,1072.06,2.1,0
104720,Home,COD,1080.53,13.98,2162,1,10,3,43,2788.42,,1
104721,Home,COD,1871.84,4.54,597,0,5,1,38,1786.86,,0
104722,Fashion,COD,1538.02,56.91,2420,2,7,1,30,662.73,3.3,1
104723,Beauty,COD,1297.39,23.0,1755,3,9,4,37,3995.96,,0
104724,Electronics,Wallet,758.14,40.56,336,1,3,2,26,901.28,3.4,0
104725,Fashion,Wallet,723.91,7.33,1717,1,5,4,64,2683.39,1.9,0
104726,Grocery,UPI,926.39,35.39,876,0,6,2,44,1197.08,2.6,0
104727,Fashion,Debit Card,1935.69,44.23,763,0,13,4,63,4318.14,1.4,1
104728,Beauty,UPI,2275.17,31.49,2485,1,14,2,62,3117.44,2.3,0
104729,Home,UPI,2534.21,23.62,1990,0,14,1,42,1935.63,2.2,0
104730,Fashion,Credit Card,1337.86,21.77,1915,1,8,2,38,2093.22,3.6,0
104731,Footwear,COD,1820.47,7.66,799,1,9,3,55,5043.07,,0
104732,Fashion,UPI,1170.56,8.1,1666,1,11,2,37,2151.49,2.1,0
104733,Fashion,Wallet,332.34,34.7,877,0,11,2,41,434.04,4.4,0
104734,Footwear,COD,1126.94,9.72,1519,0,10,4,39,4069.61,4.5,0
104735,Books,Credit Card,992.02,15.64,1015,0,13,2,49,1673.74,3.5,0
104736,Books,Credit Card,583.34,11.54,1535,0,6,3,20,1548.07,,0
104737,Electronics,Credit Card,850.72,56.17,1869,1,10,1,32,372.87,4.2,0
104738,Electronics,UPI,1492.3,31.48,808,0,9,4,53,4090.1,2.5,1
104739,Beauty,Credit Card,540.99,38.68,59,1,11,3,43,995.21,,0
104740,Fashion,UPI,758.52,40.81,269,2,14,1,53,448.97,,0
104741,Fashion,UPI,4620.79,27.75,2268,0,2,3,51,10015.56,1.3,0
104742,Grocery,COD,371.61,20.89,2399,1,12,3,35,881.94,3.9,1
104743,Fashion,UPI,1156.85,26.77,1739,1,12,4,40,3388.65,2.3,0
104744,Electronics,UPI,526.87,37.44,294,1,13,2,21,659.22,1.1,0
104745,Electronics,Credit Card,734.13,25.1,1478,1,4,1,57,549.86,1.7,0
104746,Home,Credit Card,1143.46,9.56,1098,1,9,1,41,1034.15,2.5,0
104747,Beauty,UPI,607.86,63.96,616,0,1,4,31,876.29,1.9,0
104748,Footwear,Credit Card,2119.94,51.27,966,1,1,1,45,1033.05,,0
104749,Electronics,COD,3947.83,4.64,1970,1,9,2,18,7529.3,1.7,1
104750,Electronics,COD,2626.33,63.4,2491,0,14,4,39,3844.95,,0
104751,Home,COD,3040.24,11.93,2185,0,4,4,65,10710.16,1.5,0
104752,Fashion,Debit Card,444.17,6.84,533,1,12,2,37,827.58,4.1,0
104753,Home,COD,1102.73,12.13,1268,0,2,3,36,2906.91,4.4,0
104754,Footwear,Debit Card,1946.79,65.31,1334,0,1,3,41,2026.02,3.9,0
104755,Home,Credit Card,2689.08,15.49,752,0,9,1,31,2272.54,2.0,1
104756,Home,UPI,5446.25,55.09,1104,0,4,2,29,4891.82,3.3,0
104757,Footwear,Credit Card,3150.23,45.01,969,2,2,4,42,6929.25,1.2,0
104758,Electronics,UPI,2744.05,36.28,201,0,13,3,52,5245.53,4.8,0
104759,Footwear,UPI,11013.49,25.59,1058,0,13,3,30,24585.41,1.0,0
104760,Home,COD,1446.71,6.51,929,0,1,4,29,5410.12,1.9,1
104761,Home,Debit Card,1062.9,49.75,785,0,14,1,56,534.11,1.3,0
104762,Footwear,COD,1543.62,27.63,1546,1,1,3,44,3351.35,,0
104763,Home,UPI,644.17,37.45,1789,0,11,1,33,402.93,1.2,1
104764,Home,Debit Card,1413.9,3.62,145,1,11,1,62,1362.72,1.0,0
104765,Fashion,COD,336.47,54.32,875,2,5,4,69,614.8,,1
104766,Books,COD,876.89,48.46,106,1,2,4,62,1807.8,4.5,1
104767,Beauty,Credit Card,1221.38,37.05,2058,0,8,4,32,3075.43,2.6,0
104768,Fashion,UPI,2863.24,34.74,2320,2,13,2,68,3737.1,4.8,0
104769,Books,UPI,3258.01,23.59,1175,0,1,3,36,7468.34,4.8,0
104770,Beauty,COD,619.62,23.97,2364,2,12,1,22,471.1,3.9,0
104771,Fashion,COD,7050.31,4.79,1583,1,9,1,45,6712.6,,0
104772,Electronics,Credit Card,1508.24,48.07,2176,1,14,1,67,783.23,4.9,0
104773,Home,Debit Card,1623.01,3.15,2371,0,4,2,18,3143.77,2.8,0
104774,Electronics,COD,367.18,0.1,1479,1,10,2,18,733.63,2.9,0
104775,Electronics,COD,815.62,2.17,1131,2,7,1,18,797.92,3.5,0
104776,Home,UPI,3102.18,14.24,1862,0,9,4,61,10641.72,3.9,0
104777,Electronics,Credit Card,1534.29,39.91,450,5,3,3,30,2765.86,,1
104778,Fashion,UPI,1460.09,47.68,762,1,7,2,43,1527.84,4.9,0
104779,Books,Credit Card,1606.38,29.45,1388,1,14,2,22,2266.6,2.7,0
104780,Fashion,Credit Card,422.18,28.6,527,0,12,3,67,904.31,1.6,0
104781,Footwear,Debit Card,1239.81,40.38,1256,0,3,2,57,1478.35,4.7,0
104782,Footwear,COD,4132.61,41.78,2144,0,1,4,47,9624.02,1.5,0
104783,Beauty,COD,3195.08,59.15,1962,0,6,4,63,5220.76,3.2,0
104784,Footwear,Wallet,1211.77,57.34,2231,0,4,1,28,516.94,1.7,0
104785,Footwear,UPI,4679.45,57.65,2154,0,4,4,39,7926.99,2.4,0
104786,Fashion,UPI,489.18,59.09,850,0,3,2,68,400.25,3.1,1
104787,Books,COD,615.63,61.59,1790,1,8,1,44,236.46,3.8,0
104788,Electronics,COD,5948.52,38.87,948,1,2,4,33,14545.32,,0
104789,Books,COD,2126.81,41.66,2429,1,13,2,49,2481.56,,0
104790,Home,UPI,1063.04,50.91,466,3,1,1,66,521.85,3.1,0
104791,Electronics,UPI,1281.45,13.93,694,0,3,3,22,3308.83,2.2,0
104792,Fashion,Credit Card,702.53,25.23,2355,2,8,2,69,1050.56,3.1,0
104793,Footwear,Wallet,1671.16,63.89,620,0,2,1,42,603.46,2.5,0
104794,Fashion,COD,1568.56,36.59,1560,4,8,3,22,2983.87,,0
104795,Electronics,Debit Card,1360.91,3.63,749,0,2,2,67,2623.02,4.7,1
104796,Electronics,COD,529.64,28.39,732,1,13,3,47,1137.83,3.1,0
104797,Home,COD,1655.41,11.26,1687,1,9,1,28,1469.01,1.2,1
104798,Grocery,UPI,876.9,24.94,1993,1,5,2,27,1316.4,3.7,1
104799,Grocery,UPI,608.63,38.15,604,2,9,1,22,376.44,2.1,0
104800,Home,COD,3690.05,35.36,2457,1,8,2,45,4770.5,1.9,0
104801,Fashion,COD,7599.04,34.33,248,2,12,4,32,19961.16,4.1,1
104802,Electronics,Debit Card,6336.59,1.28,277,0,11,4,34,25021.93,,0
104803,Home,COD,2253.18,31.16,2444,1,12,2,46,3102.18,3.4,0
104804,Grocery,Debit Card,1083.05,2.03,166,0,13,3,67,3183.19,4.3,0
104805,Books,Debit Card,1266.12,28.34,807,1,2,3,63,2721.9,2.2,0
104806,Home,COD,1852.85,45.29,329,0,11,4,23,4054.78,,1
104807,Beauty,COD,957.0,8.81,579,1,13,1,36,872.69,3.3,0
104808,Home,COD,3847.0,64.17,212,0,3,2,29,2756.76,3.6,0
104809,Beauty,UPI,262.81,44.14,916,1,12,3,35,440.42,4.9,0
104810,Home,Credit Card,1057.24,15.23,760,0,9,2,64,1792.44,4.6,0
104811,Books,Debit Card,2542.38,27.59,421,2,10,3,35,5522.81,1.8,0
104812,Home,COD,681.21,6.78,1805,1,10,4,51,2540.1,3.2,0
104813,Footwear,UPI,1105.31,1.54,118,1,5,4,61,4353.15,1.6,0
104814,Home,COD,2153.64,64.11,1201,0,13,2,32,1545.88,1.2,1
104815,Electronics,COD,4512.54,47.26,784,0,11,1,42,2379.91,2.5,1
104816,Fashion,UPI,475.73,54.58,1636,2,7,2,60,432.15,2.3,0
104817,Home,UPI,448.33,43.55,864,0,9,3,35,759.25,,1
104818,Home,COD,628.4,63.47,1197,1,14,3,52,688.66,3.6,0
104819,Beauty,Credit Card,391.49,62.71,2033,3,5,4,27,583.95,2.5,0
104820,Books,Wallet,414.43,4.07,386,1,13,4,65,1590.25,4.5,0
104821,Fashion,COD,615.15,13.26,1106,1,1,1,24,533.58,4.4,0
104822,Books,COD,3593.19,27.71,1418,1,12,1,53,2597.52,3.9,1
104823,Books,Credit Card,1043.5,23.88,1849,1,9,1,68,794.31,2.4,1
104824,Home,COD,1373.48,36.79,1355,0,10,1,25,868.18,2.0,0
104825,Home,Debit Card,623.67,18.66,1847,1,9,2,43,1014.59,1.5,0
104826,Electronics,Debit Card,2223.48,55.82,1995,0,7,1,67,982.33,2.0,0
104827,Home,Credit Card,6006.58,0.52,1978,0,3,4,21,23901.38,4.8,0
104828,Grocery,Debit Card,658.45,55.41,1550,2,4,2,33,587.21,2.7,1
104829,Footwear,Credit Card,5323.03,27.54,2298,2,13,1,65,3857.07,2.7,0
104830,Beauty,UPI,1792.81,0.36,86,0,6,3,24,5359.07,2.9,0
104831,Fashion,COD,1357.62,59.29,1261,1,3,1,67,552.69,3.6,1
104832,Books,COD,1844.75,31.27,2011,0,2,4,56,5071.59,4.7,0
104833,Books,Debit Card,1830.64,50.73,286,1,5,4,30,3607.83,1.5,0
104834,Fashion,COD,5917.58,61.49,2050,0,11,4,28,9115.44,4.3,1
104835,Grocery,COD,2030.78,2.4,125,2,6,2,34,3964.08,2.8,0
104836,Electronics,COD,2065.0,18.35,1972,0,7,3,45,5058.22,2.1,1
104837,Electronics,UPI,956.04,8.32,491,2,10,1,67,876.5,,0
104838,Electronics,COD,2620.87,6.86,1678,0,9,1,59,2441.08,3.2,0
104839,Electronics,UPI,622.98,66.19,2078,2,2,3,18,631.89,1.5,1
104840,Footwear,UPI,1461.48,56.39,2041,0,6,3,48,1912.05,1.4,0
104841,Home,Debit Card,13448.55,25.53,1448,1,10,1,34,10015.14,3.5,0
104842,Fashion,COD,180.67,48.11,2273,0,10,4,45,375.0,3.9,1
104843,Home,UPI,1614.08,64.36,376,0,6,2,40,1150.52,3.5,0
104844,Fashion,COD,1664.53,15.46,614,2,4,3,48,4221.58,2.4,1
104845,Fashion,UPI,1116.03,0.99,357,0,3,1,58,1104.98,3.2,1
104846,Electronics,UPI,1137.27,57.69,1806,0,2,4,30,1924.72,4.6,0
104847,Books,COD,1441.05,50.59,2232,2,2,3,37,2136.07,,0
104848,Electronics,UPI,1094.88,11.22,2328,1,14,2,20,1944.07,1.9,0
104849,Grocery,Credit Card,1599.72,34.28,1314,0,6,3,35,3154.01,1.4,0
104850,Fashion,Credit Card,906.79,11.23,356,0,5,4,69,3219.83,3.6,1
104851,Books,Credit Card,6754.16,42.18,454,2,7,1,55,3905.26,,0
104852,Grocery,Debit Card,1094.87,45.33,1577,0,8,1,53,598.57,4.2,0
104853,Electronics,UPI,2112.63,19.37,2244,1,2,3,62,5110.24,2.1,0
104854,Electronics,UPI,784.28,54.66,2470,0,13,4,47,1422.37,1.6,0
104855,Footwear,COD,2825.71,33.15,1810,2,7,4,22,7555.95,4.3,1
104856,Home,Debit Card,2408.54,49.45,2205,0,8,1,52,1217.52,1.8,0
104857,Beauty,Debit Card,1873.21,44.79,1210,1,8,2,25,2068.4,1.0,0
104858,Electronics,Debit Card,588.83,31.55,514,1,14,4,28,1612.22,4.3,0
104859,Fashion,Credit Card,733.68,20.49,1178,1,14,4,52,2333.4,1.4,0
104860,Home,Credit Card,5161.27,14.3,275,3,2,2,66,8846.42,2.7,0
104861,Footwear,UPI,727.21,52.22,1691,1,10,4,34,1389.84,2.6,1
104862,Fashion,COD,2236.62,44.94,843,0,3,4,33,4925.93,1.6,1
104863,Grocery,COD,629.08,19.67,865,0,1,1,52,505.34,,0
104864,Books,Credit Card,3001.02,67.7,37,0,8,4,34,3877.32,,0
104865,Electronics,COD,773.47,56.72,2499,0,7,3,27,1004.27,2.7,0
104866,Fashion,COD,619.83,8.88,1085,1,7,4,29,2259.16,4.8,0
104867,Fashion,COD,757.58,11.38,1967,0,1,4,59,2685.47,3.9,0
104868,Home,Debit Card,860.02,38.08,1313,1,10,1,49,532.52,3.9,0
104869,Beauty,Wallet,1851.48,7.17,1613,2,8,3,34,5156.19,3.7,0
104870,Home,Credit Card,1415.88,67.5,1185,0,1,2,69,920.32,4.1,1
104871,Fashion,COD,557.73,44.66,1728,0,5,4,35,1234.59,3.1,0
104872,Books,UPI,1309.82,4.63,523,1,2,1,53,1249.18,4.9,0
104873,Beauty,COD,536.57,31.04,2490,2,13,2,27,740.04,3.4,0
104874,Home,Wallet,2241.38,15.54,1086,1,11,1,66,1893.07,3.5,0
104875,Beauty,Debit Card,2595.47,34.33,56,2,7,4,28,6817.78,1.1,0
104876,Fashion,COD,1314.01,17.29,2382,1,2,2,40,2173.64,,1
104877,Books,Credit Card,1664.57,58.23,86,2,12,1,49,695.29,2.4,0
104878,Fashion,COD,5440.9,50.48,1196,3,5,3,45,8083.0,4.1,0
104879,Fashion,UPI,1180.76,63.46,1969,0,9,3,48,1294.35,4.4,0
104880,Electronics,COD,629.29,13.86,945,0,11,3,58,1626.21,,0
104881,Beauty,UPI,2128.89,26.98,547,0,6,4,60,6218.06,2.5,0
104882,Beauty,UPI,541.25,56.38,624,1,14,4,35,944.37,4.6,1
104883,Fashion,UPI,1131.78,26.17,1722,3,4,2,50,1671.19,1.5,0
104884,Footwear,UPI,829.49,26.54,1447,3,5,4,47,2437.37,4.0,0
104885,Grocery,COD,763.98,69.02,1273,1,3,3,40,710.04,2.3,0
104886,Electronics,Credit Card,1096.56,53.96,1300,0,5,4,44,2019.42,3.0,0
104887,Books,UPI,2751.53,60.26,817,0,12,3,59,3280.37,4.6,1
104888,Fashion,Credit Card,3243.91,28.49,2339,1,7,1,53,2319.72,3.5,0
104889,Footwear,COD,2810.07,41.01,601,0,13,4,18,6630.64,2.7,0
104890,Fashion,COD,1753.0,31.54,2098,1,13,3,21,3600.31,3.8,0
104891,Fashion,COD,1089.88,31.52,1948,0,5,2,54,1492.7,1.9,1
104892,Home,UPI,203.11,8.94,46,4,12,2,45,369.9,1.0,1
104893,Fashion,Credit Card,1797.46,58.95,452,0,7,3,46,2213.57,3.5,0
104894,Books,Debit Card,216.27,27.34,1394,2,6,4,62,628.57,4.4,0
104895,Home,Wallet,287.52,40.73,422,0,5,1,29,170.41,3.8,0
104896,Fashion,COD,1176.93,60.0,2135,2,1,1,31,470.77,,1
104897,Home,UPI,1655.17,54.14,1121,3,7,1,51,759.06,1.6,1
104898,Footwear,COD,933.68,13.88,2096,0,10,1,58,804.09,1.3,0
104899,Grocery,COD,4575.29,43.3,324,0,13,1,69,2594.19,2.1,0
104900,Home,COD,1938.52,34.7,89,0,6,1,66,1265.85,4.9,0
104901,Fashion,COD,1097.15,18.21,1614,0,2,2,36,1794.72,2.8,0
104902,Electronics,Credit Card,4060.45,2.86,2011,0,7,4,27,15777.28,4.2,0
104903,Footwear,Credit Card,4684.86,44.09,2480,0,5,3,51,7857.92,,0
104904,Books,COD,2018.37,54.59,1975,1,13,1,27,916.54,,1
104905,Beauty,COD,720.39,65.92,1877,0,10,1,40,245.51,2.0,1
104906,Footwear,Debit Card,862.46,24.85,173,1,13,4,33,2592.55,4.8,0
104907,Electronics,COD,420.99,27.95,1519,0,5,1,38,303.32,1.8,0
104908,Books,UPI,1294.74,11.41,1792,2,7,4,64,4588.04,,0
104909,Fashion,UPI,578.23,68.92,1004,0,2,2,33,359.43,1.6,0
104910,Electronics,UPI,1029.41,59.47,2497,1,2,3,62,1251.66,1.3,0
104911,Home,Debit Card,1649.92,67.03,2470,0,6,4,29,2175.91,2.3,0
104912,Fashion,Debit Card,273.97,34.67,2144,2,6,4,33,715.94,5.0,0
104913,Footwear,Debit Card,487.36,14.68,2203,0,10,1,30,415.82,4.7,0
104914,Fashion,UPI,892.94,40.12,1433,2,4,3,56,1604.08,3.3,0
104915,Grocery,Wallet,1284.31,26.05,2056,1,14,2,58,1899.49,4.3,1
104916,Books,Credit Card,902.25,24.35,205,0,11,4,19,2730.21,,0
104917,Books,Debit Card,1078.78,5.77,598,1,13,4,34,4066.14,4.6,0
104918,Footwear,UPI,761.32,5.12,1669,1,5,1,66,722.34,1.8,0
104919,Home,COD,420.09,26.52,335,0,8,4,45,1234.73,,0
104920,Fashion,Credit Card,873.23,64.83,2038,0,8,2,27,614.23,1.5,1
104921,Electronics,Debit Card,1129.43,50.61,469,1,11,3,29,1673.48,4.7,0
104922,Fashion,UPI,1044.91,53.24,892,0,12,1,42,488.6,2.4,1
104923,Footwear,Credit Card,1464.75,16.4,668,0,8,2,29,2449.06,2.0,0
104924,Home,COD,1872.66,51.42,1366,0,14,1,40,909.74,1.9,0
104925,Fashion,COD,2310.87,28.44,231,0,7,1,48,1653.66,2.9,1
104926,Fashion,Debit Card,806.87,4.16,2036,1,4,4,42,3093.22,,0
104927,Home,UPI,379.69,27.64,2224,0,3,1,48,274.74,,0
104928,Books,UPI,3704.4,9.19,1875,0,6,3,20,10091.9,4.2,0
104929,Fashion,Credit Card,1823.22,59.76,487,0,5,4,44,2934.65,,1
104930,Grocery,COD,624.07,58.82,747,0,3,1,20,256.99,3.0,0
104931,Beauty,UPI,1672.65,20.12,589,2,7,2,54,2672.23,3.1,1
104932,Grocery,UPI,3147.6,42.83,1517,0,4,2,45,3598.97,4.9,0
104933,Fashion,Credit Card,5341.92,25.46,2223,2,14,2,51,7963.73,2.8,0
104934,Beauty,Credit Card,1636.78,10.8,2201,1,5,4,35,5840.03,2.3,0
104935,Electronics,COD,3126.71,45.46,2396,1,9,1,28,1705.31,,0
104936,Fashion,UPI,508.93,53.21,1733,2,11,3,53,714.39,3.7,0
104937,Books,Debit Card,1301.51,54.23,577,1,14,2,20,1191.4,4.7,0
104938,Beauty,Credit Card,1024.53,10.45,1013,1,10,2,43,1834.93,2.4,0
104939,Electronics,UPI,1761.74,35.88,756,0,4,2,32,2259.26,3.0,0
104940,Footwear,Debit Card,4860.78,1.67,187,1,8,3,36,14338.81,3.5,0
104941,Electronics,UPI,1635.84,6.31,2006,1,1,2,40,3065.24,3.8,1
104942,Beauty,Credit Card,632.61,5.67,1457,0,4,3,41,1790.22,1.2,0
104943,Footwear,Credit Card,487.48,4.0,2426,0,14,1,28,467.98,4.6,1
104944,Home,UPI,4997.16,23.36,2107,1,1,2,24,7659.65,1.7,0
104945,Grocery,Wallet,2020.37,25.04,1634,0,5,2,43,3028.94,1.9,0
104946,Beauty,Wallet,1916.9,48.85,137,3,1,1,32,980.49,3.8,0
104947,Grocery,UPI,1017.41,23.09,1123,1,8,1,19,782.49,1.8,0
104948,Books,Credit Card,1659.53,9.83,1202,0,11,1,62,1496.4,1.5,0
104949,Books,COD,608.16,66.28,1696,1,1,3,42,615.21,4.8,1
104950,Fashion,Credit Card,1825.77,61.28,1430,0,2,4,22,2827.75,3.6,0
104951,Books,UPI,523.27,8.7,1957,2,13,3,36,1433.24,4.8,1
104952,Fashion,Credit Card,1004.83,25.39,84,0,4,4,24,2998.81,1.3,0
104953,Footwear,UPI,800.86,11.77,308,2,1,3,67,2119.8,1.1,1
104954,Fashion,UPI,98.9,67.14,2383,0,2,1,43,32.5,2.1,1
104955,Fashion,Wallet,1014.94,24.92,1105,2,13,1,63,762.02,1.2,1
104956,Footwear,UPI,652.56,6.87,2062,1,13,4,35,2430.92,2.8,0
104957,Fashion,Debit Card,1131.94,50.88,2147,1,3,3,67,1668.03,4.8,1
104958,Fashion,Credit Card,1341.28,49.82,327,0,4,4,66,2692.22,2.4,0
104959,Books,Wallet,5510.14,16.87,1772,1,3,2,52,9161.16,3.9,0
104960,Electronics,COD,1709.18,22.5,459,0,7,4,39,5298.46,3.6,1
104961,Electronics,COD,1749.86,29.05,409,0,12,2,68,2483.05,1.1,0
104962,Home,Wallet,1991.2,18.74,633,0,11,4,47,6472.2,1.9,1
104963,Fashion,Debit Card,2690.4,20.22,1895,2,6,1,27,2146.4,,0
104964,Fashion,Credit Card,1926.43,56.11,260,0,10,2,21,1691.02,1.4,0
104965,Electronics,COD,1678.02,52.63,1678,0,4,4,45,3179.51,2.8,0
104966,Fashion,Credit Card,2366.1,48.48,971,1,13,4,30,4876.06,3.7,0
104967,Fashion,UPI,192.23,48.07,683,2,9,2,56,199.65,2.4,0
104968,Electronics,Debit Card,7124.12,36.53,622,0,13,4,46,18086.72,2.2,0
104969,Beauty,Credit Card,4778.03,24.56,879,1,4,2,43,7209.09,3.9,0
104970,Beauty,Debit Card,1593.53,50.44,892,0,14,4,32,3159.01,2.7,0
104971,Electronics,UPI,432.51,8.15,806,0,5,1,29,397.26,3.1,0
104972,Fashion,UPI,3527.27,9.87,1309,1,10,4,28,12716.51,1.8,0
104973,Footwear,Credit Card,768.85,8.84,2483,1,1,3,51,2102.65,4.2,0
104974,Beauty,Debit Card,2053.03,51.29,1145,2,4,1,58,1000.03,3.4,0
104975,Home,COD,479.95,41.41,483,2,8,2,68,562.41,,1
104976,Home,Credit Card,7951.58,31.51,1540,0,8,4,53,21784.15,4.0,0
104977,Fashion,COD,422.52,33.34,2078,0,2,3,45,844.96,3.4,1
104978,Grocery,Credit Card,1415.43,57.93,1511,1,1,1,53,595.47,3.5,0
104979,Footwear,Debit Card,245.24,8.52,1340,2,12,1,30,224.35,2.3,0
104980,Footwear,COD,1295.98,26.83,1682,1,4,2,63,1896.54,,1
104981,Fashion,COD,953.15,53.21,2204,0,11,2,20,891.96,,1
104982,Fashion,COD,3326.74,46.05,219,2,3,3,65,5384.33,,0
104983,Electronics,COD,953.08,30.46,2455,0,4,3,23,1988.32,,0
104984,Fashion,UPI,3330.57,15.7,2236,2,1,2,67,5615.34,3.2,0
104985,Fashion,COD,590.34,66.25,2403,0,8,2,58,398.48,1.1,0
104986,Beauty,COD,1068.95,28.55,1260,0,8,1,39,763.76,1.5,0
104987,Electronics,Wallet,1086.23,61.45,2140,1,9,1,43,418.74,1.2,0
104988,Footwear,COD,1991.16,54.45,232,1,11,4,33,3627.89,,0
104989,Electronics,UPI,1798.48,60.31,1051,1,10,4,28,2855.27,2.3,0
104990,Electronics,Debit Card,2386.97,1.18,2202,1,3,4,34,9435.22,4.3,0
104991,Footwear,UPI,1658.16,33.42,700,0,6,4,62,4416.01,2.8,0
104992,Books,Debit Card,2273.45,18.16,1915,0,2,1,31,1860.59,4.7,0
104993,Fashion,COD,653.09,19.18,819,2,10,2,40,1055.65,2.9,0
104994,Beauty,UPI,1828.11,18.89,1485,0,6,3,53,4448.34,4.4,0
104995,Fashion,UPI,4849.18,27.25,1643,0,3,3,59,10583.34,,0
104996,Electronics,COD,349.33,28.75,2198,2,13,4,33,995.59,,0
104997,Home,UPI,1980.7,44.38,874,1,7,2,60,2203.33,3.3,0
104998,Fashion,Credit Card,2301.75,21.03,1975,0,1,1,27,1817.69,2.1,0
104999,Beauty,UPI,4311.1,19.09,1104,2,2,3,55,10464.33,1.8,0
105000,Fashion,UPI,2394.28,25.24,1001,5,5,3,23,5369.89,2.3,0
105001,Books,COD,1451.35,48.06,226,1,14,3,68,2261.49,,0
105002,Grocery,UPI,1889.48,0.01,218,0,2,1,23,1889.29,3.0,0
105003,Electronics,Wallet,743.95,52.28,1934,0,6,3,64,1065.04,3.5,0
105004,Electronics,UPI,982.03,23.73,288,0,6,3,57,2246.98,4.9,0
105005,Home,COD,460.1,40.34,305,2,9,2,24,548.99,2.9,1
105006,Grocery,UPI,4401.16,53.31,487,2,9,2,58,4109.8,4.0,0
105007,Books,Debit Card,1920.09,35.76,862,1,7,1,35,1233.47,3.0,1
105008,Books,COD,643.62,45.3,431,0,12,1,69,352.06,2.7,1
105009,Home,UPI,1664.18,64.4,1488,2,1,3,67,1777.34,2.6,0
105010,Fashion,Debit Card,3386.25,2.09,2060,0,6,2,66,6630.95,4.5,1
105011,Home,UPI,2963.82,24.47,1342,1,1,3,52,6715.72,1.6,0
105012,Fashion,Debit Card,637.71,64.88,1672,1,5,3,64,671.89,2.2,1
105013,Books,COD,109.17,58.62,2236,2,4,3,41,135.52,3.9,1
105014,Electronics,Wallet,1837.77,43.18,2239,1,13,4,21,4176.88,2.2,0
105015,Fashion,Debit Card,658.86,16.05,1656,1,10,1,62,553.11,1.0,0
105016,Home,Credit Card,2203.63,23.14,198,0,4,1,20,1693.71,1.9,0
105017,Home,Credit Card,2864.69,60.06,1978,2,9,2,51,2288.31,1.1,0
105018,Beauty,COD,3264.65,48.88,1901,2,12,1,46,1668.89,2.2,0
105019,Home,Debit Card,5408.85,20.0,779,1,3,3,37,12981.24,2.3,0
105020,Footwear,Credit Card,3601.43,9.26,430,1,8,2,56,6535.88,4.8,0
105021,Grocery,UPI,5429.7,54.65,356,1,7,1,32,2462.37,,0
105022,Footwear,Wallet,4036.96,40.34,712,1,13,1,66,2408.45,1.5,0
105023,Beauty,UPI,4328.49,67.44,1866,0,6,4,62,5637.43,1.5,0
105024,Beauty,COD,1296.35,28.45,2366,1,10,2,65,1855.08,,0
105025,Beauty,UPI,477.49,24.43,409,1,8,2,62,721.68,3.7,0
105026,Home,COD,9757.74,20.35,1054,0,5,1,60,7772.04,3.5,1
105027,Fashion,UPI,1408.62,33.73,2090,1,5,4,65,3733.97,,0
105028,Beauty,Credit Card,3579.46,22.59,242,1,13,3,65,8312.58,1.6,0
105029,Electronics,UPI,862.45,5.12,2359,0,13,2,58,1636.59,2.1,0
105030,Electronics,Credit Card,2896.15,21.85,74,0,4,4,59,9053.36,,0
105031,Footwear,COD,189.43,15.32,728,0,7,2,27,320.82,2.8,0
105032,Electronics,Wallet,964.53,57.08,110,1,2,4,27,1655.91,4.9,0
105033,Home,Credit Card,1238.02,16.49,1909,0,6,4,38,4135.48,1.2,0
105034,Beauty,UPI,1939.31,32.12,1084,0,13,2,37,2632.81,,0
105035,Electronics,UPI,3157.76,47.09,1110,1,10,3,35,5012.31,4.7,0
105036,Footwear,Credit Card,558.18,10.45,1380,0,7,4,33,1999.4,4.5,0
105037,Electronics,Credit Card,2271.0,37.19,768,3,11,1,31,1426.42,2.2,0
105038,Footwear,Debit Card,3573.62,59.3,1899,0,8,2,47,2908.93,2.3,0
105039,Grocery,UPI,8749.3,40.89,1094,0,7,4,59,20686.84,3.4,1
105040,Fashion,Wallet,2357.37,33.77,1996,0,1,1,60,1561.29,1.8,0
105041,Electronics,COD,927.41,58.72,1627,1,2,2,24,765.67,4.5,1
105042,Fashion,UPI,484.24,66.31,1697,1,8,4,46,652.56,2.1,0
105043,Fashion,COD,5786.96,57.47,2470,1,2,3,42,7383.58,1.2,0
105044,Fashion,Debit Card,2416.01,28.59,1281,1,1,2,59,3450.55,3.1,0
105045,Footwear,UPI,1316.09,42.82,771,2,5,1,63,752.54,3.9,0
105046,Fashion,UPI,366.55,36.86,1827,3,8,1,35,231.44,,0
105047,Grocery,Credit Card,635.91,21.23,1773,0,11,4,59,2003.63,3.5,0
105048,Electronics,Credit Card,2219.54,30.47,1224,0,14,3,48,4629.74,1.4,0
105049,Footwear,COD,1777.68,58.05,857,1,10,4,31,2982.95,3.6,0
105050,Fashion,COD,282.29,21.03,2327,0,14,1,47,222.92,1.4,0
105051,Home,Credit Card,2221.84,62.27,650,1,5,2,19,1676.6,,0
105052,Beauty,UPI,381.94,69.4,224,0,10,1,20,116.87,2.2,1
105053,Electronics,Credit Card,3956.86,21.47,1590,1,1,1,39,3107.32,1.2,0
105054,Grocery,COD,1582.63,8.59,230,1,2,1,67,1446.68,2.5,0
105055,Fashion,UPI,924.51,67.0,1910,1,9,3,48,915.26,4.1,0
105056,Home,COD,2957.57,11.97,2110,1,5,1,52,2603.55,1.2,0
105057,Home,COD,1777.21,54.0,1801,0,8,1,62,817.52,3.0,1
105058,Beauty,UPI,3865.87,2.74,613,3,14,4,41,15039.78,1.9,1
105059,Electronics,COD,1428.5,16.49,2358,0,11,2,45,2385.88,3.3,0
105060,Electronics,Credit Card,1496.76,18.21,248,2,5,3,32,3672.6,,1
105061,Electronics,Debit Card,1066.14,20.81,295,0,10,3,31,2532.83,1.7,1
105062,Fashion,COD,1653.04,64.35,781,1,13,2,65,1178.62,4.4,0
105063,Electronics,COD,5210.13,12.27,1365,0,4,1,53,4570.85,3.0,0
105064,Footwear,COD,895.86,12.15,1784,1,8,2,24,1574.03,,0
105065,Home,COD,2249.28,48.42,748,0,11,4,38,4640.71,4.9,0
105066,Beauty,UPI,662.25,66.66,2291,0,10,3,58,662.38,2.0,1
105067,Fashion,Credit Card,256.37,27.25,2047,0,7,3,60,559.53,4.5,0
105068,Fashion,Credit Card,1581.24,54.12,600,1,7,3,52,2176.42,3.9,0
105069,Home,Credit Card,1801.41,2.17,183,1,9,2,19,3524.64,,0
105070,Fashion,Wallet,1226.55,57.68,1763,0,7,2,37,1038.15,4.3,0
105071,Fashion,COD,404.73,50.64,464,0,5,2,39,399.55,2.7,1
105072,Home,UPI,1708.62,62.76,726,1,13,3,27,1908.87,3.0,0
105073,Home,COD,1657.48,44.62,1936,0,12,4,39,3671.65,2.5,0
105074,Footwear,Wallet,657.85,65.89,497,1,9,1,37,224.39,4.4,0
105075,Fashion,COD,453.6,27.29,905,1,3,2,48,659.63,4.6,0
105076,Home,COD,1094.54,51.28,2320,1,8,2,34,1066.52,1.6,0
105077,Electronics,Credit Card,2258.25,50.79,1714,2,3,4,36,4445.14,3.4,1
105078,Fashion,COD,1869.31,18.8,1561,0,3,1,63,1517.88,1.5,0
105079,Books,UPI,662.04,64.44,2496,0,4,1,38,235.42,,0
105080,Electronics,Debit Card,1494.49,54.54,1933,2,3,3,27,2038.19,1.9,0
105081,Beauty,Debit Card,2723.58,60.64,1165,0,12,2,56,2144.0,1.1,0
105082,Home,COD,524.2,25.38,1671,3,8,1,31,391.16,,0
105083,Electronics,UPI,1408.84,58.89,1346,0,11,3,26,1737.52,3.7,0
105084,Footwear,COD,3911.64,22.05,927,2,14,4,57,12196.49,2.6,0
105085,Home,Wallet,483.02,67.51,2439,1,4,1,30,156.93,3.5,0
105086,Grocery,UPI,3375.91,1.68,1495,0,3,3,18,9957.58,4.1,0
105087,Home,Debit Card,4891.97,43.34,1873,1,3,2,23,5543.58,1.7,0
105088,Footwear,UPI,1121.29,7.86,1042,1,1,1,56,1033.16,2.2,0
105089,Fashion,Debit Card,1018.0,50.31,515,0,1,3,31,1517.53,2.9,1
105090,Home,Debit Card,3060.93,25.46,332,1,9,4,38,9126.47,3.5,0
105091,Grocery,COD,1154.12,60.94,2016,1,10,2,44,901.6,3.5,1
105092,Fashion,Debit Card,203.87,61.09,1317,2,5,1,32,79.33,3.0,1
105093,Fashion,Credit Card,1237.64,25.77,1304,0,8,1,27,918.7,3.6,0
105094,Footwear,COD,1951.44,56.7,329,1,3,3,21,2534.92,,0
105095,Beauty,UPI,2421.32,47.68,1974,0,10,2,21,2533.67,2.3,1
105096,Books,COD,662.15,29.86,681,1,10,3,65,1393.3,3.3,0
105097,Beauty,Debit Card,1079.4,24.03,1508,1,10,1,69,820.02,2.2,0
105098,Grocery,COD,2926.39,14.72,895,2,8,3,51,7486.88,4.8,0
105099,Footwear,Credit Card,1276.66,4.42,591,1,12,1,41,1220.23,4.9,1
105100,Beauty,UPI,394.26,36.22,433,0,2,1,60,251.46,2.5,0
105101,Fashion,COD,3605.12,37.8,2041,3,6,1,61,2242.38,,1
105102,Electronics,Debit Card,1128.58,31.08,264,1,1,4,40,3111.27,1.9,0
105103,Beauty,Debit Card,3206.63,66.54,35,1,12,4,56,4291.75,2.8,0
105104,Grocery,UPI,438.62,0.96,787,0,2,2,23,868.82,4.8,0
105105,Home,COD,1215.86,59.52,2223,0,7,1,26,492.18,1.9,0
105106,Electronics,UPI,2013.82,56.06,1764,0,3,4,61,3539.49,2.3,0
105107,Fashion,Credit Card,1249.23,53.11,2051,1,10,1,44,585.76,3.2,0
105108,Home,Credit Card,519.88,36.74,535,5,6,2,60,657.75,3.3,0
105109,Grocery,Credit Card,198.45,13.32,2426,3,8,4,47,688.07,3.7,0
105110,Electronics,Credit Card,4530.61,60.4,320,0,14,2,24,3588.24,3.9,0
105111,Beauty,Credit Card,1633.42,52.12,117,2,13,4,26,3128.33,4.2,0
105112,Grocery,COD,3406.5,58.3,1208,1,6,2,45,2841.02,3.0,0
105113,Footwear,Credit Card,2815.61,16.51,1110,2,6,2,23,4701.51,1.3,1
105114,Electronics,Debit Card,2159.17,38.81,749,1,5,2,61,2642.39,3.7,0
105115,Footwear,Credit Card,1035.8,29.12,447,0,10,4,31,2936.7,3.4,1
105116,Beauty,COD,1981.9,44.78,823,0,14,2,54,2188.81,1.9,0
105117,Grocery,Credit Card,4213.42,52.68,953,1,9,4,31,7975.16,4.4,0
105118,Electronics,Credit Card,1431.4,12.16,1515,1,8,4,58,5029.37,4.0,0
105119,Home,Debit Card,6132.52,12.18,918,2,14,3,32,16156.74,2.7,0
105120,Beauty,UPI,403.62,3.05,633,0,3,2,44,782.62,,0
105121,Fashion,Debit Card,370.36,11.0,1505,1,2,3,31,988.86,3.7,0
105122,Home,Debit Card,2952.66,16.81,1468,0,2,2,63,4912.64,4.7,0
105123,Beauty,COD,695.76,5.08,1110,0,9,3,46,1981.25,3.9,0
105124,Beauty,Wallet,6868.28,24.9,301,1,13,3,45,15474.23,3.8,0
105125,Electronics,COD,3904.45,47.26,2414,0,4,4,33,8236.83,1.9,1
105126,Home,Credit Card,4769.79,55.52,1313,0,11,4,27,8486.41,2.7,1
105127,Fashion,COD,2717.72,24.21,716,0,13,2,58,4119.52,3.5,0
105128,Footwear,COD,640.81,5.87,1822,0,13,4,20,2412.78,4.3,0
105129,Footwear,UPI,355.15,53.16,1064,1,12,4,20,665.41,4.6,0
105130,Fashion,COD,4430.36,27.38,435,1,6,2,52,6434.65,1.3,1
105131,Electronics,COD,403.57,17.6,1760,0,10,1,50,332.54,3.9,1
105132,Fashion,COD,4759.55,32.95,258,1,8,2,35,6382.56,2.1,1
105133,Home,Wallet,2288.59,67.89,713,2,7,3,58,2204.6,3.8,0
105134,Footwear,UPI,1260.16,26.08,1666,1,10,1,21,931.51,2.3,0
105135,Home,UPI,1907.67,67.16,1817,0,10,4,40,2505.92,3.3,0
105136,Electronics,UPI,1943.47,17.72,2478,0,12,4,65,6396.35,3.1,0
105137,Electronics,UPI,1139.19,7.39,1780,1,8,1,34,1055.0,4.5,0
105138,Fashion,Credit Card,4190.39,11.0,602,3,10,2,58,7458.89,3.6,0
105139,Grocery,COD,4077.02,54.16,1789,1,5,2,33,3737.81,2.0,0
105140,Beauty,COD,1517.06,37.63,1886,1,7,4,30,3784.76,,1
105141,Beauty,COD,828.82,40.73,1697,0,12,4,35,1964.97,3.6,1
105142,Fashion,UPI,3807.63,67.74,1872,0,11,3,33,3685.02,2.5,0
105143,Footwear,COD,265.59,35.34,2049,0,8,3,24,515.19,2.1,0
105144,Fashion,COD,1910.49,8.19,1433,1,8,4,65,7016.08,4.6,0
105145,Grocery,Debit Card,2420.33,50.3,2487,0,4,3,48,3608.71,1.6,0
105146,Footwear,COD,690.43,14.55,1621,2,6,3,68,1769.92,1.6,0
105147,Home,COD,2919.09,40.71,166,1,10,4,50,6922.91,3.4,0
105148,Footwear,COD,1311.45,59.81,456,0,2,3,64,1581.22,2.2,0
105149,Fashion,Debit Card,865.61,33.4,1257,0,1,1,38,576.5,3.0,0
105150,Books,COD,2894.53,22.0,1105,0,9,2,27,4515.47,2.1,0
105151,Electronics,COD,561.97,40.29,2038,0,11,3,67,1006.66,2.5,0
105152,Home,COD,2684.78,8.89,1691,1,14,4,60,9784.41,2.6,0
105153,Fashion,UPI,274.27,21.53,30,2,7,3,65,645.66,3.2,0
105154,Electronics,COD,1683.39,35.29,1155,1,2,2,66,2178.64,1.3,1
105155,Electronics,COD,1387.25,17.79,1376,1,9,1,33,1140.46,2.7,0
105156,Fashion,UPI,869.78,2.75,2452,1,5,4,46,3383.44,3.7,0
105157,Beauty,UPI,1829.32,40.96,1659,1,3,1,56,1080.03,3.8,0
105158,Home,COD,1256.82,28.09,475,0,9,1,63,903.78,2.1,0
105159,Fashion,COD,3114.29,27.34,503,0,11,3,24,6788.53,3.2,0
105160,Footwear,COD,2096.7,69.78,810,1,1,3,66,1900.87,2.5,0
105161,Footwear,UPI,1923.99,7.82,1020,1,11,3,57,5320.6,1.1,1
105162,Electronics,COD,1691.7,10.79,298,2,9,2,42,3018.33,,0
105163,Home,UPI,918.06,61.34,1979,0,11,3,56,1064.77,3.7,1
105164,Beauty,UPI,1052.11,9.12,197,1,9,2,32,1912.32,4.8,0
105165,Books,Debit Card,1633.65,64.23,194,0,7,2,36,1168.71,1.4,0
105166,Fashion,COD,1165.97,47.04,344,1,5,1,28,617.5,2.7,0
105167,Books,UPI,3258.96,36.97,363,0,9,3,38,6162.37,4.8,0
105168,Electronics,UPI,1443.4,19.49,1423,1,3,3,34,3486.24,2.9,0
105169,Fashion,UPI,1809.44,25.16,2050,0,8,2,48,2708.37,4.6,0
105170,Books,COD,436.09,57.82,2358,0,11,3,40,551.83,3.7,0
105171,Beauty,UPI,2848.6,4.03,2028,2,4,1,32,2733.8,4.5,0
105172,Grocery,UPI,841.39,53.8,1723,1,2,3,38,1166.17,4.0,0
105173,Electronics,Wallet,581.65,57.95,1488,0,1,3,47,733.75,1.3,0
105174,Electronics,Debit Card,4998.78,49.42,794,0,8,3,59,7585.15,4.1,0
105175,Electronics,Credit Card,2340.45,3.82,1057,1,6,3,64,6753.13,1.5,0
105176,Electronics,Credit Card,2926.83,51.99,2184,1,10,4,31,5620.68,4.0,0
105177,Electronics,UPI,1926.76,50.62,290,2,12,4,41,3805.74,2.7,0
105178,Home,UPI,1243.24,0.92,2068,1,14,2,55,2463.6,3.7,0
105179,Home,Debit Card,1070.97,62.46,2034,2,5,2,28,804.08,1.2,1
105180,Books,COD,2498.11,9.25,172,0,2,3,56,6801.1,1.5,0
105181,Fashion,COD,3314.34,67.25,627,1,11,4,47,4341.79,,1
105182,Electronics,Debit Card,1268.33,4.95,795,0,1,1,25,1205.55,2.5,0
105183,Books,UPI,7030.65,16.66,2285,2,9,4,51,23437.37,1.7,1
105184,Electronics,COD,1143.84,48.32,1113,1,4,2,26,1182.27,1.0,1
105185,Footwear,Credit Card,439.13,9.61,1946,1,5,2,45,793.86,4.5,1
105186,Electronics,UPI,337.91,12.95,1513,0,2,2,34,588.3,4.0,0
105187,Home,Credit Card,347.16,0.78,229,0,1,3,19,1033.36,3.3,0
105188,Footwear,COD,961.94,57.85,1677,1,3,2,53,810.92,,0
105189,Beauty,Credit Card,1112.52,2.63,1599,0,7,4,52,4333.04,2.2,0
105190,Beauty,Credit Card,2312.49,44.28,2180,1,5,2,32,2577.04,3.8,0
105191,Books,COD,1309.12,40.76,2303,1,6,2,19,1551.05,3.1,0
105192,Electronics,Debit Card,2629.89,35.79,1480,1,2,1,63,1688.65,1.4,0
105193,Books,Debit Card,1388.41,26.26,2201,1,2,3,39,3071.44,3.7,1
105194,Footwear,Debit Card,1354.0,20.97,374,1,11,4,62,4280.26,,0
105195,Footwear,Debit Card,843.86,66.99,1544,0,12,3,39,835.67,2.0,0
105196,Home,COD,4180.02,54.98,1456,2,11,4,56,7527.38,1.0,1
105197,Fashion,COD,393.39,64.59,454,1,14,2,62,278.6,,0
105198,Grocery,COD,1704.54,51.37,1360,1,11,3,53,2486.75,2.1,1
105199,Home,COD,1158.27,58.03,1710,1,2,4,62,1944.5,,0
105200,Fashion,UPI,2503.4,67.49,1055,0,11,3,21,2441.57,1.0,0
105201,Electronics,COD,1317.3,31.76,1675,0,4,1,58,898.93,1.3,0
105202,Electronics,Debit Card,1348.72,63.48,1870,1,11,4,55,1970.21,,0
105203,Home,COD,1082.13,3.02,1484,1,9,1,60,1049.45,,0
105204,Electronics,COD,4083.07,7.55,1013,1,12,1,51,3774.8,3.4,0
105205,Electronics,COD,1342.01,34.33,686,1,14,1,29,881.3,4.4,1
105206,Electronics,Credit Card,6475.11,31.78,1662,0,10,3,49,13251.96,1.8,0
105207,Footwear,Debit Card,1665.36,30.67,2253,0,14,4,55,4618.38,1.3,0
105208,Electronics,UPI,1362.95,37.6,1170,0,8,3,69,2551.44,2.4,0
105209,Electronics,COD,1192.42,37.69,1271,2,14,2,56,1485.99,1.8,1
105210,Home,Debit Card,2103.58,60.94,2282,0,2,2,61,1643.32,3.5,0
105211,Fashion,UPI,836.55,24.21,763,0,7,3,58,1902.06,4.8,0
105212,Footwear,COD,1505.07,22.14,2024,1,11,1,23,1171.85,,0
105213,Footwear,COD,1348.18,49.13,660,2,14,1,59,685.82,,1
105214,Home,COD,1737.49,45.39,667,1,13,2,54,1897.69,3.1,1
105215,Home,COD,1772.28,58.09,724,1,6,2,26,1485.53,1.4,1
105216,Fashion,UPI,1847.51,21.65,160,0,9,3,27,4342.57,3.1,0
105217,Electronics,Credit Card,1445.09,0.45,1168,0,2,3,31,4315.76,2.9,0
105218,Fashion,Credit Card,4699.23,66.08,903,1,2,1,48,1593.98,4.0,0
105219,Electronics,UPI,1878.17,3.1,600,1,10,1,58,1819.95,4.0,0
105220,Electronics,Credit Card,10772.9,47.6,1898,0,5,1,63,5645.0,3.6,0
105221,Beauty,Debit Card,1393.93,22.53,1308,1,8,2,25,2159.76,3.7,0
105222,Electronics,COD,2884.57,29.65,513,0,3,3,69,6087.88,3.4,0
105223,Electronics,Credit Card,749.32,58.66,504,0,12,2,24,619.54,1.9,0
105224,Home,COD,4107.75,29.37,2029,1,2,1,48,2901.3,4.7,0
105225,Home,COD,762.48,10.11,699,1,9,1,68,685.39,,0
105226,Electronics,COD,1928.89,52.81,1005,1,10,3,39,2730.73,3.4,0
105227,Electronics,UPI,1084.05,1.41,325,1,12,2,68,2137.53,4.1,1
105228,Electronics,Debit Card,1922.93,19.23,2016,1,4,4,50,6212.6,1.3,0
105229,Fashion,UPI,1110.05,37.67,912,1,5,3,35,2075.68,2.8,0
105230,Grocery,COD,712.37,30.64,1771,0,8,2,63,988.2,1.1,0
105231,Footwear,Wallet,1077.85,43.42,1032,0,5,1,18,609.85,1.9,0
105232,Home,COD,4597.48,26.69,2010,0,11,3,57,10111.24,3.5,0
105233,Home,UPI,1946.56,27.34,1027,0,11,2,38,2828.74,4.7,1
105234,Books,UPI,477.67,24.41,2242,1,11,3,55,1083.21,2.2,0
105235,Beauty,Debit Card,3217.33,62.11,1820,1,7,2,19,2438.09,4.3,0
105236,Electronics,Credit Card,656.41,1.21,1217,0,9,1,65,648.47,3.1,1
105237,Electronics,UPI,2427.67,65.77,1223,0,3,4,25,3323.97,,0
105238,Home,UPI,2085.02,25.08,1562,1,3,1,49,1562.1,4.2,0
105239,Beauty,COD,2193.05,25.54,1741,1,6,3,29,4898.84,3.5,1
105240,Electronics,UPI,5899.08,50.81,1775,1,3,1,66,2901.76,2.7,0
105241,Fashion,COD,690.27,27.18,111,2,12,4,61,2010.62,3.3,1
105242,Fashion,Credit Card,2183.39,43.17,684,1,4,2,61,2481.64,3.8,0
105243,Fashion,Debit Card,3668.99,63.25,1108,1,13,3,37,4045.06,4.4,0
105244,Home,UPI,800.57,59.23,1356,1,6,1,27,326.39,3.2,0
105245,Books,Credit Card,737.6,36.08,251,0,11,4,18,1885.9,4.5,0
105246,Home,COD,1064.49,50.17,523,1,2,1,28,530.44,2.6,0
105247,Fashion,Credit Card,1736.78,27.47,1171,0,11,1,51,1259.69,4.0,1
105248,Electronics,COD,433.38,54.32,1134,0,7,2,35,395.94,,1
105249,Grocery,Credit Card,2082.08,11.91,1549,3,12,3,21,5502.31,1.3,0
105250,Home,Credit Card,434.11,3.19,201,0,3,2,69,840.52,,0
105251,Electronics,UPI,3769.38,37.85,1997,0,3,2,64,4685.34,4.1,0
105252,Fashion,COD,2020.32,15.07,773,3,13,1,40,1715.86,,0
105253,Grocery,COD,6188.9,51.01,1389,3,9,3,30,9095.83,3.3,1
105254,Grocery,Credit Card,2287.07,7.09,2369,0,8,2,41,4249.83,4.2,0
105255,Footwear,COD,1049.63,0.59,967,2,9,4,30,4173.75,,0
105256,Beauty,COD,707.02,47.3,804,0,6,2,21,745.2,1.6,0
105257,Home,Credit Card,1621.51,35.06,683,3,14,3,38,3159.03,2.0,0
105258,Home,Credit Card,1307.4,66.64,1641,2,8,2,26,872.3,5.0,1
105259,Electronics,COD,3459.61,17.32,2394,0,1,1,23,2860.41,,1
105260,Books,Debit Card,637.21,8.63,1412,0,5,3,69,1746.66,4.3,0
105261,Beauty,UPI,6746.11,1.62,519,4,14,3,19,19910.47,3.1,0
105262,Electronics,Credit Card,3713.84,31.1,2366,1,7,4,61,10235.34,2.5,1
105263,Footwear,COD,1138.17,7.06,134,2,11,3,65,3173.45,,0
105264,Fashion,COD,5643.48,54.3,1043,0,1,3,40,7737.21,4.0,1
105265,Electronics,COD,715.87,5.04,340,0,1,1,62,679.79,2.1,0
105266,Fashion,Debit Card,1578.88,64.45,112,2,3,4,44,2245.17,1.0,0
105267,Footwear,Debit Card,482.42,37.86,2493,1,8,1,65,299.78,4.1,0
105268,Footwear,COD,5867.92,48.75,239,0,9,3,61,9021.93,3.8,0
105269,Home,COD,358.56,9.16,2268,1,1,3,53,977.15,1.5,1
105270,Footwear,COD,423.12,6.27,1376,0,13,4,47,1586.36,1.1,1
105271,Footwear,COD,806.12,24.76,821,1,9,2,18,1213.05,3.6,0
105272,Grocery,Wallet,3857.83,36.43,2161,0,5,2,32,4904.85,3.4,0
105273,Footwear,COD,2875.2,40.29,39,0,7,1,68,1716.78,4.1,0
105274,Fashion,COD,1476.81,23.09,1735,2,8,2,65,2271.63,4.5,1
105275,Grocery,Credit Card,3026.44,19.09,1924,1,11,4,54,9794.77,3.7,0
105276,Beauty,COD,1221.3,68.7,928,0,2,1,43,382.27,3.5,0
105277,Books,COD,1877.96,19.09,772,0,9,4,39,6077.83,3.1,0
105278,Electronics,Credit Card,5020.98,9.65,52,1,8,1,39,4536.46,3.3,0
105279,Books,COD,1099.6,25.16,84,2,12,2,56,1645.88,4.9,1
105280,Footwear,COD,725.53,21.27,138,1,6,2,31,1142.42,1.2,1
105281,Fashion,Debit Card,1951.39,29.52,1157,1,6,4,47,5501.36,3.2,0
105282,Footwear,Credit Card,2421.69,43.66,1341,0,12,3,50,4093.14,2.0,0
105283,Fashion,COD,1463.17,42.22,1077,1,12,4,52,3381.68,3.9,1
105284,Electronics,UPI,2989.03,48.88,1765,2,12,4,26,6111.97,4.0,0
105285,Electronics,COD,1140.24,10.97,923,0,13,3,60,3045.47,2.1,0
105286,Grocery,Wallet,1483.32,3.22,1982,2,2,3,40,4306.67,,0
105287,Beauty,UPI,1807.43,55.36,1643,2,10,3,66,2420.51,3.6,0
105288,Fashion,Credit Card,1685.62,15.2,2344,0,10,3,41,4288.22,4.8,1
105289,Beauty,COD,4868.87,22.1,1823,2,4,4,59,15171.4,4.3,1
105290,Fashion,UPI,1800.19,31.9,346,0,7,2,23,2451.86,4.1,0
105291,Home,Credit Card,1050.35,50.14,1411,1,14,3,64,1571.11,1.6,0
105292,Footwear,COD,2043.43,11.45,1653,1,2,2,19,3618.91,,0
105293,Books,Debit Card,3002.14,63.17,64,2,12,2,47,2211.38,4.2,0
105294,Grocery,Credit Card,2488.38,22.51,138,2,5,2,56,3856.49,4.4,0
105295,Beauty,UPI,2380.45,68.79,85,0,12,1,35,742.94,4.0,1
105296,Footwear,UPI,404.06,19.98,453,0,8,4,67,1293.32,4.4,0
105297,Fashion,UPI,182.36,50.8,2207,0,1,2,52,179.44,3.4,0
105298,Fashion,UPI,3715.29,26.37,623,2,2,3,64,8206.7,,0
105299,Electronics,Debit Card,1902.81,58.56,490,0,12,1,46,788.52,2.9,0
105300,Beauty,Credit Card,1316.51,32.37,1131,0,12,3,54,2671.07,2.0,0
105301,Beauty,Wallet,2334.26,60.94,1013,2,4,1,20,911.76,2.2,0
105302,Books,Wallet,6259.45,52.78,2483,2,9,3,21,8867.14,2.1,0
105303,Fashion,UPI,4149.84,41.02,285,0,8,2,47,4895.15,3.5,0
105304,Electronics,UPI,2892.21,17.5,2106,2,1,1,37,2386.07,4.2,0
105305,Beauty,Debit Card,658.93,18.19,596,2,10,2,39,1078.14,4.5,1
105306,Footwear,COD,731.11,69.4,795,2,3,1,49,223.72,4.5,0
105307,Fashion,UPI,198.52,64.78,1228,1,6,1,37,69.92,1.1,0
105308,Electronics,COD,2223.44,9.69,2439,1,1,4,69,8031.95,4.0,0
105309,Fashion,COD,3251.6,14.28,611,0,4,4,55,11149.09,,1
105310,Home,Credit Card,3470.81,7.48,879,1,14,4,49,12844.77,4.1,0
105311,Fashion,Debit Card,2299.26,14.09,1657,0,8,1,64,1975.29,1.5,1
105312,Fashion,Debit Card,1184.11,20.32,1685,0,11,3,19,2830.5,4.8,0
105313,Beauty,COD,852.85,58.63,937,3,5,3,28,1058.47,,0
105314,Fashion,COD,692.08,6.66,354,2,1,2,61,1291.97,3.3,1
105315,Fashion,COD,1175.28,61.75,1977,0,9,3,59,1348.63,2.1,0
105316,Electronics,COD,612.62,68.04,2254,0,4,2,48,391.59,,1
105317,Footwear,COD,5457.59,19.72,1516,0,2,4,26,17525.41,4.5,0
105318,Home,Debit Card,472.53,31.94,2185,1,7,1,33,321.6,4.3,0
105319,Fashion,COD,1144.08,37.05,657,1,6,2,47,1440.4,1.8,0
105320,Electronics,Credit Card,284.58,14.4,2164,1,2,4,22,974.4,1.5,0
105321,Beauty,COD,1698.06,51.21,2026,1,9,1,62,828.48,4.9,0
105322,Footwear,Credit Card,1336.88,40.6,2258,0,7,4,35,3176.43,4.5,0
105323,Electronics,UPI,1006.84,7.85,2332,1,14,3,65,2783.41,4.4,0
105324,Electronics,COD,635.09,62.72,883,0,2,4,45,947.05,4.1,0
105325,Electronics,COD,1342.07,21.15,326,0,7,3,34,3174.67,,0
105326,Beauty,Debit Card,866.47,10.94,1880,0,12,4,20,3086.71,3.1,1
105327,Footwear,COD,1200.51,68.73,1684,0,6,4,60,1501.6,1.5,0
105328,Home,UPI,6412.11,7.2,1629,1,3,4,52,23801.75,,0
105329,Fashion,Wallet,1537.24,4.18,1588,1,14,1,63,1472.98,1.6,0
105330,Grocery,Debit Card,2051.43,16.63,130,1,5,4,29,6841.11,2.9,0
105331,Books,Wallet,923.74,22.35,1684,1,13,2,26,1434.57,3.7,0
105332,Fashion,Credit Card,715.12,30.37,1225,1,12,4,30,1991.75,4.4,0
105333,Electronics,Credit Card,1315.06,47.96,107,0,10,1,38,684.36,1.3,0
105334,Fashion,COD,9928.26,25.6,2143,0,11,1,37,7386.63,4.6,0
105335,Grocery,COD,1064.28,39.15,99,0,8,3,58,1942.84,,0
105336,Books,COD,1788.53,0.41,606,3,10,1,67,1781.2,4.8,0
105337,Books,Credit Card,690.41,26.94,758,0,4,2,18,1008.83,2.9,0
105338,Grocery,Credit Card,147.79,66.15,1963,1,1,2,45,100.05,1.2,0
105339,Fashion,COD,712.04,54.24,228,0,9,1,50,325.83,4.2,1
105340,Fashion,Debit Card,8996.29,51.86,979,1,12,3,30,12992.44,1.2,0
105341,Electronics,COD,2156.65,21.32,934,3,12,3,39,5090.56,3.5,0
105342,Footwear,COD,4977.78,34.17,1054,0,11,3,56,9830.62,4.2,0
105343,Beauty,COD,1014.17,59.12,2184,2,14,2,44,829.19,,1
105344,Fashion,Debit Card,203.27,61.61,833,4,9,1,21,78.04,3.7,0
105345,Electronics,Credit Card,551.72,49.74,905,2,3,1,39,277.29,3.3,0
105346,Books,UPI,1840.18,31.96,1039,1,3,2,34,2504.12,1.3,0
105347,Books,COD,1619.85,5.12,1000,1,4,1,28,1536.91,3.8,0
105348,Books,Credit Card,1328.31,8.35,2386,1,14,3,23,3652.19,,0
105349,Fashion,Wallet,876.38,0.02,690,0,13,4,36,3504.82,2.4,0
105350,Footwear,COD,2840.61,25.14,310,2,11,2,62,4252.96,1.5,0
105351,Grocery,Credit Card,896.88,1.64,1071,1,13,3,62,2646.51,2.0,0
105352,Books,COD,1713.43,30.45,236,0,5,4,26,4766.76,3.5,1
105353,Books,COD,1565.97,41.83,1999,0,11,2,49,1821.85,4.9,0
105354,Footwear,Credit Card,997.45,41.71,2233,3,3,1,56,581.41,4.2,0
105355,Footwear,COD,661.8,38.87,2082,1,2,2,42,809.12,,0
105356,Beauty,Credit Card,951.59,15.83,2018,1,9,1,19,800.95,2.4,0
105357,Home,UPI,5996.3,36.34,1070,0,10,4,54,15268.98,3.4,0
105358,Fashion,COD,3261.55,68.59,1755,2,9,4,26,4097.81,2.6,0
105359,Grocery,COD,3029.98,31.12,1010,1,7,1,27,2087.05,1.2,1
105360,Beauty,UPI,713.96,61.21,2140,1,9,2,32,553.89,3.0,0
105361,Electronics,Credit Card,424.05,26.7,511,1,6,1,22,310.83,3.2,0
105362,Electronics,UPI,3220.19,43.61,377,2,5,4,66,7263.46,4.4,0
105363,Footwear,COD,2762.29,33.73,2439,0,4,4,46,7322.28,4.1,0
105364,Footwear,Debit Card,1494.88,48.2,920,1,6,2,60,1548.7,2.8,0
105365,Footwear,UPI,995.82,62.82,798,0,5,3,18,1110.74,3.0,0
105366,Home,COD,415.23,30.86,1681,1,3,3,27,861.27,,0
105367,Grocery,UPI,2680.93,53.02,876,1,8,4,25,5038.0,2.2,0
105368,Grocery,Debit Card,3459.6,61.78,1876,0,6,4,21,5289.04,2.4,0
105369,Fashion,UPI,778.0,55.27,1091,0,3,3,55,1044.0,4.6,0
105370,Electronics,COD,727.72,1.72,1966,0,13,2,26,1430.41,,0
105371,Footwear,Credit Card,3615.01,0.01,228,1,8,3,64,10843.95,4.8,0
105372,Electronics,COD,801.52,61.81,1827,2,2,3,56,918.3,4.5,1
105373,Beauty,Wallet,5559.42,51.05,841,0,1,3,32,8164.01,4.0,0
105374,Books,COD,1227.53,67.07,1074,0,2,1,32,404.23,2.0,0
105375,Books,COD,983.14,20.47,2328,1,6,1,37,781.89,,0
105376,Fashion,UPI,1388.65,55.16,1221,1,4,3,46,1868.01,2.7,0
105377,Books,COD,983.08,56.11,213,1,14,4,53,1725.9,2.6,1
105378,Fashion,Debit Card,3297.66,60.01,1162,1,7,4,41,5274.94,4.1,0
105379,Grocery,COD,2720.71,48.44,623,0,11,3,59,4208.39,2.6,0
105380,Fashion,Debit Card,3198.65,9.68,1202,2,4,4,57,11556.08,1.6,1
105381,Books,COD,1552.49,47.67,567,0,1,1,31,812.42,2.4,1
105382,Grocery,Credit Card,929.75,42.31,1618,2,5,4,38,2145.49,4.2,0
105383,Electronics,Credit Card,1329.75,23.36,610,0,10,1,60,1019.12,3.0,0
105384,Fashion,COD,952.84,14.6,1179,1,11,2,55,1627.45,1.1,1
105385,Grocery,COD,4329.8,61.96,2387,0,3,2,68,3294.11,,0
105386,Electronics,COD,2986.39,9.94,1605,0,5,1,23,2689.54,1.7,0
105387,Electronics,UPI,1244.86,29.55,1780,1,7,2,22,1754.01,1.4,0
105388,Home,COD,638.31,43.6,1937,0,5,3,44,1080.02,2.2,0
105389,Footwear,COD,4594.76,68.03,2301,0,5,1,29,1468.94,4.1,1
105390,Beauty,COD,1494.2,46.97,2218,0,14,1,56,792.37,1.2,0
105391,Fashion,Credit Card,1206.97,21.34,2148,1,14,2,55,1898.81,1.8,0
105392,Footwear,UPI,4627.27,4.25,872,0,5,1,41,4430.61,1.8,0
105393,Home,Credit Card,890.73,22.24,1573,3,1,4,19,2770.53,4.3,0
105394,Home,UPI,1037.8,20.5,2050,1,6,2,36,1650.1,2.0,0
105395,Home,Debit Card,1113.64,57.34,1412,1,13,3,32,1425.24,3.3,0
105396,Fashion,UPI,467.19,26.36,344,0,13,3,38,1032.12,1.5,0
105397,Fashion,UPI,1724.32,6.89,1287,0,10,2,61,3211.03,4.2,0
105398,Books,COD,727.87,60.9,563,1,10,2,56,569.19,,0
105399,Electronics,Wallet,848.46,1.26,1733,1,6,1,53,837.77,2.8,0
105400,Books,UPI,762.38,0.21,2153,3,7,4,18,3043.12,2.3,0
105401,Fashion,Debit Card,837.44,33.23,1763,1,13,4,51,2236.63,3.6,1
105402,Fashion,COD,684.62,4.85,1390,0,4,3,45,1954.25,2.0,0
105403,Electronics,COD,1632.34,12.4,1510,0,6,3,49,4289.79,1.0,0
105404,Beauty,Debit Card,1182.66,68.97,1360,1,13,4,39,1467.92,3.1,0
105405,Books,Credit Card,1391.87,59.11,1138,0,10,1,44,569.14,4.9,0
105406,Fashion,Debit Card,8804.61,53.48,590,0,2,3,35,12287.71,4.3,0
105407,Electronics,Credit Card,1182.7,46.96,1698,1,12,4,57,2509.22,5.0,0
105408,Fashion,Credit Card,2173.2,3.35,893,1,1,4,38,8401.59,,1
105409,Grocery,COD,2380.34,58.51,417,1,5,2,62,1975.21,3.3,0
105410,Fashion,COD,1273.74,32.98,2006,0,13,3,66,2560.98,,0
105411,Grocery,COD,1667.43,6.88,1392,1,2,2,59,3105.42,,0
105412,Fashion,UPI,1361.79,21.05,1315,1,3,1,45,1075.13,1.5,0
105413,Electronics,Debit Card,1575.06,35.14,1312,1,13,2,43,2043.17,1.7,0
105414,Books,UPI,837.81,0.96,222,2,10,2,45,1659.53,4.9,1
105415,Home,UPI,902.01,17.67,1350,0,4,4,58,2970.5,4.2,0
105416,Electronics,UPI,1357.69,23.51,1372,1,5,2,62,2076.99,2.2,0
105417,Footwear,Credit Card,276.57,32.47,1291,2,14,4,57,747.07,4.1,0
105418,Electronics,UPI,4433.12,0.14,47,3,9,4,55,17707.65,3.8,0
105419,Fashion,UPI,7545.35,39.58,1883,0,5,3,41,13676.7,2.9,0
105420,Fashion,UPI,1534.99,13.83,1546,2,3,2,31,2645.4,1.1,0
105421,Home,COD,2281.01,41.81,1901,0,6,2,35,2654.64,,0
105422,Grocery,Debit Card,3180.67,16.74,1274,0,5,4,69,10592.9,2.2,0
105423,Electronics,COD,464.18,28.19,844,0,7,2,39,666.66,,1
105424,Footwear,COD,2814.73,43.65,2087,0,1,2,43,3172.2,,0
105425,Beauty,Debit Card,952.27,45.96,896,1,7,2,43,1029.21,2.1,0
105426,Footwear,UPI,8371.42,2.14,1149,1,4,2,36,16384.54,3.9,0
105427,Grocery,COD,1152.16,37.46,70,0,14,2,25,1441.12,2.2,0
105428,Footwear,COD,2769.84,57.16,432,1,4,1,29,1186.6,,1
105429,Beauty,UPI,1161.27,14.45,309,1,4,4,29,3973.87,2.7,0
105430,Fashion,COD,7764.79,37.24,1076,0,5,4,28,19492.73,3.1,0
105431,Home,COD,889.02,31.33,677,1,9,3,23,1831.47,1.1,0
105432,Books,UPI,3401.84,59.5,851,0,11,4,66,5510.98,1.1,0
105433,Home,UPI,2211.31,30.71,1921,1,5,2,21,3064.43,1.8,0
105434,Books,Credit Card,1850.94,66.07,1716,0,10,3,24,1884.07,2.4,0
105435,Electronics,Credit Card,1608.74,45.67,2000,0,2,4,47,3496.11,1.7,0
105436,Grocery,COD,785.55,39.3,2045,1,3,1,65,476.83,,0
105437,Fashion,COD,169.21,20.43,642,1,5,1,54,134.64,3.4,0
105438,Footwear,UPI,3163.75,41.76,1550,0,10,4,24,7370.27,4.2,1
105439,Electronics,UPI,905.9,9.19,2178,1,8,1,49,822.65,3.1,1
105440,Electronics,COD,3414.14,29.14,782,1,7,4,48,9677.04,2.5,0
105441,Grocery,COD,1774.65,19.91,957,0,9,2,55,2842.63,4.7,0
105442,Grocery,COD,3498.91,46.92,1342,1,3,3,33,5571.66,,0
105443,Books,COD,2544.05,53.48,2001,2,4,4,39,4733.97,2.1,0
105444,Footwear,COD,186.47,65.0,393,0,10,3,68,195.79,,0
105445,Fashion,COD,2190.57,15.55,1183,0,14,1,59,1849.94,1.7,0
105446,Grocery,UPI,1017.45,61.93,628,0,1,3,31,1162.03,3.8,0
105447,Fashion,COD,3401.63,59.22,1790,0,6,1,56,1387.18,1.8,1
105448,Home,Debit Card,2149.45,60.37,627,0,13,4,62,3407.31,2.5,1
105449,Home,Credit Card,2169.77,51.83,910,1,12,2,54,2090.36,1.1,0
105450,Electronics,UPI,1077.29,18.74,885,0,4,4,50,3501.62,2.5,0
105451,Beauty,Wallet,645.43,61.45,204,0,1,4,57,995.25,3.6,0
105452,Books,Credit Card,947.37,41.97,1680,1,8,2,46,1099.52,1.9,0
105453,Electronics,COD,317.38,51.84,657,4,10,2,30,305.7,1.0,1
105454,Footwear,UPI,835.24,14.37,1242,0,4,4,43,2860.86,4.3,0
105455,Home,COD,415.16,11.02,1751,1,5,3,47,1108.23,3.9,1
105456,Electronics,COD,424.03,19.38,1973,0,10,3,57,1025.56,5.0,0
105457,Beauty,COD,1470.24,35.8,2297,2,8,4,58,3775.58,1.5,1
105458,Electronics,UPI,2053.37,29.16,341,0,4,2,24,2909.21,3.7,0
105459,Electronics,COD,1305.79,62.13,1581,1,12,3,23,1483.51,2.0,0
105460,Books,Credit Card,898.72,0.91,840,1,13,2,26,1781.08,3.0,0
105461,Electronics,Credit Card,627.71,5.6,1929,0,11,1,30,592.56,4.0,0
105462,Electronics,Debit Card,1039.24,22.78,990,0,14,2,32,1605.0,1.7,0
105463,Books,COD,693.83,11.74,64,1,6,1,43,612.37,2.9,0
105464,Electronics,UPI,1273.77,28.47,2144,1,2,4,55,3644.51,2.1,0
105465,Grocery,UPI,396.54,50.23,1907,0,11,2,39,394.72,1.6,0
105466,Grocery,Credit Card,2347.38,69.54,846,0,8,4,41,2860.05,3.9,0
105467,Electronics,Credit Card,850.97,14.15,2093,0,6,4,65,2922.23,2.0,1
105468,Home,UPI,1809.86,18.62,1043,1,4,2,57,2945.73,3.1,0
105469,Electronics,UPI,2723.78,53.81,1049,1,1,4,57,5032.46,3.8,0
105470,Beauty,Credit Card,1741.14,19.04,770,1,3,1,57,1409.63,2.8,0
105471,Electronics,COD,2538.43,49.26,1249,0,10,1,20,1288.0,1.5,0
105472,Footwear,COD,256.39,40.84,2486,0,4,4,56,606.72,1.0,0
105473,Fashion,COD,902.99,59.84,159,0,14,2,42,725.28,2.5,1
105474,Books,COD,3237.19,2.33,1495,0,7,1,50,3161.76,5.0,0
105475,Electronics,COD,2013.0,68.58,461,0,2,1,57,632.48,4.9,0
105476,Fashion,COD,5876.82,67.5,335,1,10,4,20,7639.87,2.8,0
105477,Home,UPI,5237.0,1.57,169,3,10,2,52,10309.56,2.7,1
105478,Beauty,UPI,1702.19,34.97,704,0,3,2,63,2213.87,,0
105479,Footwear,UPI,1094.9,28.1,1836,1,12,2,45,1574.47,4.3,0
105480,Electronics,Debit Card,622.19,17.79,1848,1,11,1,52,511.5,3.3,1
105481,Electronics,Debit Card,915.39,68.45,2005,0,9,4,22,1155.22,3.9,0
105482,Fashion,COD,966.23,12.22,389,0,2,1,57,848.16,1.1,0
105483,Fashion,Debit Card,833.31,18.45,298,0,7,2,65,1359.13,4.5,0
105484,Footwear,COD,642.48,0.58,2455,2,14,4,36,2555.01,3.2,1
105485,Footwear,Credit Card,1846.9,40.62,2306,0,4,1,39,1096.69,3.0,0
105486,Footwear,Wallet,5204.67,60.26,1759,1,14,3,44,6205.01,1.9,0
105487,Electronics,UPI,2825.97,43.53,2103,0,3,3,25,4787.48,1.5,0
105488,Home,COD,1034.9,45.61,2016,0,9,3,22,1688.65,2.5,0
105489,Books,UPI,3014.6,4.64,1453,1,6,4,22,11498.89,4.7,0
105490,Fashion,COD,1767.5,50.04,1204,0,1,1,26,883.04,,0
105491,Books,COD,1296.52,28.63,2446,0,9,2,58,1850.65,2.6,0
105492,Fashion,COD,1233.37,33.16,1700,1,7,2,50,1648.77,1.6,0
105493,Fashion,COD,1141.44,40.95,2209,2,5,4,49,2696.08,,0
105494,Footwear,Debit Card,2254.88,68.28,541,0,4,2,21,1430.5,3.4,0
105495,Fashion,Credit Card,1497.78,52.37,579,0,7,2,31,1426.79,4.8,1
105496,Footwear,COD,747.89,47.87,1585,2,2,2,66,779.75,,1
105497,Fashion,Wallet,719.47,30.23,2386,3,9,3,45,1505.92,1.9,1
105498,Electronics,Credit Card,1710.81,2.41,1562,2,2,3,22,5008.74,2.5,0
105499,Fashion,Credit Card,1887.33,37.71,1124,2,3,3,67,3526.85,3.0,0
105500,Electronics,Credit Card,1042.62,46.26,91,1,8,3,47,1680.91,4.0,0
105501,Home,Credit Card,541.53,49.29,412,0,11,4,43,1098.44,2.8,0
105502,Electronics,Credit Card,3643.76,42.55,600,0,6,4,49,8373.36,4.7,0
105503,Beauty,Debit Card,3074.46,21.03,524,3,9,3,38,7283.7,3.6,0
105504,Footwear,UPI,273.17,15.47,1764,1,14,4,53,923.64,1.5,0
105505,Fashion,COD,3911.46,6.31,1719,3,9,2,34,7329.29,1.5,1
105506,Electronics,Credit Card,1133.22,49.2,967,1,11,1,36,575.68,3.2,0
105507,Home,COD,1559.3,67.96,2469,1,7,4,27,1998.4,4.2,0
105508,Grocery,UPI,3329.5,36.75,1002,0,4,4,28,8423.64,3.1,0
105509,Beauty,COD,5024.25,47.12,1129,1,6,1,65,2656.82,4.2,0
105510,Electronics,COD,2987.8,48.48,1329,1,5,2,28,3078.63,1.3,0
105511,Home,Wallet,1624.29,11.3,1445,0,8,2,26,2881.49,2.3,0
105512,Home,Debit Card,445.63,13.43,502,0,3,3,42,1157.35,,1
105513,Fashion,COD,264.81,14.57,771,0,11,2,20,452.45,,0
105514,Electronics,COD,2704.11,65.3,1729,0,3,3,39,2814.98,,0
105515,Footwear,Credit Card,3919.13,1.09,2118,1,10,3,25,11629.23,,0
105516,Electronics,Wallet,698.05,37.88,1075,0,7,4,31,1734.51,2.8,0
105517,Electronics,Credit Card,1079.42,26.4,314,2,11,4,27,3177.81,,0
105518,Electronics,COD,857.64,46.15,2133,1,3,2,63,923.68,3.7,0
105519,Beauty,Debit Card,839.56,15.43,1468,0,3,3,40,2130.05,3.9,0
105520,Home,Credit Card,3165.19,67.28,1107,0,4,3,18,3106.95,,0
105521,Fashion,COD,1595.11,23.19,1477,0,11,2,65,2450.41,3.8,0
105522,Home,UPI,1115.05,64.81,2062,1,4,4,69,1569.54,3.2,1
105523,Books,COD,11226.32,41.24,32,1,5,1,25,6596.59,,0
105524,Fashion,UPI,425.16,29.01,919,0,2,4,23,1207.28,4.9,0
105525,Footwear,UPI,2076.27,51.37,2353,0,4,4,25,4038.76,4.1,0
105526,Fashion,COD,578.72,38.71,772,1,12,2,32,709.39,4.3,1
105527,Electronics,UPI,1180.92,9.7,2436,1,2,2,40,2132.74,,0
105528,Footwear,UPI,1508.56,49.31,725,0,13,1,59,764.69,3.6,1
105529,Grocery,Debit Card,2632.47,40.56,1184,2,12,1,64,1564.74,1.1,0
105530,Fashion,Debit Card,1086.87,39.6,202,0,14,1,62,656.47,2.5,0
105531,Grocery,COD,998.69,51.67,1822,3,9,4,66,1930.67,4.1,0
105532,Home,COD,1071.41,45.74,621,2,10,4,20,2325.39,,0
105533,Fashion,UPI,564.56,25.64,2126,1,12,4,67,1679.23,,1
105534,Grocery,COD,2221.3,22.29,350,0,10,2,52,3452.34,1.0,0
105535,Grocery,COD,1677.51,17.56,318,1,8,2,24,2765.88,3.2,1
105536,Fashion,Credit Card,1897.2,40.26,1189,0,6,4,69,4533.55,1.3,0
105537,Beauty,COD,1266.95,20.99,239,2,13,3,54,3003.05,,0
105538,Fashion,UPI,1147.91,8.43,843,0,5,1,57,1051.14,3.5,1
105539,Electronics,UPI,3430.57,54.79,1732,0,8,4,51,6203.84,2.6,0
105540,Footwear,UPI,3033.37,14.64,1276,0,1,1,58,2589.28,1.4,0
105541,Home,COD,4154.06,11.54,1411,1,10,1,19,3674.68,,0
105542,Beauty,Credit Card,1804.57,59.43,254,1,2,4,46,2928.46,2.4,0
105543,Beauty,UPI,3952.61,49.15,1708,3,1,4,52,8039.61,1.8,0
105544,Beauty,Credit Card,960.19,53.63,255,2,5,3,62,1335.72,1.7,1
105545,Fashion,Debit Card,1140.61,24.53,1442,0,10,2,54,1721.64,4.4,1
105546,Footwear,Debit Card,3484.5,43.22,1983,1,12,1,30,1978.5,2.3,1
105547,Beauty,COD,2630.0,65.25,1824,1,9,2,52,1827.85,1.4,0
105548,Books,COD,1061.71,19.79,901,0,10,3,30,2554.79,1.6,0
105549,Home,Debit Card,579.98,4.83,412,1,4,1,29,551.97,3.6,0
105550,Fashion,COD,1137.77,11.96,2081,0,2,3,50,3005.08,2.5,0
105551,Electronics,UPI,774.41,62.82,562,2,2,1,35,287.93,1.2,0
105552,Fashion,Debit Card,5321.99,19.71,1254,0,2,2,35,8546.05,1.2,0
105553,Electronics,COD,2460.29,34.39,615,2,5,1,46,1614.2,1.2,1
105554,Books,UPI,725.79,37.42,103,0,11,1,28,454.2,3.9,0
105555,Footwear,Credit Card,580.57,67.2,1058,1,1,2,25,380.85,4.4,0
105556,Fashion,COD,718.63,21.1,1389,3,5,3,40,1701.0,,1
105557,Fashion,Wallet,856.57,36.5,1906,0,9,4,26,2175.69,,0
105558,Books,UPI,1172.2,67.07,1822,1,1,1,56,386.01,2.6,0
105559,Electronics,Debit Card,3267.03,14.09,2083,0,8,3,54,8420.12,2.3,0
105560,Footwear,UPI,618.18,41.85,2040,0,6,4,67,1437.89,4.0,0
105561,Fashion,Credit Card,8363.48,4.45,1021,1,13,2,26,15982.61,4.2,0
105562,Electronics,Credit Card,629.77,18.41,872,0,7,4,56,2055.32,4.8,0
105563,Electronics,COD,433.88,4.85,1517,0,8,2,18,825.67,4.9,1
105564,Footwear,COD,5170.08,23.11,1214,1,12,1,50,3975.27,3.8,0
105565,Fashion,Credit Card,3854.53,14.45,759,2,11,2,27,6595.1,1.8,0
105566,Books,Credit Card,1157.62,55.89,108,2,8,2,55,1021.25,4.8,0
105567,Electronics,UPI,1817.22,32.44,1205,0,10,3,21,3683.14,1.5,1
105568,Electronics,Credit Card,1854.29,28.35,1189,2,6,1,20,1328.6,2.1,0
105569,Footwear,Debit Card,1494.24,48.46,2354,3,10,3,32,2310.39,,1
105570,Electronics,UPI,474.76,66.3,2036,1,5,4,36,639.98,3.1,0
105571,Electronics,Wallet,183.91,21.11,695,0,5,2,57,290.17,,0
105572,Home,COD,681.45,4.67,302,0,12,1,27,649.63,3.1,0
105573,Footwear,UPI,5726.86,7.68,1976,0,6,3,58,15861.11,4.1,0
105574,Fashion,UPI,5909.58,60.01,1233,2,8,3,43,7089.72,2.1,0
105575,Electronics,COD,1086.3,59.21,134,0,2,2,21,886.2,,0
105576,Footwear,COD,622.43,33.28,1891,3,5,4,67,1661.14,,1
105577,Books,COD,1673.21,10.34,882,0,10,4,47,6000.8,2.6,0
105578,Footwear,Debit Card,1903.0,36.85,452,3,8,1,62,1201.74,1.8,0
105579,Grocery,Debit Card,2165.87,46.79,1657,0,5,3,22,3457.38,3.8,0
105580,Books,Credit Card,177.39,23.26,1969,0,1,3,41,408.39,2.3,0
105581,Fashion,UPI,16750.86,5.78,1946,0,8,1,27,15782.66,3.0,0
105582,Fashion,COD,3314.23,22.54,707,1,5,1,44,2567.2,4.2,1
105583,Books,Credit Card,1143.34,48.34,1492,1,13,1,58,590.65,1.6,0
105584,Books,UPI,753.87,68.49,1180,0,1,2,62,475.09,3.6,0
105585,Footwear,Wallet,2950.84,13.31,2176,1,10,2,68,5116.17,2.3,0
105586,Beauty,UPI,1990.85,64.02,498,2,6,3,31,2148.92,3.0,0
105587,Fashion,COD,1441.9,31.96,2057,0,4,4,32,3924.28,3.9,0
105588,Home,COD,1932.69,46.43,885,2,10,2,57,2070.68,,0
105589,Beauty,COD,1223.93,60.46,1555,0,8,4,58,1935.77,4.4,1
105590,Home,Credit Card,1847.32,39.02,1270,0,2,3,35,3379.49,4.6,0
105591,Grocery,COD,2394.88,4.3,889,1,9,4,35,9167.6,1.2,0
105592,Beauty,UPI,1762.79,18.6,601,0,3,2,28,2869.82,2.7,0
105593,Electronics,Debit Card,1690.43,56.2,928,0,12,3,58,2221.23,4.2,0
105594,Beauty,Credit Card,4081.78,38.7,1530,1,4,4,23,10008.52,4.2,0
105595,Beauty,COD,373.27,23.04,1549,0,12,4,47,1149.07,,0
105596,Footwear,Credit Card,707.47,40.83,1569,1,5,2,38,837.22,2.1,0
105597,Home,Credit Card,1368.2,18.8,1651,0,5,2,46,2221.96,3.2,1
105598,Beauty,UPI,747.03,16.87,156,0,1,1,66,621.01,4.0,1
105599,Home,COD,975.72,57.99,1004,0,13,3,60,1229.7,3.8,1
105600,Home,UPI,3752.56,28.0,808,0,8,3,65,8105.53,2.0,1
105601,Electronics,COD,1188.95,19.18,1011,0,3,2,54,1921.82,1.0,0
105602,Footwear,COD,310.02,28.64,974,0,1,1,40,221.23,4.5,0
105603,Footwear,Wallet,954.63,64.44,466,2,4,4,68,1357.87,2.8,0
105604,Home,COD,1403.17,12.66,2413,1,7,4,47,4902.11,4.3,0
105605,Beauty,COD,1382.64,12.97,30,1,1,4,36,4813.25,4.5,1
105606,Electronics,Debit Card,2089.81,24.76,1501,0,6,2,62,3144.75,4.8,1
105607,Beauty,Credit Card,1957.67,4.23,1169,0,5,3,67,5624.58,2.4,0
105608,Home,COD,1198.64,5.24,1767,0,13,4,42,4543.33,,0
105609,Books,COD,515.72,0.77,2082,0,6,4,61,2047.0,3.4,0
105610,Electronics,COD,941.14,10.23,1632,0,2,2,43,1689.72,1.7,0
105611,Books,Credit Card,813.85,44.83,1923,1,4,4,43,1796.0,2.7,0
105612,Fashion,COD,1066.26,13.75,706,0,12,3,45,2758.95,,0
105613,Books,UPI,2328.4,26.45,2485,1,1,1,44,1712.54,1.8,0
105614,Beauty,UPI,1850.63,49.39,245,0,2,1,64,936.6,2.5,0
105615,Fashion,COD,2589.46,2.23,1683,1,1,2,64,5063.43,2.7,0
105616,Home,COD,985.09,14.63,392,1,1,4,59,3363.89,4.2,0
105617,Grocery,COD,4476.91,69.71,607,0,13,3,48,4068.17,4.4,0
105618,Beauty,COD,2294.5,41.79,2068,3,14,3,23,4006.89,3.9,1
105619,Electronics,COD,1465.26,46.2,1703,2,11,3,35,2364.93,,0
105620,Home,UPI,2170.42,36.12,1594,3,2,4,25,5545.86,1.4,0
105621,Fashion,COD,780.08,67.61,2076,5,10,3,20,758.0,3.2,1
105622,Beauty,Credit Card,247.89,10.1,717,2,11,2,50,445.71,2.0,0
105623,Beauty,Debit Card,824.39,4.72,1613,1,12,2,33,1570.96,2.7,0
105624,Electronics,UPI,2435.64,57.13,528,1,11,3,22,3132.48,3.8,0
105625,Beauty,COD,1428.2,0.29,1219,1,10,1,29,1424.06,4.8,0
105626,Books,COD,1200.55,39.31,1029,1,7,4,21,2914.46,2.4,0
105627,Grocery,Wallet,679.75,0.1,1557,1,1,4,24,2716.28,3.3,1
105628,Electronics,COD,280.15,24.38,190,2,12,2,43,423.7,,1
105629,Fashion,Debit Card,4187.57,45.56,93,1,13,3,52,6839.14,3.7,1
105630,Home,Debit Card,1134.2,38.31,108,2,8,4,58,2798.75,2.0,0
105631,Electronics,Credit Card,949.91,39.19,684,0,7,3,38,1732.92,2.9,0
105632,Home,COD,782.65,11.01,1452,1,13,1,56,696.48,,0
105633,Electronics,COD,3654.15,20.63,419,1,7,1,22,2900.3,1.2,0
105634,Electronics,Credit Card,2711.02,49.7,2478,2,6,3,24,4090.93,,0
105635,Books,Credit Card,617.83,1.63,1051,1,13,1,35,607.76,3.5,0
105636,Fashion,UPI,3400.35,41.67,778,1,13,4,51,7933.7,4.3,0
105637,Books,UPI,1192.66,36.19,2235,0,3,2,25,1522.07,4.8,0
105638,Electronics,UPI,821.86,24.08,462,1,4,4,18,2495.82,2.6,0
105639,Beauty,Wallet,1059.03,23.43,494,0,5,1,49,810.9,4.0,0
105640,Fashion,UPI,715.77,55.93,970,1,3,2,39,630.88,2.2,0
105641,Grocery,COD,465.59,26.74,205,0,12,1,40,341.09,2.7,1
105642,Grocery,Credit Card,2492.16,5.59,1713,0,14,2,39,4705.7,4.3,0
105643,Fashion,Debit Card,1122.64,67.34,1948,0,8,1,66,366.65,4.6,0
105644,Beauty,Debit Card,2194.63,9.13,903,0,10,2,23,3988.52,2.5,1
105645,Fashion,COD,1685.42,55.82,2173,0,6,2,49,1489.24,,1
105646,Beauty,Debit Card,2077.32,0.98,48,0,14,3,57,6170.89,4.1,0
105647,Electronics,COD,260.66,25.51,1342,1,14,1,57,194.17,1.7,1
105648,Home,COD,669.54,36.06,1833,3,11,2,22,856.21,3.5,0
105649,Electronics,UPI,2112.21,2.08,960,0,13,3,35,6204.83,3.0,0
105650,Footwear,Credit Card,483.06,51.39,2368,1,2,2,67,469.63,1.3,1
105651,Home,Credit Card,1805.25,18.24,1093,2,13,3,57,4427.92,,0
105652,Beauty,Debit Card,440.29,37.88,2297,0,6,4,65,1094.03,4.9,0
105653,Fashion,Debit Card,1357.17,55.46,1657,2,3,3,56,1813.45,4.1,0
105654,Fashion,COD,4856.11,41.38,600,1,14,4,21,11386.61,,1
105655,Fashion,Debit Card,2489.11,31.89,2083,0,12,4,69,6781.33,1.9,1
105656,Footwear,COD,304.72,23.53,105,1,2,3,61,699.06,2.3,0
105657,Grocery,Debit Card,2640.43,3.16,497,1,10,2,52,5113.98,1.1,0
105658,Electronics,COD,5754.81,63.91,1956,2,13,2,18,4153.82,1.3,0
105659,Books,Wallet,12551.72,41.44,2258,2,10,4,65,29401.15,,0
105660,Home,UPI,1958.75,44.21,988,0,7,4,64,4371.15,3.2,0
105661,Electronics,Credit Card,449.65,30.84,1653,1,1,1,63,310.98,3.8,0
105662,Home,COD,1896.46,26.09,1752,0,7,3,33,4205.02,,0
105663,Electronics,Credit Card,4802.19,3.27,1853,1,8,2,65,9290.32,1.3,0
105664,Fashion,UPI,1153.24,11.83,2267,2,12,4,18,4067.25,4.8,1
105665,Books,Debit Card,3085.56,29.79,244,0,4,2,47,4332.74,4.9,0
105666,Fashion,UPI,684.25,16.92,505,0,3,1,57,568.47,1.1,0
105667,Footwear,UPI,1804.22,3.11,2298,1,13,4,29,6992.44,1.3,0
105668,Books,Credit Card,182.79,38.22,1375,2,12,3,68,338.78,4.3,0
105669,Grocery,Debit Card,626.24,32.49,1334,1,8,4,48,1691.1,,0
105670,Beauty,Credit Card,1332.89,29.5,1025,0,7,4,26,3758.75,5.0,1
105671,Footwear,Debit Card,1001.56,54.9,924,1,9,2,65,903.41,2.0,0
105672,Fashion,Credit Card,473.19,41.97,634,0,3,2,24,549.18,,1
105673,Home,UPI,898.09,0.1,1015,1,4,4,68,3588.77,3.1,1
105674,Home,COD,1743.63,53.33,211,1,8,2,68,1627.5,3.2,0
105675,Footwear,COD,1250.15,33.78,753,1,6,1,67,827.85,1.8,1
105676,Electronics,COD,1406.35,36.18,2484,1,3,3,34,2692.6,,0
105677,Beauty,UPI,2405.65,62.27,432,2,8,3,40,2722.96,,1
105678,Grocery,Credit Card,1017.87,7.65,1838,0,10,4,57,3760.01,1.9,0
105679,Fashion,Credit Card,3973.26,41.96,115,1,12,1,59,2306.08,4.3,1
105680,Footwear,Credit Card,607.03,19.75,1842,0,9,2,28,974.28,1.9,0
105681,Fashion,Credit Card,6262.92,2.57,683,1,9,3,43,18305.89,2.2,0
105682,Electronics,UPI,3263.09,30.62,1764,0,8,4,37,9055.73,1.3,0
105683,Beauty,Wallet,1007.47,19.85,1256,1,2,1,53,807.49,3.7,1
105684,Home,UPI,1062.68,0.1,1945,2,6,3,58,3184.85,2.1,0
105685,Electronics,UPI,1580.33,34.51,1676,3,7,3,40,3104.87,4.8,0
105686,Electronics,COD,2162.32,21.78,1408,0,8,4,64,6765.47,4.0,1
105687,Electronics,COD,3215.18,30.39,1841,1,5,2,33,4476.17,,0
105688,Grocery,Debit Card,458.3,0.82,2415,1,11,1,57,454.54,,0
105689,Footwear,Debit Card,1900.66,28.12,1501,1,8,3,40,4098.58,3.6,0
105690,Home,COD,246.36,32.93,459,1,5,4,23,660.93,4.5,0
105691,Electronics,UPI,1162.3,32.62,316,0,7,1,33,783.16,4.8,0
105692,Home,COD,4286.09,50.18,1382,0,10,3,61,6405.99,,1
105693,Footwear,COD,430.92,69.39,1095,2,1,3,40,395.71,4.8,0
105694,Books,COD,372.64,1.95,1533,1,5,4,58,1461.49,1.6,0
105695,Fashion,UPI,1598.2,27.72,1678,0,3,2,53,2310.36,1.2,0
105696,Electronics,UPI,4064.08,59.97,491,0,5,4,39,6507.4,2.9,1
105697,Footwear,Credit Card,1737.7,43.8,1865,0,10,1,28,976.59,2.3,0
105698,Footwear,UPI,291.87,68.85,2478,1,3,3,55,272.75,4.7,0
105699,Electronics,UPI,348.45,49.94,831,0,8,3,53,523.3,1.1,0
105700,Grocery,Credit Card,1448.37,50.7,2323,0,6,2,34,1428.09,2.3,0
105701,Electronics,UPI,521.45,5.33,2323,0,1,1,21,493.66,2.4,1
105702,Electronics,COD,1494.2,19.27,1063,1,13,4,38,4825.07,3.9,0
105703,Grocery,Credit Card,1566.81,40.87,1994,0,9,2,18,1852.91,1.0,0
105704,Home,COD,905.23,36.57,2332,0,5,4,58,2296.75,4.4,0
105705,Home,Credit Card,5720.45,53.38,2133,2,8,2,30,5333.75,4.7,0
105706,Footwear,Credit Card,2148.17,69.56,989,2,14,3,38,1961.71,2.9,1
105707,Grocery,COD,3530.78,14.48,1676,0,3,3,28,9058.57,1.4,0
105708,Electronics,Credit Card,2797.46,29.99,1493,2,12,2,65,3917.0,1.2,0
105709,Beauty,Debit Card,1187.9,60.68,1051,1,1,2,61,934.16,2.0,0
105710,Grocery,Debit Card,1146.47,58.67,1609,1,13,2,66,947.67,1.5,0
105711,Beauty,COD,1055.64,57.2,2337,0,5,1,57,451.81,3.0,1
105712,Footwear,COD,2309.72,43.43,94,0,5,3,24,3919.83,,1
105713,Books,Credit Card,796.09,69.52,2256,1,11,2,52,485.3,,0
105714,Electronics,UPI,5324.25,25.05,939,0,3,3,41,11971.58,4.3,0
105715,Electronics,UPI,737.53,8.14,2076,1,2,3,54,2032.49,3.4,0
105716,Grocery,COD,1590.14,9.28,296,0,7,4,53,5770.3,3.5,1
105717,Footwear,UPI,1115.14,30.5,2231,1,14,4,52,3100.09,3.7,0
105718,Electronics,Debit Card,933.9,56.35,1136,0,5,1,50,407.65,4.5,0
105719,Electronics,Wallet,7615.02,31.7,2294,0,8,1,60,5201.06,3.7,0
105720,Grocery,COD,942.71,42.8,1086,0,6,4,63,2156.92,1.5,0
105721,Electronics,Credit Card,1049.66,25.06,1873,0,11,1,45,786.62,,0
105722,Electronics,Debit Card,787.37,50.04,1502,1,13,3,18,1180.11,3.1,1
105723,Footwear,COD,1384.14,10.72,524,1,14,4,18,4943.04,1.7,0
105724,Grocery,COD,1235.16,36.41,645,2,4,4,19,3141.75,4.8,1
105725,Footwear,COD,547.08,12.96,1360,1,4,2,62,952.36,2.0,1
105726,Books,Credit Card,953.85,32.8,1232,0,13,2,41,1281.97,4.1,0
105727,Fashion,Debit Card,2181.46,30.13,1551,0,9,2,42,3048.37,,0
105728,Footwear,UPI,3046.02,42.32,2022,1,5,1,32,1756.94,2.1,0
105729,Fashion,COD,1365.4,35.67,1940,0,5,1,66,878.36,2.8,0
105730,Fashion,UPI,1404.16,68.3,174,3,3,1,30,445.12,2.0,0
105731,Footwear,Credit Card,1003.45,63.02,1253,1,2,4,64,1484.3,4.3,1
105732,Books,Wallet,896.1,20.59,396,0,5,2,52,1423.19,4.2,0
105733,Footwear,COD,641.84,8.48,1296,1,12,3,38,1762.24,4.6,1
105734,Electronics,UPI,385.55,4.53,1353,1,10,3,52,1104.25,1.3,0
105735,Footwear,UPI,763.6,13.86,2489,0,1,1,66,657.77,4.0,0
105736,Beauty,UPI,2760.71,15.55,989,0,1,4,21,9325.68,3.3,0
105737,Books,UPI,953.81,62.21,1146,1,13,2,21,720.89,2.7,0
105738,Footwear,Credit Card,1015.55,64.74,1293,1,12,3,26,1074.25,4.6,0
105739,Fashion,UPI,999.86,16.13,351,1,12,2,52,1677.17,4.5,0
105740,Books,Debit Card,3625.57,53.11,177,1,13,2,45,3400.06,3.8,0
105741,Beauty,Credit Card,637.33,58.5,1782,0,9,1,53,264.49,,0
105742,Grocery,Wallet,1671.78,26.43,772,0,5,3,39,3689.79,2.0,0
105743,Footwear,COD,1268.04,61.01,925,1,9,4,61,1977.64,,0
105744,Books,Credit Card,1414.23,69.21,2480,0,9,1,42,435.44,2.0,1
105745,Electronics,UPI,1628.61,67.75,643,1,12,2,42,1050.45,4.1,0
105746,Electronics,COD,1402.11,51.93,2263,3,8,2,43,1347.99,2.3,0
105747,Footwear,COD,2526.06,26.02,1582,1,1,3,30,5606.34,2.1,0
105748,Footwear,COD,1308.44,15.89,684,0,9,3,68,3301.59,,0
105749,Footwear,UPI,5407.28,69.5,2387,1,11,4,20,6596.88,1.2,1
105750,Electronics,UPI,1387.95,19.33,1566,1,14,2,19,2239.32,2.4,0
105751,Fashion,COD,342.83,30.69,802,0,3,1,42,237.62,1.4,0
105752,Grocery,Debit Card,2231.99,18.49,1144,1,13,2,53,3638.59,3.2,0
105753,Grocery,Debit Card,1832.94,34.73,949,2,1,1,41,1196.36,1.7,0
105754,Electronics,Debit Card,1374.76,7.73,2118,0,11,2,59,2536.98,2.1,0
105755,Beauty,Debit Card,1088.27,56.63,1179,0,5,2,36,943.97,2.9,0
105756,Electronics,Wallet,246.73,35.36,120,1,2,2,30,318.97,2.5,0
105757,Home,COD,282.17,29.37,1729,1,5,3,51,597.89,2.3,0
105758,Fashion,COD,5004.11,25.42,1899,0,8,1,30,3732.07,4.8,0
105759,Electronics,Debit Card,838.49,40.58,1007,0,3,2,45,996.46,1.2,0
105760,Electronics,Credit Card,2900.09,54.59,2306,0,8,3,51,3950.79,4.5,0
105761,Footwear,Credit Card,371.51,63.18,1079,2,10,2,24,273.58,4.7,0
105762,Books,COD,579.7,58.91,682,1,13,4,29,952.79,4.9,0
105763,Footwear,COD,2305.18,31.19,1761,3,8,1,20,1586.19,4.4,0
105764,Home,UPI,1233.98,58.38,345,0,9,2,29,1027.16,4.2,0
105765,Home,COD,2059.33,37.0,2463,0,13,1,64,1297.38,1.9,1
105766,Fashion,Debit Card,1324.9,44.67,1717,0,1,1,18,733.07,1.7,0
105767,Beauty,UPI,1134.4,47.22,811,2,11,2,56,1197.47,3.4,0
105768,Fashion,COD,777.41,27.98,231,0,14,2,27,1119.78,3.1,0
105769,Books,COD,515.33,34.02,1475,0,12,1,42,340.01,3.9,1
105770,Grocery,Credit Card,4114.04,48.48,1478,1,13,4,18,8478.21,,0
105771,Footwear,Credit Card,4693.09,21.55,1992,0,13,4,43,14726.92,,0
105772,Fashion,COD,583.5,52.28,730,0,9,2,66,556.89,,1
105773,Home,Debit Card,553.76,24.79,553,1,12,4,23,1665.93,3.4,0
105774,Fashion,COD,1014.13,40.98,1049,2,6,1,34,598.54,2.4,1
105775,Electronics,COD,1758.73,58.63,2051,2,2,4,31,2910.35,,0
105776,Books,COD,1158.11,1.62,2272,0,2,4,54,4557.39,4.4,0
105777,Home,COD,1997.43,16.82,906,0,3,2,60,3322.92,4.3,0
105778,Books,Credit Card,1287.68,39.28,147,0,11,3,32,2345.64,1.6,1
105779,Electronics,UPI,1222.06,7.43,304,0,6,2,24,2262.52,4.0,0
105780,Footwear,COD,9232.3,14.39,1374,1,12,4,64,31615.09,,0
105781,Footwear,Credit Card,879.93,52.44,91,3,5,2,23,836.99,2.8,1
105782,Home,Debit Card,4973.89,1.81,1817,0,12,1,62,4883.86,2.9,0
105783,Footwear,Debit Card,4261.99,42.7,111,0,13,1,47,2442.12,2.6,0
105784,Fashion,Debit Card,2004.75,2.39,1076,0,5,3,58,5870.51,2.4,0
105785,Books,COD,286.89,8.11,2000,1,8,4,61,1054.49,2.9,0
105786,Footwear,Debit Card,1373.13,27.32,1185,0,8,3,53,2993.97,3.8,1
105787,Grocery,COD,887.35,67.53,1697,1,13,3,37,864.37,2.3,1
105788,Grocery,UPI,1361.13,38.21,854,2,6,4,34,3364.17,3.3,0
105789,Home,COD,572.28,21.86,1989,1,6,2,51,894.36,2.4,0
105790,Grocery,UPI,2452.85,28.79,1083,0,11,2,44,3493.35,4.9,0
105791,Books,Debit Card,2945.36,39.81,1889,1,13,4,64,7091.25,3.7,1
105792,Electronics,Debit Card,3415.3,43.36,2381,3,1,3,57,5803.28,4.4,0
105793,Electronics,COD,986.59,18.75,971,0,2,1,64,801.6,,0
105794,Grocery,Debit Card,573.9,13.81,602,0,14,1,38,494.64,2.0,0
105795,Beauty,UPI,1774.63,34.67,2334,0,7,4,42,4637.46,1.3,0
105796,Home,Credit Card,5458.12,45.14,1711,0,8,4,63,11977.3,4.3,0
105797,Footwear,COD,1415.89,57.16,2198,0,13,2,33,1213.13,,1
105798,Books,COD,1923.38,41.5,964,1,6,4,60,4500.71,4.3,1
105799,Fashion,COD,1109.94,48.47,890,0,7,4,47,2287.81,3.7,1
105800,Home,UPI,895.36,33.88,336,1,12,3,39,1776.04,1.2,1
105801,Beauty,Credit Card,2267.93,39.67,1939,0,11,4,66,5472.97,2.7,0
105802,Grocery,UPI,1230.46,44.48,2115,0,10,4,31,2732.61,2.3,0
105803,Beauty,UPI,1849.77,16.54,2054,0,6,2,53,3087.64,2.7,0
105804,Home,Debit Card,2010.23,65.39,749,0,10,4,36,2782.96,3.7,0
105805,Books,Debit Card,1768.72,24.17,1236,0,12,3,67,4023.66,3.3,0
105806,Books,Debit Card,2092.85,42.33,1248,1,13,2,46,2413.89,3.5,0
105807,Grocery,Credit Card,676.95,39.27,327,0,9,1,48,411.11,1.8,0
105808,Electronics,COD,644.69,59.73,30,2,13,3,34,778.85,3.0,1
105809,Grocery,UPI,1294.53,7.95,855,2,12,4,19,4766.46,1.9,0
105810,Home,Wallet,1319.69,61.9,1290,0,11,1,69,502.8,3.0,0
105811,Electronics,Credit Card,881.96,9.59,2472,0,8,2,41,1594.76,2.2,1
105812,Books,UPI,1624.25,10.12,2188,0,7,4,52,5839.5,1.9,0
105813,Books,Wallet,2769.92,60.36,1798,3,9,4,64,4391.99,4.8,0
105814,Home,Credit Card,3463.41,18.0,2408,4,13,2,36,5679.99,2.1,0
105815,Grocery,UPI,4145.63,42.83,1943,0,8,4,19,9480.23,3.5,0
105816,Fashion,Debit Card,467.86,32.45,1329,1,10,4,58,1264.16,3.5,0
105817,Fashion,COD,528.27,65.4,2282,3,8,2,50,365.56,3.3,1
105818,Fashion,COD,1062.4,54.75,2302,1,10,2,51,961.47,,1
105819,Home,Credit Card,1428.28,23.45,530,1,10,1,37,1093.35,3.4,0
105820,Books,UPI,1106.84,56.94,728,2,1,1,65,476.61,,1
105821,Grocery,COD,860.82,15.81,2421,1,2,3,38,2174.17,,0
105822,Books,UPI,1049.92,43.09,44,1,1,1,19,597.51,1.3,0
105823,Electronics,Debit Card,1971.7,52.61,1309,1,11,2,47,1868.78,3.2,0
105824,Fashion,Debit Card,462.34,49.22,975,0,13,1,58,234.78,2.6,0
105825,Electronics,COD,8731.44,45.97,1869,0,5,2,39,9435.19,1.8,0
105826,Books,Credit Card,1362.12,58.1,2396,0,2,1,41,570.73,2.4,0
105827,Fashion,COD,3104.72,38.93,815,1,1,3,65,5688.16,,1
105828,Home,COD,842.18,64.98,574,0,7,4,48,1179.73,4.4,1
105829,Grocery,COD,2120.65,10.14,843,1,10,3,33,5716.85,1.7,0
105830,Books,COD,1451.09,24.9,1797,1,5,4,36,4359.07,,1
105831,Fashion,COD,2658.31,54.81,918,0,9,3,57,3603.87,1.6,1
105832,Fashion,Debit Card,1142.62,21.56,1616,0,3,3,56,2688.81,,0
105833,Books,Credit Card,4634.35,31.01,889,0,11,2,22,6394.48,1.1,0
105834,Home,COD,406.0,54.1,1858,2,5,2,58,372.71,1.6,1
105835,Electronics,UPI,2862.64,37.7,184,1,14,1,35,1783.42,2.5,0
105836,Footwear,Credit Card,1472.88,13.13,876,1,11,3,24,3838.47,,1
105837,Home,UPI,593.09,12.24,794,2,7,1,26,520.5,3.7,0
105838,Home,Debit Card,6384.65,21.09,1506,0,14,3,63,15114.38,1.1,0
105839,Electronics,COD,5877.92,21.21,1629,0,14,3,29,13893.64,3.1,0
105840,Fashion,UPI,254.91,9.57,1826,0,3,4,44,922.06,,0
105841,Fashion,UPI,1542.91,58.43,2257,2,9,2,47,1282.78,3.5,1
105842,Fashion,Debit Card,2355.55,19.78,1996,1,10,4,43,7558.49,1.5,0
105843,Beauty,Credit Card,1907.15,56.16,132,0,6,2,35,1672.19,,0
105844,Home,Credit Card,4502.66,68.14,1703,1,14,3,19,4303.64,4.3,1
105845,Footwear,Credit Card,3812.75,23.24,71,1,10,4,20,11706.67,4.6,0
105846,Footwear,UPI,1655.98,67.92,1051,1,11,3,43,1593.72,2.4,0
105847,Fashion,Credit Card,8280.7,13.38,1493,2,3,4,62,28690.97,3.4,1
105848,Electronics,COD,2834.09,45.32,818,1,13,3,61,4649.04,,1
105849,Grocery,COD,1011.18,69.38,1758,1,14,1,53,309.62,4.0,1
105850,Footwear,COD,861.02,56.59,1996,1,13,2,32,747.54,3.1,0
105851,Footwear,COD,3621.61,16.08,1532,0,7,4,67,12157.02,3.3,0
105852,Electronics,Credit Card,710.26,18.01,1326,2,14,3,37,1747.03,4.1,1
105853,Fashion,UPI,965.08,18.37,2433,0,1,1,59,787.79,3.2,0
105854,Electronics,COD,1105.82,66.01,1641,0,3,2,25,751.74,3.2,1
105855,Grocery,COD,1780.27,17.18,595,3,10,3,47,4423.26,,0
105856,Beauty,COD,1147.38,35.67,1651,0,11,4,29,2952.44,,0
105857,Home,Credit Card,467.04,24.49,1218,1,2,1,41,352.66,2.8,0
105858,Beauty,Debit Card,3393.66,25.29,88,0,5,2,58,5070.81,3.2,1
105859,Fashion,Credit Card,969.21,28.58,2292,0,2,1,67,692.21,3.5,0
105860,Beauty,Wallet,6740.9,24.15,1995,2,2,2,21,10225.95,3.2,0
105861,Electronics,Wallet,1708.19,41.99,1555,0,1,4,40,3963.68,2.8,0
105862,Beauty,UPI,3691.42,29.78,1692,1,14,1,21,2592.12,2.9,0
105863,Books,UPI,2218.73,30.87,1455,0,13,3,46,4601.42,1.4,1
105864,Books,Credit Card,3835.46,35.42,877,2,9,2,69,4953.88,4.3,0
105865,Fashion,Debit Card,2113.86,24.93,2334,2,1,2,35,3173.75,1.3,0
105866,Grocery,Credit Card,1616.69,52.82,1396,2,11,4,37,3051.02,4.9,0
105867,Books,UPI,3211.8,35.24,867,0,8,4,32,8319.85,4.9,0
105868,Electronics,COD,9786.68,35.64,1721,1,11,1,62,6298.71,,1
105869,Electronics,COD,1079.4,14.69,418,3,7,2,61,1841.67,1.3,0
105870,Beauty,COD,2529.92,2.16,819,1,1,1,60,2475.27,1.1,1
105871,Fashion,Debit Card,1333.82,56.65,349,0,13,1,30,578.21,3.5,0
105872,Electronics,Debit Card,2007.91,59.88,240,1,13,3,29,2416.72,1.7,1
105873,Electronics,COD,1385.38,16.89,2060,3,13,2,25,2302.78,4.8,0
105874,Electronics,Credit Card,238.37,25.2,1109,2,10,2,27,356.6,3.6,0
105875,Home,Credit Card,1141.22,25.06,2146,0,13,3,55,2565.69,4.4,0
105876,Beauty,UPI,2979.9,47.89,1604,1,1,4,46,6211.3,5.0,0
105877,Electronics,COD,726.21,13.11,607,1,6,3,61,1893.01,4.8,0
105878,Books,COD,2798.27,68.51,552,1,5,3,52,2643.53,1.4,1
105879,Fashion,Debit Card,1551.36,4.33,1158,2,7,2,66,2968.37,4.9,0
105880,Fashion,Debit Card,1149.18,68.16,264,0,1,2,20,731.8,1.3,1
105881,Fashion,UPI,2764.6,4.81,1474,1,12,3,52,7894.87,4.1,0
105882,Grocery,Debit Card,2309.59,22.23,1164,2,5,2,24,3592.34,4.0,0
105883,Footwear,UPI,1875.14,17.55,373,0,2,3,36,4638.16,1.9,0
105884,Home,COD,3019.12,18.17,1326,2,3,2,41,4941.09,2.5,1
105885,Electronics,Credit Card,1575.74,69.63,2126,1,2,2,44,957.1,3.5,0
105886,Fashion,Wallet,359.34,32.08,2274,1,10,4,28,976.25,3.0,0
105887,Electronics,COD,989.8,8.37,1064,0,13,1,27,906.95,3.8,0
105888,Grocery,UPI,316.23,68.76,210,0,2,4,25,395.16,1.5,0
105889,Electronics,COD,2266.27,16.99,2162,2,1,1,29,1881.23,2.6,0
105890,Footwear,Credit Card,2743.42,5.08,1391,0,13,2,53,5208.11,3.9,0
105891,Beauty,COD,2845.12,1.69,1907,1,6,3,64,8391.11,1.0,0
105892,Home,Debit Card,1980.84,32.43,141,1,2,4,35,5353.81,3.6,0
105893,Grocery,UPI,2905.44,64.28,758,2,3,4,62,4151.29,3.2,0
105894,Electronics,COD,379.45,1.19,735,0,10,3,60,1124.8,,0
105895,Grocery,COD,1228.99,50.76,1799,0,2,2,32,1210.31,4.8,0
105896,Electronics,COD,431.85,18.23,1712,0,6,2,28,706.25,3.8,0
105897,Grocery,COD,1005.6,15.33,1859,0,14,2,37,1702.88,,1
105898,Home,Credit Card,4880.49,49.27,1010,1,7,4,24,9903.49,3.1,0
105899,Electronics,Wallet,3211.81,52.35,798,2,3,3,67,4591.28,2.8,1
105900,Grocery,COD,2275.21,39.13,497,3,11,1,60,1384.92,4.1,1
105901,Electronics,Credit Card,1158.29,14.16,656,1,7,1,38,994.28,2.3,1
105902,Electronics,Credit Card,604.94,0.44,435,0,6,1,44,602.28,2.0,0
105903,Grocery,COD,1555.61,51.61,2063,1,4,3,35,2258.28,2.8,0
105904,Home,COD,3256.93,41.97,1703,0,11,4,18,7559.99,2.3,0
105905,Footwear,UPI,1859.19,29.58,1704,1,7,2,28,2618.48,4.3,0
105906,Beauty,Debit Card,376.7,14.95,2218,0,7,1,20,320.38,2.1,0
105907,Beauty,UPI,1456.35,53.34,1856,1,11,2,39,1359.07,2.6,0
105908,Fashion,Credit Card,289.84,4.96,821,2,6,3,39,826.39,2.1,0
105909,Electronics,Debit Card,2548.72,44.99,803,0,10,1,36,1402.05,3.2,0
105910,Footwear,UPI,769.39,48.19,344,0,3,3,53,1195.86,2.2,0
105911,Electronics,UPI,503.46,15.63,1813,1,9,4,56,1699.08,3.5,1
105912,Home,UPI,2576.91,33.83,2189,2,7,4,46,6820.57,4.2,0
105913,Fashion,COD,2095.41,36.41,1794,3,8,1,36,1332.47,4.0,0
105914,Fashion,Wallet,1613.11,41.39,1192,0,6,4,36,3781.78,2.2,0
105915,Beauty,UPI,7733.88,63.08,853,1,2,1,41,2855.35,3.3,0
105916,Grocery,UPI,2226.09,38.25,1112,2,13,2,56,2749.22,2.5,0
105917,Grocery,Debit Card,799.54,4.71,698,0,6,2,34,1523.76,3.6,0
105918,Footwear,Wallet,2029.13,24.15,438,0,11,3,55,4617.29,4.5,0
105919,Fashion,Credit Card,1065.43,43.98,1095,1,13,4,34,2387.42,4.4,0
105920,Home,UPI,3690.09,23.32,614,1,7,3,46,8488.68,,0
105921,Electronics,Debit Card,1677.03,53.76,1855,0,12,4,31,3101.83,2.6,0
105922,Books,UPI,1815.18,13.29,2269,1,7,4,22,6295.77,4.2,0
105923,Fashion,UPI,422.46,10.01,508,1,1,3,43,1140.52,2.5,0
105924,Beauty,COD,1406.81,16.17,44,0,13,3,54,3537.99,,0
105925,Electronics,COD,1280.48,61.33,2189,0,12,3,40,1485.48,3.4,0
105926,Grocery,Credit Card,590.3,47.67,755,2,8,2,58,617.81,3.4,0
105927,Grocery,UPI,1121.92,36.4,660,2,12,2,20,1427.08,4.0,1
105928,Footwear,UPI,1898.09,21.02,2142,1,10,3,20,4497.33,4.4,0
105929,Electronics,UPI,1334.78,64.3,2103,0,12,1,66,476.52,4.6,1
105930,Footwear,UPI,432.82,62.21,1464,2,1,2,47,327.13,3.8,0
105931,Fashion,Debit Card,1076.45,27.96,414,1,12,2,36,1550.95,3.5,0
105932,Fashion,COD,921.11,52.69,1772,2,4,3,51,1307.33,1.1,1
105933,Fashion,Debit Card,1563.7,63.95,1856,0,14,2,57,1127.43,1.5,0
105934,Fashion,UPI,1434.29,21.93,1125,1,14,1,63,1119.75,1.6,0
105935,Beauty,Debit Card,963.63,23.01,1416,1,1,3,65,2225.7,2.0,0
105936,Fashion,UPI,933.99,38.21,1355,0,10,2,36,1154.22,4.6,0
105937,Fashion,Wallet,1413.43,28.59,1663,0,6,3,18,3027.99,,0
105938,Books,Credit Card,2893.96,53.3,1303,2,4,3,39,4054.44,3.5,0
105939,Grocery,UPI,1673.9,37.59,2436,0,14,4,24,4178.72,1.5,1
105940,Books,Credit Card,4181.63,14.83,116,1,6,3,44,10684.48,3.6,1
105941,Beauty,Credit Card,3316.13,24.95,159,0,8,3,27,7466.27,3.9,1
105942,Electronics,COD,4435.28,46.99,403,0,5,2,52,4702.28,,0
105943,Grocery,COD,4003.41,3.74,398,1,10,3,64,11561.05,2.0,1
105944,Electronics,COD,4676.75,23.95,1261,0,4,2,28,7113.34,3.7,0
105945,Fashion,Debit Card,532.45,1.13,225,1,6,4,46,2105.73,1.5,0
105946,Electronics,COD,2248.33,57.46,502,0,10,3,67,2869.32,3.3,0
105947,Books,Credit Card,3549.84,8.2,1313,1,3,2,34,6517.51,4.9,0
105948,Fashion,Credit Card,4101.97,5.4,2252,0,11,4,59,15521.85,1.1,1
105949,Books,Credit Card,723.01,55.06,2012,0,14,2,20,649.84,1.7,0
105950,Fashion,UPI,2266.3,6.27,565,2,10,3,51,6372.61,,0
105951,Home,Credit Card,1422.49,47.9,165,0,6,3,19,2223.35,1.3,0
105952,Home,COD,5870.22,26.59,1855,0,3,3,21,12927.99,,1
105953,Electronics,Wallet,441.5,57.52,1955,1,8,3,48,562.65,1.3,0
105954,Home,UPI,723.84,12.8,2324,0,7,3,63,1893.57,1.8,0
105955,Beauty,Debit Card,314.66,5.91,1099,1,4,4,54,1184.25,,0
105956,Home,UPI,1503.71,15.99,174,0,6,1,39,1263.27,4.3,1
105957,Electronics,COD,8193.3,65.25,2355,0,14,3,38,8541.52,2.5,0
105958,Books,UPI,1292.75,58.04,739,0,3,3,42,1627.31,1.2,0
105959,Fashion,COD,1452.19,20.01,975,1,4,4,32,4646.43,2.4,1
105960,Electronics,Credit Card,2080.14,14.43,1053,1,5,3,18,5339.93,1.3,0
105961,Electronics,COD,1220.44,10.98,2461,0,13,1,59,1086.44,1.8,0
105962,Home,UPI,1795.11,15.48,922,0,6,4,45,6068.91,2.9,0
105963,Fashion,COD,1833.11,14.35,1404,1,5,4,63,6280.23,,0
105964,Books,COD,680.99,62.17,1275,0,5,4,48,1030.47,4.6,0
105965,Fashion,COD,1242.35,1.4,2475,2,14,1,37,1224.96,3.8,0
105966,Grocery,UPI,2424.9,61.61,2382,1,5,1,21,930.92,4.4,0
105967,Fashion,COD,2815.4,2.9,1590,2,6,1,56,2733.75,3.1,1
105968,Beauty,Credit Card,3785.0,57.88,291,1,6,2,49,3188.48,4.8,1
105969,Grocery,COD,1751.71,29.8,885,0,13,1,63,1229.7,4.3,1
105970,Fashion,UPI,1780.46,5.4,1675,1,10,4,30,6737.26,3.6,1
105971,Electronics,COD,2440.96,55.93,2014,0,9,3,37,3227.19,1.9,0
105972,Home,UPI,832.29,17.95,1887,0,3,2,30,1365.79,4.0,0
105973,Footwear,COD,805.43,61.46,1232,0,2,2,26,620.83,,0
105974,Footwear,COD,1212.16,52.66,1686,0,2,2,64,1147.67,2.9,1
105975,Fashion,COD,482.99,68.72,792,0,5,1,37,151.08,,0
105976,Grocery,COD,1854.78,58.23,1600,0,12,2,18,1549.48,,0
105977,Fashion,Credit Card,3100.34,16.87,1211,3,11,3,21,7731.94,4.0,0
105978,Electronics,COD,758.97,28.65,1718,0,11,2,35,1083.05,4.8,1
105979,Books,UPI,1897.17,48.76,2183,1,10,2,19,1944.22,2.6,0
105980,Home,Credit Card,809.73,22.12,2055,1,8,4,64,2522.47,1.4,0
105981,Home,COD,593.92,38.26,1838,1,5,2,60,733.37,1.2,0
105982,Grocery,Credit Card,6935.78,16.64,1926,0,11,1,65,5781.67,4.3,0
105983,Fashion,COD,600.77,46.41,459,1,3,3,62,965.86,2.2,0
105984,Books,COD,481.33,23.95,486,0,1,1,20,366.05,4.3,0
105985,Fashion,COD,1590.45,3.86,2101,2,12,4,51,6116.23,,0
105986,Electronics,COD,1660.41,67.74,1366,0,7,1,62,535.65,1.2,0
105987,Fashion,COD,2284.23,59.07,1095,0,9,3,62,2804.81,,0
105988,Footwear,UPI,6640.76,21.26,1672,2,14,2,41,10457.87,2.3,1
105989,Home,Debit Card,719.31,9.07,234,1,10,2,66,1308.14,5.0,0
105990,Electronics,UPI,843.24,51.47,437,1,11,4,26,1636.9,2.0,0
105991,Books,COD,4851.51,15.45,393,2,7,4,53,16407.81,4.0,0
105992,Footwear,UPI,2839.26,42.38,1428,0,5,1,31,1635.98,,0
105993,Footwear,Credit Card,2540.37,54.54,193,0,5,4,65,4619.41,4.1,0
105994,Beauty,COD,835.56,19.07,140,0,13,2,64,1352.44,4.9,0
105995,Fashion,UPI,3296.81,19.92,1701,0,6,2,65,5280.17,1.7,0
105996,Beauty,COD,2546.68,4.31,1845,0,14,4,21,9747.67,,0
105997,Grocery,Credit Card,1558.73,22.39,666,1,1,1,32,1209.73,3.1,0
105998,Footwear,UPI,838.87,41.82,1736,1,5,2,38,976.11,4.5,0
105999,Grocery,Debit Card,1458.78,10.91,267,0,14,1,67,1299.63,4.0,0
